INSERT INTO ProcessoSocorro(numProcessoSocorro) VALUES (1);
INSERT INTO ProcessoSocorro(numProcessoSocorro) VALUES (2);
INSERT INTO ProcessoSocorro(numProcessoSocorro) VALUES (3);
INSERT INTO ProcessoSocorro(numProcessoSocorro) VALUES (4);
INSERT INTO ProcessoSocorro(numProcessoSocorro) VALUES (5);
INSERT INTO ProcessoSocorro(numProcessoSocorro) VALUES (6);
INSERT INTO ProcessoSocorro(numProcessoSocorro) VALUES (7);
INSERT INTO ProcessoSocorro(numProcessoSocorro) VALUES (8);
INSERT INTO ProcessoSocorro(numProcessoSocorro) VALUES (9);
INSERT INTO ProcessoSocorro(numProcessoSocorro) VALUES (10);
INSERT INTO ProcessoSocorro(numProcessoSocorro) VALUES (11);
INSERT INTO ProcessoSocorro(numProcessoSocorro) VALUES (12);
INSERT INTO ProcessoSocorro(numProcessoSocorro) VALUES (13);
INSERT INTO ProcessoSocorro(numProcessoSocorro) VALUES (14);
INSERT INTO ProcessoSocorro(numProcessoSocorro) VALUES (15);
INSERT INTO ProcessoSocorro(numProcessoSocorro) VALUES (16);
INSERT INTO ProcessoSocorro(numProcessoSocorro) VALUES (17);
INSERT INTO ProcessoSocorro(numProcessoSocorro) VALUES (18);
INSERT INTO ProcessoSocorro(numProcessoSocorro) VALUES (19);
INSERT INTO ProcessoSocorro(numProcessoSocorro) VALUES (20);
INSERT INTO ProcessoSocorro(numProcessoSocorro) VALUES (21);
INSERT INTO ProcessoSocorro(numProcessoSocorro) VALUES (22);
INSERT INTO ProcessoSocorro(numProcessoSocorro) VALUES (23);
INSERT INTO ProcessoSocorro(numProcessoSocorro) VALUES (24);
INSERT INTO ProcessoSocorro(numProcessoSocorro) VALUES (25);
INSERT INTO ProcessoSocorro(numProcessoSocorro) VALUES (26);
INSERT INTO ProcessoSocorro(numProcessoSocorro) VALUES (27);
INSERT INTO ProcessoSocorro(numProcessoSocorro) VALUES (28);
INSERT INTO ProcessoSocorro(numProcessoSocorro) VALUES (29);
INSERT INTO ProcessoSocorro(numProcessoSocorro) VALUES (30);
INSERT INTO ProcessoSocorro(numProcessoSocorro) VALUES (31);
INSERT INTO ProcessoSocorro(numProcessoSocorro) VALUES (32);
INSERT INTO ProcessoSocorro(numProcessoSocorro) VALUES (33);
INSERT INTO ProcessoSocorro(numProcessoSocorro) VALUES (34);
INSERT INTO ProcessoSocorro(numProcessoSocorro) VALUES (35);
INSERT INTO ProcessoSocorro(numProcessoSocorro) VALUES (36);
INSERT INTO ProcessoSocorro(numProcessoSocorro) VALUES (37);
INSERT INTO ProcessoSocorro(numProcessoSocorro) VALUES (38);
INSERT INTO ProcessoSocorro(numProcessoSocorro) VALUES (39);
INSERT INTO ProcessoSocorro(numProcessoSocorro) VALUES (40);
INSERT INTO ProcessoSocorro(numProcessoSocorro) VALUES (41);
INSERT INTO ProcessoSocorro(numProcessoSocorro) VALUES (42);
INSERT INTO ProcessoSocorro(numProcessoSocorro) VALUES (43);
INSERT INTO ProcessoSocorro(numProcessoSocorro) VALUES (44);
INSERT INTO ProcessoSocorro(numProcessoSocorro) VALUES (45);
INSERT INTO ProcessoSocorro(numProcessoSocorro) VALUES (46);
INSERT INTO ProcessoSocorro(numProcessoSocorro) VALUES (47);
INSERT INTO ProcessoSocorro(numProcessoSocorro) VALUES (48);
INSERT INTO ProcessoSocorro(numProcessoSocorro) VALUES (49);
INSERT INTO ProcessoSocorro(numProcessoSocorro) VALUES (50);
INSERT INTO ProcessoSocorro(numProcessoSocorro) VALUES (51);
INSERT INTO ProcessoSocorro(numProcessoSocorro) VALUES (52);
INSERT INTO ProcessoSocorro(numProcessoSocorro) VALUES (53);
INSERT INTO ProcessoSocorro(numProcessoSocorro) VALUES (54);
INSERT INTO ProcessoSocorro(numProcessoSocorro) VALUES (55);
INSERT INTO ProcessoSocorro(numProcessoSocorro) VALUES (56);
INSERT INTO ProcessoSocorro(numProcessoSocorro) VALUES (57);
INSERT INTO ProcessoSocorro(numProcessoSocorro) VALUES (58);
INSERT INTO ProcessoSocorro(numProcessoSocorro) VALUES (59);
INSERT INTO ProcessoSocorro(numProcessoSocorro) VALUES (60);
INSERT INTO ProcessoSocorro(numProcessoSocorro) VALUES (61);
INSERT INTO ProcessoSocorro(numProcessoSocorro) VALUES (62);
INSERT INTO ProcessoSocorro(numProcessoSocorro) VALUES (63);
INSERT INTO ProcessoSocorro(numProcessoSocorro) VALUES (64);
INSERT INTO ProcessoSocorro(numProcessoSocorro) VALUES (65);
INSERT INTO ProcessoSocorro(numProcessoSocorro) VALUES (66);
INSERT INTO ProcessoSocorro(numProcessoSocorro) VALUES (67);
INSERT INTO ProcessoSocorro(numProcessoSocorro) VALUES (68);
INSERT INTO ProcessoSocorro(numProcessoSocorro) VALUES (69);
INSERT INTO ProcessoSocorro(numProcessoSocorro) VALUES (70);
INSERT INTO ProcessoSocorro(numProcessoSocorro) VALUES (71);
INSERT INTO ProcessoSocorro(numProcessoSocorro) VALUES (72);
INSERT INTO ProcessoSocorro(numProcessoSocorro) VALUES (73);
INSERT INTO ProcessoSocorro(numProcessoSocorro) VALUES (74);
INSERT INTO ProcessoSocorro(numProcessoSocorro) VALUES (75);
INSERT INTO ProcessoSocorro(numProcessoSocorro) VALUES (76);
INSERT INTO ProcessoSocorro(numProcessoSocorro) VALUES (77);
INSERT INTO ProcessoSocorro(numProcessoSocorro) VALUES (78);
INSERT INTO ProcessoSocorro(numProcessoSocorro) VALUES (79);
INSERT INTO ProcessoSocorro(numProcessoSocorro) VALUES (80);
INSERT INTO ProcessoSocorro(numProcessoSocorro) VALUES (81);
INSERT INTO ProcessoSocorro(numProcessoSocorro) VALUES (82);
INSERT INTO ProcessoSocorro(numProcessoSocorro) VALUES (83);
INSERT INTO ProcessoSocorro(numProcessoSocorro) VALUES (84);
INSERT INTO ProcessoSocorro(numProcessoSocorro) VALUES (85);
INSERT INTO ProcessoSocorro(numProcessoSocorro) VALUES (86);
INSERT INTO ProcessoSocorro(numProcessoSocorro) VALUES (87);
INSERT INTO ProcessoSocorro(numProcessoSocorro) VALUES (88);
INSERT INTO ProcessoSocorro(numProcessoSocorro) VALUES (89);
INSERT INTO ProcessoSocorro(numProcessoSocorro) VALUES (90);
INSERT INTO ProcessoSocorro(numProcessoSocorro) VALUES (91);
INSERT INTO ProcessoSocorro(numProcessoSocorro) VALUES (92);
INSERT INTO ProcessoSocorro(numProcessoSocorro) VALUES (93);
INSERT INTO ProcessoSocorro(numProcessoSocorro) VALUES (94);
INSERT INTO ProcessoSocorro(numProcessoSocorro) VALUES (95);
INSERT INTO ProcessoSocorro(numProcessoSocorro) VALUES (96);
INSERT INTO ProcessoSocorro(numProcessoSocorro) VALUES (97);
INSERT INTO ProcessoSocorro(numProcessoSocorro) VALUES (98);
INSERT INTO ProcessoSocorro(numProcessoSocorro) VALUES (99);
INSERT INTO ProcessoSocorro(numProcessoSocorro) VALUES (100);

INSERT INTO Local(moradaLocal) VALUES ('Local1');
INSERT INTO Local(moradaLocal) VALUES ('Local2');
INSERT INTO Local(moradaLocal) VALUES ('Local3');
INSERT INTO Local(moradaLocal) VALUES ('Local4');
INSERT INTO Local(moradaLocal) VALUES ('Local5');
INSERT INTO Local(moradaLocal) VALUES ('Local6');
INSERT INTO Local(moradaLocal) VALUES ('Local7');
INSERT INTO Local(moradaLocal) VALUES ('Local8');
INSERT INTO Local(moradaLocal) VALUES ('Local9');
INSERT INTO Local(moradaLocal) VALUES ('Local10');
INSERT INTO Local(moradaLocal) VALUES ('Local11');
INSERT INTO Local(moradaLocal) VALUES ('Local12');
INSERT INTO Local(moradaLocal) VALUES ('Local13');
INSERT INTO Local(moradaLocal) VALUES ('Local14');
INSERT INTO Local(moradaLocal) VALUES ('Local15');
INSERT INTO Local(moradaLocal) VALUES ('Local16');
INSERT INTO Local(moradaLocal) VALUES ('Local17');
INSERT INTO Local(moradaLocal) VALUES ('Local18');
INSERT INTO Local(moradaLocal) VALUES ('Local19');
INSERT INTO Local(moradaLocal) VALUES ('Local20');
INSERT INTO Local(moradaLocal) VALUES ('Local21');
INSERT INTO Local(moradaLocal) VALUES ('Local22');
INSERT INTO Local(moradaLocal) VALUES ('Local23');
INSERT INTO Local(moradaLocal) VALUES ('Local24');
INSERT INTO Local(moradaLocal) VALUES ('Local25');
INSERT INTO Local(moradaLocal) VALUES ('Local26');
INSERT INTO Local(moradaLocal) VALUES ('Local27');
INSERT INTO Local(moradaLocal) VALUES ('Local28');
INSERT INTO Local(moradaLocal) VALUES ('Local29');
INSERT INTO Local(moradaLocal) VALUES ('Local30');
INSERT INTO Local(moradaLocal) VALUES ('Local31');
INSERT INTO Local(moradaLocal) VALUES ('Local32');
INSERT INTO Local(moradaLocal) VALUES ('Local33');
INSERT INTO Local(moradaLocal) VALUES ('Local34');
INSERT INTO Local(moradaLocal) VALUES ('Local35');
INSERT INTO Local(moradaLocal) VALUES ('Local36');
INSERT INTO Local(moradaLocal) VALUES ('Local37');
INSERT INTO Local(moradaLocal) VALUES ('Local38');
INSERT INTO Local(moradaLocal) VALUES ('Local39');
INSERT INTO Local(moradaLocal) VALUES ('Local40');
INSERT INTO Local(moradaLocal) VALUES ('Local41');
INSERT INTO Local(moradaLocal) VALUES ('Local42');
INSERT INTO Local(moradaLocal) VALUES ('Local43');
INSERT INTO Local(moradaLocal) VALUES ('Local44');
INSERT INTO Local(moradaLocal) VALUES ('Local45');
INSERT INTO Local(moradaLocal) VALUES ('Local46');
INSERT INTO Local(moradaLocal) VALUES ('Local47');
INSERT INTO Local(moradaLocal) VALUES ('Local48');
INSERT INTO Local(moradaLocal) VALUES ('Local49');
INSERT INTO Local(moradaLocal) VALUES ('Local50');
INSERT INTO Local(moradaLocal) VALUES ('Local51');
INSERT INTO Local(moradaLocal) VALUES ('Local52');
INSERT INTO Local(moradaLocal) VALUES ('Local53');
INSERT INTO Local(moradaLocal) VALUES ('Local54');
INSERT INTO Local(moradaLocal) VALUES ('Local55');
INSERT INTO Local(moradaLocal) VALUES ('Local56');
INSERT INTO Local(moradaLocal) VALUES ('Local57');
INSERT INTO Local(moradaLocal) VALUES ('Local58');
INSERT INTO Local(moradaLocal) VALUES ('Local59');
INSERT INTO Local(moradaLocal) VALUES ('Local60');
INSERT INTO Local(moradaLocal) VALUES ('Local61');
INSERT INTO Local(moradaLocal) VALUES ('Local62');
INSERT INTO Local(moradaLocal) VALUES ('Local63');
INSERT INTO Local(moradaLocal) VALUES ('Local64');
INSERT INTO Local(moradaLocal) VALUES ('Local65');
INSERT INTO Local(moradaLocal) VALUES ('Local66');
INSERT INTO Local(moradaLocal) VALUES ('Local67');
INSERT INTO Local(moradaLocal) VALUES ('Local68');
INSERT INTO Local(moradaLocal) VALUES ('Local69');
INSERT INTO Local(moradaLocal) VALUES ('Local70');
INSERT INTO Local(moradaLocal) VALUES ('Local71');
INSERT INTO Local(moradaLocal) VALUES ('Local72');
INSERT INTO Local(moradaLocal) VALUES ('Local73');
INSERT INTO Local(moradaLocal) VALUES ('Local74');
INSERT INTO Local(moradaLocal) VALUES ('Local75');
INSERT INTO Local(moradaLocal) VALUES ('Local76');
INSERT INTO Local(moradaLocal) VALUES ('Local77');
INSERT INTO Local(moradaLocal) VALUES ('Local78');
INSERT INTO Local(moradaLocal) VALUES ('Local79');
INSERT INTO Local(moradaLocal) VALUES ('Local80');
INSERT INTO Local(moradaLocal) VALUES ('Local81');
INSERT INTO Local(moradaLocal) VALUES ('Local82');
INSERT INTO Local(moradaLocal) VALUES ('Local83');
INSERT INTO Local(moradaLocal) VALUES ('Local84');
INSERT INTO Local(moradaLocal) VALUES ('Local85');
INSERT INTO Local(moradaLocal) VALUES ('Local86');
INSERT INTO Local(moradaLocal) VALUES ('Local87');
INSERT INTO Local(moradaLocal) VALUES ('Local88');
INSERT INTO Local(moradaLocal) VALUES ('Local89');
INSERT INTO Local(moradaLocal) VALUES ('Local90');
INSERT INTO Local(moradaLocal) VALUES ('Local91');
INSERT INTO Local(moradaLocal) VALUES ('Local92');
INSERT INTO Local(moradaLocal) VALUES ('Local93');
INSERT INTO Local(moradaLocal) VALUES ('Local94');
INSERT INTO Local(moradaLocal) VALUES ('Local95');
INSERT INTO Local(moradaLocal) VALUES ('Local96');
INSERT INTO Local(moradaLocal) VALUES ('Local97');
INSERT INTO Local(moradaLocal) VALUES ('Local98');
INSERT INTO Local(moradaLocal) VALUES ('Local99');
INSERT INTO Local(moradaLocal) VALUES ('Local100');

INSERT INTO EventoEmergencia(numTelefone, instanteChamada, nomePessoa, moradaLocal, numProcessoSocorro) VALUES (900000001, '2015-03-28 20:20:20', 'Pessoa1', 'Local1', 1);
INSERT INTO EventoEmergencia(numTelefone, instanteChamada, nomePessoa, moradaLocal, numProcessoSocorro) VALUES (900000002, '2015-03-28 20:20:20', 'Pessoa2', 'Local2', 2);
INSERT INTO EventoEmergencia(numTelefone, instanteChamada, nomePessoa, moradaLocal, numProcessoSocorro) VALUES (900000003, '2015-03-28 20:20:20', 'Pessoa3', 'Local3', 3);
INSERT INTO EventoEmergencia(numTelefone, instanteChamada, nomePessoa, moradaLocal, numProcessoSocorro) VALUES (900000004, '2015-03-28 20:20:20', 'Pessoa4', 'Local4', 4);
INSERT INTO EventoEmergencia(numTelefone, instanteChamada, nomePessoa, moradaLocal, numProcessoSocorro) VALUES (900000005, '2015-03-28 20:20:20', 'Pessoa5', 'Local5', 5);
INSERT INTO EventoEmergencia(numTelefone, instanteChamada, nomePessoa, moradaLocal, numProcessoSocorro) VALUES (900000006, '2015-03-28 20:20:20', 'Pessoa6', 'Local6', 6);
INSERT INTO EventoEmergencia(numTelefone, instanteChamada, nomePessoa, moradaLocal, numProcessoSocorro) VALUES (900000007, '2015-03-28 20:20:20', 'Pessoa7', 'Local7', 7);
INSERT INTO EventoEmergencia(numTelefone, instanteChamada, nomePessoa, moradaLocal, numProcessoSocorro) VALUES (900000008, '2015-03-28 20:20:20', 'Pessoa8', 'Local8', 8);
INSERT INTO EventoEmergencia(numTelefone, instanteChamada, nomePessoa, moradaLocal, numProcessoSocorro) VALUES (900000009, '2015-03-28 20:20:20', 'Pessoa9', 'Local9', 9);
INSERT INTO EventoEmergencia(numTelefone, instanteChamada, nomePessoa, moradaLocal, numProcessoSocorro) VALUES (900000010, '2015-03-28 20:20:20', 'Pessoa10', 'Local10', 10);
INSERT INTO EventoEmergencia(numTelefone, instanteChamada, nomePessoa, moradaLocal, numProcessoSocorro) VALUES (900000011, '2015-03-28 20:20:20', 'Pessoa11', 'Local11', 11);
INSERT INTO EventoEmergencia(numTelefone, instanteChamada, nomePessoa, moradaLocal, numProcessoSocorro) VALUES (900000012, '2015-03-28 20:20:20', 'Pessoa12', 'Local12', 12);
INSERT INTO EventoEmergencia(numTelefone, instanteChamada, nomePessoa, moradaLocal, numProcessoSocorro) VALUES (900000013, '2015-03-28 20:20:20', 'Pessoa13', 'Local13', 13);
INSERT INTO EventoEmergencia(numTelefone, instanteChamada, nomePessoa, moradaLocal, numProcessoSocorro) VALUES (900000014, '2015-03-28 20:20:20', 'Pessoa14', 'Local14', 14);
INSERT INTO EventoEmergencia(numTelefone, instanteChamada, nomePessoa, moradaLocal, numProcessoSocorro) VALUES (900000015, '2015-03-28 20:20:20', 'Pessoa15', 'Local15', 15);
INSERT INTO EventoEmergencia(numTelefone, instanteChamada, nomePessoa, moradaLocal, numProcessoSocorro) VALUES (900000016, '2015-03-28 20:20:20', 'Pessoa16', 'Local16', 16);
INSERT INTO EventoEmergencia(numTelefone, instanteChamada, nomePessoa, moradaLocal, numProcessoSocorro) VALUES (900000017, '2015-03-28 20:20:20', 'Pessoa17', 'Local17', 17);
INSERT INTO EventoEmergencia(numTelefone, instanteChamada, nomePessoa, moradaLocal, numProcessoSocorro) VALUES (900000018, '2015-03-28 20:20:20', 'Pessoa18', 'Local18', 18);
INSERT INTO EventoEmergencia(numTelefone, instanteChamada, nomePessoa, moradaLocal, numProcessoSocorro) VALUES (900000019, '2015-03-28 20:20:20', 'Pessoa19', 'Local19', 19);
INSERT INTO EventoEmergencia(numTelefone, instanteChamada, nomePessoa, moradaLocal, numProcessoSocorro) VALUES (900000020, '2015-03-28 20:20:20', 'Pessoa20', 'Local20', 20);
INSERT INTO EventoEmergencia(numTelefone, instanteChamada, nomePessoa, moradaLocal, numProcessoSocorro) VALUES (900000021, '2015-03-28 20:20:20', 'Pessoa21', 'Local21', 21);
INSERT INTO EventoEmergencia(numTelefone, instanteChamada, nomePessoa, moradaLocal, numProcessoSocorro) VALUES (900000022, '2015-03-28 20:20:20', 'Pessoa22', 'Local22', 22);
INSERT INTO EventoEmergencia(numTelefone, instanteChamada, nomePessoa, moradaLocal, numProcessoSocorro) VALUES (900000023, '2015-03-28 20:20:20', 'Pessoa23', 'Local23', 23);
INSERT INTO EventoEmergencia(numTelefone, instanteChamada, nomePessoa, moradaLocal, numProcessoSocorro) VALUES (900000024, '2015-03-28 20:20:20', 'Pessoa24', 'Local24', 24);
INSERT INTO EventoEmergencia(numTelefone, instanteChamada, nomePessoa, moradaLocal, numProcessoSocorro) VALUES (900000025, '2015-03-28 20:20:20', 'Pessoa25', 'Local25', 25);
INSERT INTO EventoEmergencia(numTelefone, instanteChamada, nomePessoa, moradaLocal, numProcessoSocorro) VALUES (900000026, '2015-03-28 20:20:20', 'Pessoa26', 'Local26', 26);
INSERT INTO EventoEmergencia(numTelefone, instanteChamada, nomePessoa, moradaLocal, numProcessoSocorro) VALUES (900000027, '2015-03-28 20:20:20', 'Pessoa27', 'Local27', 27);
INSERT INTO EventoEmergencia(numTelefone, instanteChamada, nomePessoa, moradaLocal, numProcessoSocorro) VALUES (900000028, '2015-03-28 20:20:20', 'Pessoa28', 'Local28', 28);
INSERT INTO EventoEmergencia(numTelefone, instanteChamada, nomePessoa, moradaLocal, numProcessoSocorro) VALUES (900000029, '2015-03-28 20:20:20', 'Pessoa29', 'Local29', 29);
INSERT INTO EventoEmergencia(numTelefone, instanteChamada, nomePessoa, moradaLocal, numProcessoSocorro) VALUES (900000030, '2015-03-28 20:20:20', 'Pessoa30', 'Local30', 30);
INSERT INTO EventoEmergencia(numTelefone, instanteChamada, nomePessoa, moradaLocal, numProcessoSocorro) VALUES (900000031, '2015-03-28 20:20:20', 'Pessoa31', 'Local31', 31);
INSERT INTO EventoEmergencia(numTelefone, instanteChamada, nomePessoa, moradaLocal, numProcessoSocorro) VALUES (900000032, '2015-03-28 20:20:20', 'Pessoa32', 'Local32', 32);
INSERT INTO EventoEmergencia(numTelefone, instanteChamada, nomePessoa, moradaLocal, numProcessoSocorro) VALUES (900000033, '2015-03-28 20:20:20', 'Pessoa33', 'Local33', 33);
INSERT INTO EventoEmergencia(numTelefone, instanteChamada, nomePessoa, moradaLocal, numProcessoSocorro) VALUES (900000034, '2015-03-28 20:20:20', 'Pessoa34', 'Local34', 34);
INSERT INTO EventoEmergencia(numTelefone, instanteChamada, nomePessoa, moradaLocal, numProcessoSocorro) VALUES (900000035, '2015-03-28 20:20:20', 'Pessoa35', 'Local35', 35);
INSERT INTO EventoEmergencia(numTelefone, instanteChamada, nomePessoa, moradaLocal, numProcessoSocorro) VALUES (900000036, '2015-03-28 20:20:20', 'Pessoa36', 'Local36', 36);
INSERT INTO EventoEmergencia(numTelefone, instanteChamada, nomePessoa, moradaLocal, numProcessoSocorro) VALUES (900000037, '2015-03-28 20:20:20', 'Pessoa37', 'Local37', 37);
INSERT INTO EventoEmergencia(numTelefone, instanteChamada, nomePessoa, moradaLocal, numProcessoSocorro) VALUES (900000038, '2015-03-28 20:20:20', 'Pessoa38', 'Local38', 38);
INSERT INTO EventoEmergencia(numTelefone, instanteChamada, nomePessoa, moradaLocal, numProcessoSocorro) VALUES (900000039, '2015-03-28 20:20:20', 'Pessoa39', 'Local39', 39);
INSERT INTO EventoEmergencia(numTelefone, instanteChamada, nomePessoa, moradaLocal, numProcessoSocorro) VALUES (900000040, '2015-03-28 20:20:20', 'Pessoa40', 'Local40', 40);
INSERT INTO EventoEmergencia(numTelefone, instanteChamada, nomePessoa, moradaLocal, numProcessoSocorro) VALUES (900000041, '2015-03-28 20:20:20', 'Pessoa41', 'Local41', 41);
INSERT INTO EventoEmergencia(numTelefone, instanteChamada, nomePessoa, moradaLocal, numProcessoSocorro) VALUES (900000042, '2015-03-28 20:20:20', 'Pessoa42', 'Local42', 42);
INSERT INTO EventoEmergencia(numTelefone, instanteChamada, nomePessoa, moradaLocal, numProcessoSocorro) VALUES (900000043, '2015-03-28 20:20:20', 'Pessoa43', 'Local43', 43);
INSERT INTO EventoEmergencia(numTelefone, instanteChamada, nomePessoa, moradaLocal, numProcessoSocorro) VALUES (900000044, '2015-03-28 20:20:20', 'Pessoa44', 'Local44', 44);
INSERT INTO EventoEmergencia(numTelefone, instanteChamada, nomePessoa, moradaLocal, numProcessoSocorro) VALUES (900000045, '2015-03-28 20:20:20', 'Pessoa45', 'Local45', 45);
INSERT INTO EventoEmergencia(numTelefone, instanteChamada, nomePessoa, moradaLocal, numProcessoSocorro) VALUES (900000046, '2015-03-28 20:20:20', 'Pessoa46', 'Local46', 46);
INSERT INTO EventoEmergencia(numTelefone, instanteChamada, nomePessoa, moradaLocal, numProcessoSocorro) VALUES (900000047, '2015-03-28 20:20:20', 'Pessoa47', 'Local47', 47);
INSERT INTO EventoEmergencia(numTelefone, instanteChamada, nomePessoa, moradaLocal, numProcessoSocorro) VALUES (900000048, '2015-03-28 20:20:20', 'Pessoa48', 'Local48', 48);
INSERT INTO EventoEmergencia(numTelefone, instanteChamada, nomePessoa, moradaLocal, numProcessoSocorro) VALUES (900000049, '2015-03-28 20:20:20', 'Pessoa49', 'Local49', 49);
INSERT INTO EventoEmergencia(numTelefone, instanteChamada, nomePessoa, moradaLocal, numProcessoSocorro) VALUES (900000050, '2015-03-28 20:20:20', 'Pessoa50', 'Local50', 50);
INSERT INTO EventoEmergencia(numTelefone, instanteChamada, nomePessoa, moradaLocal, numProcessoSocorro) VALUES (900000051, '2015-03-28 20:20:20', 'Pessoa51', 'Local51', 51);
INSERT INTO EventoEmergencia(numTelefone, instanteChamada, nomePessoa, moradaLocal, numProcessoSocorro) VALUES (900000052, '2015-03-28 20:20:20', 'Pessoa52', 'Local52', 52);
INSERT INTO EventoEmergencia(numTelefone, instanteChamada, nomePessoa, moradaLocal, numProcessoSocorro) VALUES (900000053, '2015-03-28 20:20:20', 'Pessoa53', 'Local53', 53);
INSERT INTO EventoEmergencia(numTelefone, instanteChamada, nomePessoa, moradaLocal, numProcessoSocorro) VALUES (900000054, '2015-03-28 20:20:20', 'Pessoa54', 'Local54', 54);
INSERT INTO EventoEmergencia(numTelefone, instanteChamada, nomePessoa, moradaLocal, numProcessoSocorro) VALUES (900000055, '2015-03-28 20:20:20', 'Pessoa55', 'Local55', 55);
INSERT INTO EventoEmergencia(numTelefone, instanteChamada, nomePessoa, moradaLocal, numProcessoSocorro) VALUES (900000056, '2015-03-28 20:20:20', 'Pessoa56', 'Local56', 56);
INSERT INTO EventoEmergencia(numTelefone, instanteChamada, nomePessoa, moradaLocal, numProcessoSocorro) VALUES (900000057, '2015-03-28 20:20:20', 'Pessoa57', 'Local57', 57);
INSERT INTO EventoEmergencia(numTelefone, instanteChamada, nomePessoa, moradaLocal, numProcessoSocorro) VALUES (900000058, '2015-03-28 20:20:20', 'Pessoa58', 'Local58', 58);
INSERT INTO EventoEmergencia(numTelefone, instanteChamada, nomePessoa, moradaLocal, numProcessoSocorro) VALUES (900000059, '2015-03-28 20:20:20', 'Pessoa59', 'Local59', 59);
INSERT INTO EventoEmergencia(numTelefone, instanteChamada, nomePessoa, moradaLocal, numProcessoSocorro) VALUES (900000060, '2015-03-28 20:20:20', 'Pessoa60', 'Local60', 60);
INSERT INTO EventoEmergencia(numTelefone, instanteChamada, nomePessoa, moradaLocal, numProcessoSocorro) VALUES (900000061, '2015-03-28 20:20:20', 'Pessoa61', 'Local61', 61);
INSERT INTO EventoEmergencia(numTelefone, instanteChamada, nomePessoa, moradaLocal, numProcessoSocorro) VALUES (900000062, '2015-03-28 20:20:20', 'Pessoa62', 'Local62', 62);
INSERT INTO EventoEmergencia(numTelefone, instanteChamada, nomePessoa, moradaLocal, numProcessoSocorro) VALUES (900000063, '2015-03-28 20:20:20', 'Pessoa63', 'Local63', 63);
INSERT INTO EventoEmergencia(numTelefone, instanteChamada, nomePessoa, moradaLocal, numProcessoSocorro) VALUES (900000064, '2015-03-28 20:20:20', 'Pessoa64', 'Local64', 64);
INSERT INTO EventoEmergencia(numTelefone, instanteChamada, nomePessoa, moradaLocal, numProcessoSocorro) VALUES (900000065, '2015-03-28 20:20:20', 'Pessoa65', 'Local65', 65);
INSERT INTO EventoEmergencia(numTelefone, instanteChamada, nomePessoa, moradaLocal, numProcessoSocorro) VALUES (900000066, '2015-03-28 20:20:20', 'Pessoa66', 'Local66', 66);
INSERT INTO EventoEmergencia(numTelefone, instanteChamada, nomePessoa, moradaLocal, numProcessoSocorro) VALUES (900000067, '2015-03-28 20:20:20', 'Pessoa67', 'Local67', 67);
INSERT INTO EventoEmergencia(numTelefone, instanteChamada, nomePessoa, moradaLocal, numProcessoSocorro) VALUES (900000068, '2015-03-28 20:20:20', 'Pessoa68', 'Local68', 68);
INSERT INTO EventoEmergencia(numTelefone, instanteChamada, nomePessoa, moradaLocal, numProcessoSocorro) VALUES (900000069, '2015-03-28 20:20:20', 'Pessoa69', 'Local69', 69);
INSERT INTO EventoEmergencia(numTelefone, instanteChamada, nomePessoa, moradaLocal, numProcessoSocorro) VALUES (900000070, '2015-03-28 20:20:20', 'Pessoa70', 'Local70', 70);
INSERT INTO EventoEmergencia(numTelefone, instanteChamada, nomePessoa, moradaLocal, numProcessoSocorro) VALUES (900000071, '2015-03-28 20:20:20', 'Pessoa71', 'Local71', 71);
INSERT INTO EventoEmergencia(numTelefone, instanteChamada, nomePessoa, moradaLocal, numProcessoSocorro) VALUES (900000072, '2015-03-28 20:20:20', 'Pessoa72', 'Local72', 72);
INSERT INTO EventoEmergencia(numTelefone, instanteChamada, nomePessoa, moradaLocal, numProcessoSocorro) VALUES (900000073, '2015-03-28 20:20:20', 'Pessoa73', 'Local73', 73);
INSERT INTO EventoEmergencia(numTelefone, instanteChamada, nomePessoa, moradaLocal, numProcessoSocorro) VALUES (900000074, '2015-03-28 20:20:20', 'Pessoa74', 'Local74', 74);
INSERT INTO EventoEmergencia(numTelefone, instanteChamada, nomePessoa, moradaLocal, numProcessoSocorro) VALUES (900000075, '2015-03-28 20:20:20', 'Pessoa75', 'Local75', 75);
INSERT INTO EventoEmergencia(numTelefone, instanteChamada, nomePessoa, moradaLocal, numProcessoSocorro) VALUES (900000076, '2015-03-28 20:20:20', 'Pessoa76', 'Local76', 76);
INSERT INTO EventoEmergencia(numTelefone, instanteChamada, nomePessoa, moradaLocal, numProcessoSocorro) VALUES (900000077, '2015-03-28 20:20:20', 'Pessoa77', 'Local77', 77);
INSERT INTO EventoEmergencia(numTelefone, instanteChamada, nomePessoa, moradaLocal, numProcessoSocorro) VALUES (900000078, '2015-03-28 20:20:20', 'Pessoa78', 'Local78', 78);
INSERT INTO EventoEmergencia(numTelefone, instanteChamada, nomePessoa, moradaLocal, numProcessoSocorro) VALUES (900000079, '2015-03-28 20:20:20', 'Pessoa79', 'Local79', 79);
INSERT INTO EventoEmergencia(numTelefone, instanteChamada, nomePessoa, moradaLocal, numProcessoSocorro) VALUES (900000080, '2015-03-28 20:20:20', 'Pessoa80', 'Local80', 80);
INSERT INTO EventoEmergencia(numTelefone, instanteChamada, nomePessoa, moradaLocal, numProcessoSocorro) VALUES (900000081, '2015-03-28 20:20:20', 'Pessoa81', 'Local81', 81);
INSERT INTO EventoEmergencia(numTelefone, instanteChamada, nomePessoa, moradaLocal, numProcessoSocorro) VALUES (900000082, '2015-03-28 20:20:20', 'Pessoa82', 'Local82', 82);
INSERT INTO EventoEmergencia(numTelefone, instanteChamada, nomePessoa, moradaLocal, numProcessoSocorro) VALUES (900000083, '2015-03-28 20:20:20', 'Pessoa83', 'Local83', 83);
INSERT INTO EventoEmergencia(numTelefone, instanteChamada, nomePessoa, moradaLocal, numProcessoSocorro) VALUES (900000084, '2015-03-28 20:20:20', 'Pessoa84', 'Local84', 84);
INSERT INTO EventoEmergencia(numTelefone, instanteChamada, nomePessoa, moradaLocal, numProcessoSocorro) VALUES (900000085, '2015-03-28 20:20:20', 'Pessoa85', 'Local85', 85);
INSERT INTO EventoEmergencia(numTelefone, instanteChamada, nomePessoa, moradaLocal, numProcessoSocorro) VALUES (900000086, '2015-03-28 20:20:20', 'Pessoa86', 'Local86', 86);
INSERT INTO EventoEmergencia(numTelefone, instanteChamada, nomePessoa, moradaLocal, numProcessoSocorro) VALUES (900000087, '2015-03-28 20:20:20', 'Pessoa87', 'Local87', 87);
INSERT INTO EventoEmergencia(numTelefone, instanteChamada, nomePessoa, moradaLocal, numProcessoSocorro) VALUES (900000088, '2015-03-28 20:20:20', 'Pessoa88', 'Local88', 88);
INSERT INTO EventoEmergencia(numTelefone, instanteChamada, nomePessoa, moradaLocal, numProcessoSocorro) VALUES (900000089, '2015-03-28 20:20:20', 'Pessoa89', 'Local89', 89);
INSERT INTO EventoEmergencia(numTelefone, instanteChamada, nomePessoa, moradaLocal, numProcessoSocorro) VALUES (900000090, '2015-03-28 20:20:20', 'Pessoa90', 'Local90', 90);
INSERT INTO EventoEmergencia(numTelefone, instanteChamada, nomePessoa, moradaLocal, numProcessoSocorro) VALUES (900000091, '2015-03-28 20:20:20', 'Pessoa91', 'Local91', 91);
INSERT INTO EventoEmergencia(numTelefone, instanteChamada, nomePessoa, moradaLocal, numProcessoSocorro) VALUES (900000092, '2015-03-28 20:20:20', 'Pessoa92', 'Local92', 92);
INSERT INTO EventoEmergencia(numTelefone, instanteChamada, nomePessoa, moradaLocal, numProcessoSocorro) VALUES (900000093, '2015-03-28 20:20:20', 'Pessoa93', 'Local93', 93);
INSERT INTO EventoEmergencia(numTelefone, instanteChamada, nomePessoa, moradaLocal, numProcessoSocorro) VALUES (900000094, '2015-03-28 20:20:20', 'Pessoa94', 'Local94', 94);
INSERT INTO EventoEmergencia(numTelefone, instanteChamada, nomePessoa, moradaLocal, numProcessoSocorro) VALUES (900000095, '2015-03-28 20:20:20', 'Pessoa95', 'Local95', 95);
INSERT INTO EventoEmergencia(numTelefone, instanteChamada, nomePessoa, moradaLocal, numProcessoSocorro) VALUES (900000096, '2015-03-28 20:20:20', 'Pessoa96', 'Local96', 96);
INSERT INTO EventoEmergencia(numTelefone, instanteChamada, nomePessoa, moradaLocal, numProcessoSocorro) VALUES (900000097, '2015-03-28 20:20:20', 'Pessoa97', 'Local97', 97);
INSERT INTO EventoEmergencia(numTelefone, instanteChamada, nomePessoa, moradaLocal, numProcessoSocorro) VALUES (900000098, '2015-03-28 20:20:20', 'Pessoa98', 'Local98', 98);
INSERT INTO EventoEmergencia(numTelefone, instanteChamada, nomePessoa, moradaLocal, numProcessoSocorro) VALUES (900000099, '2015-03-28 20:20:20', 'Pessoa99', 'Local99', 99);
INSERT INTO EventoEmergencia(numTelefone, instanteChamada, nomePessoa, moradaLocal, numProcessoSocorro) VALUES (900000100, '2015-03-28 20:20:20', 'Pessoa100', 'Local100', 100);

INSERT INTO EntidadeMeio(nomeEntidade) VALUES ('Entidade1');
INSERT INTO EntidadeMeio(nomeEntidade) VALUES ('Entidade2');
INSERT INTO EntidadeMeio(nomeEntidade) VALUES ('Entidade3');
INSERT INTO EntidadeMeio(nomeEntidade) VALUES ('Entidade4');
INSERT INTO EntidadeMeio(nomeEntidade) VALUES ('Entidade5');
INSERT INTO EntidadeMeio(nomeEntidade) VALUES ('Entidade6');
INSERT INTO EntidadeMeio(nomeEntidade) VALUES ('Entidade7');
INSERT INTO EntidadeMeio(nomeEntidade) VALUES ('Entidade8');
INSERT INTO EntidadeMeio(nomeEntidade) VALUES ('Entidade9');
INSERT INTO EntidadeMeio(nomeEntidade) VALUES ('Entidade10');
INSERT INTO EntidadeMeio(nomeEntidade) VALUES ('Entidade11');
INSERT INTO EntidadeMeio(nomeEntidade) VALUES ('Entidade12');
INSERT INTO EntidadeMeio(nomeEntidade) VALUES ('Entidade13');
INSERT INTO EntidadeMeio(nomeEntidade) VALUES ('Entidade14');
INSERT INTO EntidadeMeio(nomeEntidade) VALUES ('Entidade15');
INSERT INTO EntidadeMeio(nomeEntidade) VALUES ('Entidade16');
INSERT INTO EntidadeMeio(nomeEntidade) VALUES ('Entidade17');
INSERT INTO EntidadeMeio(nomeEntidade) VALUES ('Entidade18');
INSERT INTO EntidadeMeio(nomeEntidade) VALUES ('Entidade19');
INSERT INTO EntidadeMeio(nomeEntidade) VALUES ('Entidade20');
INSERT INTO EntidadeMeio(nomeEntidade) VALUES ('Entidade21');
INSERT INTO EntidadeMeio(nomeEntidade) VALUES ('Entidade22');
INSERT INTO EntidadeMeio(nomeEntidade) VALUES ('Entidade23');
INSERT INTO EntidadeMeio(nomeEntidade) VALUES ('Entidade24');
INSERT INTO EntidadeMeio(nomeEntidade) VALUES ('Entidade25');
INSERT INTO EntidadeMeio(nomeEntidade) VALUES ('Entidade26');
INSERT INTO EntidadeMeio(nomeEntidade) VALUES ('Entidade27');
INSERT INTO EntidadeMeio(nomeEntidade) VALUES ('Entidade28');
INSERT INTO EntidadeMeio(nomeEntidade) VALUES ('Entidade29');
INSERT INTO EntidadeMeio(nomeEntidade) VALUES ('Entidade30');
INSERT INTO EntidadeMeio(nomeEntidade) VALUES ('Entidade31');
INSERT INTO EntidadeMeio(nomeEntidade) VALUES ('Entidade32');
INSERT INTO EntidadeMeio(nomeEntidade) VALUES ('Entidade33');
INSERT INTO EntidadeMeio(nomeEntidade) VALUES ('Entidade34');
INSERT INTO EntidadeMeio(nomeEntidade) VALUES ('Entidade35');
INSERT INTO EntidadeMeio(nomeEntidade) VALUES ('Entidade36');
INSERT INTO EntidadeMeio(nomeEntidade) VALUES ('Entidade37');
INSERT INTO EntidadeMeio(nomeEntidade) VALUES ('Entidade38');
INSERT INTO EntidadeMeio(nomeEntidade) VALUES ('Entidade39');
INSERT INTO EntidadeMeio(nomeEntidade) VALUES ('Entidade40');
INSERT INTO EntidadeMeio(nomeEntidade) VALUES ('Entidade41');
INSERT INTO EntidadeMeio(nomeEntidade) VALUES ('Entidade42');
INSERT INTO EntidadeMeio(nomeEntidade) VALUES ('Entidade43');
INSERT INTO EntidadeMeio(nomeEntidade) VALUES ('Entidade44');
INSERT INTO EntidadeMeio(nomeEntidade) VALUES ('Entidade45');
INSERT INTO EntidadeMeio(nomeEntidade) VALUES ('Entidade46');
INSERT INTO EntidadeMeio(nomeEntidade) VALUES ('Entidade47');
INSERT INTO EntidadeMeio(nomeEntidade) VALUES ('Entidade48');
INSERT INTO EntidadeMeio(nomeEntidade) VALUES ('Entidade49');
INSERT INTO EntidadeMeio(nomeEntidade) VALUES ('Entidade50');
INSERT INTO EntidadeMeio(nomeEntidade) VALUES ('Entidade51');
INSERT INTO EntidadeMeio(nomeEntidade) VALUES ('Entidade52');
INSERT INTO EntidadeMeio(nomeEntidade) VALUES ('Entidade53');
INSERT INTO EntidadeMeio(nomeEntidade) VALUES ('Entidade54');
INSERT INTO EntidadeMeio(nomeEntidade) VALUES ('Entidade55');
INSERT INTO EntidadeMeio(nomeEntidade) VALUES ('Entidade56');
INSERT INTO EntidadeMeio(nomeEntidade) VALUES ('Entidade57');
INSERT INTO EntidadeMeio(nomeEntidade) VALUES ('Entidade58');
INSERT INTO EntidadeMeio(nomeEntidade) VALUES ('Entidade59');
INSERT INTO EntidadeMeio(nomeEntidade) VALUES ('Entidade60');
INSERT INTO EntidadeMeio(nomeEntidade) VALUES ('Entidade61');
INSERT INTO EntidadeMeio(nomeEntidade) VALUES ('Entidade62');
INSERT INTO EntidadeMeio(nomeEntidade) VALUES ('Entidade63');
INSERT INTO EntidadeMeio(nomeEntidade) VALUES ('Entidade64');
INSERT INTO EntidadeMeio(nomeEntidade) VALUES ('Entidade65');
INSERT INTO EntidadeMeio(nomeEntidade) VALUES ('Entidade66');
INSERT INTO EntidadeMeio(nomeEntidade) VALUES ('Entidade67');
INSERT INTO EntidadeMeio(nomeEntidade) VALUES ('Entidade68');
INSERT INTO EntidadeMeio(nomeEntidade) VALUES ('Entidade69');
INSERT INTO EntidadeMeio(nomeEntidade) VALUES ('Entidade70');
INSERT INTO EntidadeMeio(nomeEntidade) VALUES ('Entidade71');
INSERT INTO EntidadeMeio(nomeEntidade) VALUES ('Entidade72');
INSERT INTO EntidadeMeio(nomeEntidade) VALUES ('Entidade73');
INSERT INTO EntidadeMeio(nomeEntidade) VALUES ('Entidade74');
INSERT INTO EntidadeMeio(nomeEntidade) VALUES ('Entidade75');
INSERT INTO EntidadeMeio(nomeEntidade) VALUES ('Entidade76');
INSERT INTO EntidadeMeio(nomeEntidade) VALUES ('Entidade77');
INSERT INTO EntidadeMeio(nomeEntidade) VALUES ('Entidade78');
INSERT INTO EntidadeMeio(nomeEntidade) VALUES ('Entidade79');
INSERT INTO EntidadeMeio(nomeEntidade) VALUES ('Entidade80');
INSERT INTO EntidadeMeio(nomeEntidade) VALUES ('Entidade81');
INSERT INTO EntidadeMeio(nomeEntidade) VALUES ('Entidade82');
INSERT INTO EntidadeMeio(nomeEntidade) VALUES ('Entidade83');
INSERT INTO EntidadeMeio(nomeEntidade) VALUES ('Entidade84');
INSERT INTO EntidadeMeio(nomeEntidade) VALUES ('Entidade85');
INSERT INTO EntidadeMeio(nomeEntidade) VALUES ('Entidade86');
INSERT INTO EntidadeMeio(nomeEntidade) VALUES ('Entidade87');
INSERT INTO EntidadeMeio(nomeEntidade) VALUES ('Entidade88');
INSERT INTO EntidadeMeio(nomeEntidade) VALUES ('Entidade89');
INSERT INTO EntidadeMeio(nomeEntidade) VALUES ('Entidade90');
INSERT INTO EntidadeMeio(nomeEntidade) VALUES ('Entidade91');
INSERT INTO EntidadeMeio(nomeEntidade) VALUES ('Entidade92');
INSERT INTO EntidadeMeio(nomeEntidade) VALUES ('Entidade93');
INSERT INTO EntidadeMeio(nomeEntidade) VALUES ('Entidade94');
INSERT INTO EntidadeMeio(nomeEntidade) VALUES ('Entidade95');
INSERT INTO EntidadeMeio(nomeEntidade) VALUES ('Entidade96');
INSERT INTO EntidadeMeio(nomeEntidade) VALUES ('Entidade97');
INSERT INTO EntidadeMeio(nomeEntidade) VALUES ('Entidade98');
INSERT INTO EntidadeMeio(nomeEntidade) VALUES ('Entidade99');
INSERT INTO EntidadeMeio(nomeEntidade) VALUES ('Entidade100');
INSERT INTO EntidadeMeio(nomeEntidade) VALUES ('Entidade101');
INSERT INTO EntidadeMeio(nomeEntidade) VALUES ('Entidade102');
INSERT INTO EntidadeMeio(nomeEntidade) VALUES ('Entidade103');
INSERT INTO EntidadeMeio(nomeEntidade) VALUES ('Entidade104');
INSERT INTO EntidadeMeio(nomeEntidade) VALUES ('Entidade105');
INSERT INTO EntidadeMeio(nomeEntidade) VALUES ('Entidade106');
INSERT INTO EntidadeMeio(nomeEntidade) VALUES ('Entidade107');
INSERT INTO EntidadeMeio(nomeEntidade) VALUES ('Entidade108');
INSERT INTO EntidadeMeio(nomeEntidade) VALUES ('Entidade109');
INSERT INTO EntidadeMeio(nomeEntidade) VALUES ('Entidade110');
INSERT INTO EntidadeMeio(nomeEntidade) VALUES ('Entidade111');
INSERT INTO EntidadeMeio(nomeEntidade) VALUES ('Entidade112');
INSERT INTO EntidadeMeio(nomeEntidade) VALUES ('Entidade113');
INSERT INTO EntidadeMeio(nomeEntidade) VALUES ('Entidade114');
INSERT INTO EntidadeMeio(nomeEntidade) VALUES ('Entidade115');
INSERT INTO EntidadeMeio(nomeEntidade) VALUES ('Entidade116');
INSERT INTO EntidadeMeio(nomeEntidade) VALUES ('Entidade117');
INSERT INTO EntidadeMeio(nomeEntidade) VALUES ('Entidade118');
INSERT INTO EntidadeMeio(nomeEntidade) VALUES ('Entidade119');
INSERT INTO EntidadeMeio(nomeEntidade) VALUES ('Entidade120');
INSERT INTO EntidadeMeio(nomeEntidade) VALUES ('Entidade121');
INSERT INTO EntidadeMeio(nomeEntidade) VALUES ('Entidade122');
INSERT INTO EntidadeMeio(nomeEntidade) VALUES ('Entidade123');
INSERT INTO EntidadeMeio(nomeEntidade) VALUES ('Entidade124');
INSERT INTO EntidadeMeio(nomeEntidade) VALUES ('Entidade125');
INSERT INTO EntidadeMeio(nomeEntidade) VALUES ('Entidade126');
INSERT INTO EntidadeMeio(nomeEntidade) VALUES ('Entidade127');
INSERT INTO EntidadeMeio(nomeEntidade) VALUES ('Entidade128');
INSERT INTO EntidadeMeio(nomeEntidade) VALUES ('Entidade129');
INSERT INTO EntidadeMeio(nomeEntidade) VALUES ('Entidade130');
INSERT INTO EntidadeMeio(nomeEntidade) VALUES ('Entidade131');
INSERT INTO EntidadeMeio(nomeEntidade) VALUES ('Entidade132');
INSERT INTO EntidadeMeio(nomeEntidade) VALUES ('Entidade133');
INSERT INTO EntidadeMeio(nomeEntidade) VALUES ('Entidade134');
INSERT INTO EntidadeMeio(nomeEntidade) VALUES ('Entidade135');
INSERT INTO EntidadeMeio(nomeEntidade) VALUES ('Entidade136');
INSERT INTO EntidadeMeio(nomeEntidade) VALUES ('Entidade137');
INSERT INTO EntidadeMeio(nomeEntidade) VALUES ('Entidade138');
INSERT INTO EntidadeMeio(nomeEntidade) VALUES ('Entidade139');
INSERT INTO EntidadeMeio(nomeEntidade) VALUES ('Entidade140');
INSERT INTO EntidadeMeio(nomeEntidade) VALUES ('Entidade141');
INSERT INTO EntidadeMeio(nomeEntidade) VALUES ('Entidade142');
INSERT INTO EntidadeMeio(nomeEntidade) VALUES ('Entidade143');
INSERT INTO EntidadeMeio(nomeEntidade) VALUES ('Entidade144');
INSERT INTO EntidadeMeio(nomeEntidade) VALUES ('Entidade145');
INSERT INTO EntidadeMeio(nomeEntidade) VALUES ('Entidade146');
INSERT INTO EntidadeMeio(nomeEntidade) VALUES ('Entidade147');
INSERT INTO EntidadeMeio(nomeEntidade) VALUES ('Entidade148');
INSERT INTO EntidadeMeio(nomeEntidade) VALUES ('Entidade149');
INSERT INTO EntidadeMeio(nomeEntidade) VALUES ('Entidade150');
INSERT INTO EntidadeMeio(nomeEntidade) VALUES ('Entidade151');
INSERT INTO EntidadeMeio(nomeEntidade) VALUES ('Entidade152');
INSERT INTO EntidadeMeio(nomeEntidade) VALUES ('Entidade153');
INSERT INTO EntidadeMeio(nomeEntidade) VALUES ('Entidade154');
INSERT INTO EntidadeMeio(nomeEntidade) VALUES ('Entidade155');
INSERT INTO EntidadeMeio(nomeEntidade) VALUES ('Entidade156');
INSERT INTO EntidadeMeio(nomeEntidade) VALUES ('Entidade157');
INSERT INTO EntidadeMeio(nomeEntidade) VALUES ('Entidade158');
INSERT INTO EntidadeMeio(nomeEntidade) VALUES ('Entidade159');
INSERT INTO EntidadeMeio(nomeEntidade) VALUES ('Entidade160');
INSERT INTO EntidadeMeio(nomeEntidade) VALUES ('Entidade161');
INSERT INTO EntidadeMeio(nomeEntidade) VALUES ('Entidade162');
INSERT INTO EntidadeMeio(nomeEntidade) VALUES ('Entidade163');
INSERT INTO EntidadeMeio(nomeEntidade) VALUES ('Entidade164');
INSERT INTO EntidadeMeio(nomeEntidade) VALUES ('Entidade165');
INSERT INTO EntidadeMeio(nomeEntidade) VALUES ('Entidade166');
INSERT INTO EntidadeMeio(nomeEntidade) VALUES ('Entidade167');
INSERT INTO EntidadeMeio(nomeEntidade) VALUES ('Entidade168');
INSERT INTO EntidadeMeio(nomeEntidade) VALUES ('Entidade169');
INSERT INTO EntidadeMeio(nomeEntidade) VALUES ('Entidade170');
INSERT INTO EntidadeMeio(nomeEntidade) VALUES ('Entidade171');
INSERT INTO EntidadeMeio(nomeEntidade) VALUES ('Entidade172');
INSERT INTO EntidadeMeio(nomeEntidade) VALUES ('Entidade173');
INSERT INTO EntidadeMeio(nomeEntidade) VALUES ('Entidade174');
INSERT INTO EntidadeMeio(nomeEntidade) VALUES ('Entidade175');
INSERT INTO EntidadeMeio(nomeEntidade) VALUES ('Entidade176');
INSERT INTO EntidadeMeio(nomeEntidade) VALUES ('Entidade177');
INSERT INTO EntidadeMeio(nomeEntidade) VALUES ('Entidade178');
INSERT INTO EntidadeMeio(nomeEntidade) VALUES ('Entidade179');
INSERT INTO EntidadeMeio(nomeEntidade) VALUES ('Entidade180');
INSERT INTO EntidadeMeio(nomeEntidade) VALUES ('Entidade181');
INSERT INTO EntidadeMeio(nomeEntidade) VALUES ('Entidade182');
INSERT INTO EntidadeMeio(nomeEntidade) VALUES ('Entidade183');
INSERT INTO EntidadeMeio(nomeEntidade) VALUES ('Entidade184');
INSERT INTO EntidadeMeio(nomeEntidade) VALUES ('Entidade185');
INSERT INTO EntidadeMeio(nomeEntidade) VALUES ('Entidade186');
INSERT INTO EntidadeMeio(nomeEntidade) VALUES ('Entidade187');
INSERT INTO EntidadeMeio(nomeEntidade) VALUES ('Entidade188');
INSERT INTO EntidadeMeio(nomeEntidade) VALUES ('Entidade189');
INSERT INTO EntidadeMeio(nomeEntidade) VALUES ('Entidade190');
INSERT INTO EntidadeMeio(nomeEntidade) VALUES ('Entidade191');
INSERT INTO EntidadeMeio(nomeEntidade) VALUES ('Entidade192');
INSERT INTO EntidadeMeio(nomeEntidade) VALUES ('Entidade193');
INSERT INTO EntidadeMeio(nomeEntidade) VALUES ('Entidade194');
INSERT INTO EntidadeMeio(nomeEntidade) VALUES ('Entidade195');
INSERT INTO EntidadeMeio(nomeEntidade) VALUES ('Entidade196');
INSERT INTO EntidadeMeio(nomeEntidade) VALUES ('Entidade197');
INSERT INTO EntidadeMeio(nomeEntidade) VALUES ('Entidade198');
INSERT INTO EntidadeMeio(nomeEntidade) VALUES ('Entidade199');
INSERT INTO EntidadeMeio(nomeEntidade) VALUES ('Entidade200');
INSERT INTO EntidadeMeio(nomeEntidade) VALUES ('Entidade201');
INSERT INTO EntidadeMeio(nomeEntidade) VALUES ('Entidade202');
INSERT INTO EntidadeMeio(nomeEntidade) VALUES ('Entidade203');
INSERT INTO EntidadeMeio(nomeEntidade) VALUES ('Entidade204');
INSERT INTO EntidadeMeio(nomeEntidade) VALUES ('Entidade205');
INSERT INTO EntidadeMeio(nomeEntidade) VALUES ('Entidade206');
INSERT INTO EntidadeMeio(nomeEntidade) VALUES ('Entidade207');
INSERT INTO EntidadeMeio(nomeEntidade) VALUES ('Entidade208');
INSERT INTO EntidadeMeio(nomeEntidade) VALUES ('Entidade209');
INSERT INTO EntidadeMeio(nomeEntidade) VALUES ('Entidade210');
INSERT INTO EntidadeMeio(nomeEntidade) VALUES ('Entidade211');
INSERT INTO EntidadeMeio(nomeEntidade) VALUES ('Entidade212');
INSERT INTO EntidadeMeio(nomeEntidade) VALUES ('Entidade213');
INSERT INTO EntidadeMeio(nomeEntidade) VALUES ('Entidade214');
INSERT INTO EntidadeMeio(nomeEntidade) VALUES ('Entidade215');
INSERT INTO EntidadeMeio(nomeEntidade) VALUES ('Entidade216');
INSERT INTO EntidadeMeio(nomeEntidade) VALUES ('Entidade217');
INSERT INTO EntidadeMeio(nomeEntidade) VALUES ('Entidade218');
INSERT INTO EntidadeMeio(nomeEntidade) VALUES ('Entidade219');
INSERT INTO EntidadeMeio(nomeEntidade) VALUES ('Entidade220');
INSERT INTO EntidadeMeio(nomeEntidade) VALUES ('Entidade221');
INSERT INTO EntidadeMeio(nomeEntidade) VALUES ('Entidade222');
INSERT INTO EntidadeMeio(nomeEntidade) VALUES ('Entidade223');
INSERT INTO EntidadeMeio(nomeEntidade) VALUES ('Entidade224');
INSERT INTO EntidadeMeio(nomeEntidade) VALUES ('Entidade225');
INSERT INTO EntidadeMeio(nomeEntidade) VALUES ('Entidade226');
INSERT INTO EntidadeMeio(nomeEntidade) VALUES ('Entidade227');
INSERT INTO EntidadeMeio(nomeEntidade) VALUES ('Entidade228');
INSERT INTO EntidadeMeio(nomeEntidade) VALUES ('Entidade229');
INSERT INTO EntidadeMeio(nomeEntidade) VALUES ('Entidade230');
INSERT INTO EntidadeMeio(nomeEntidade) VALUES ('Entidade231');
INSERT INTO EntidadeMeio(nomeEntidade) VALUES ('Entidade232');
INSERT INTO EntidadeMeio(nomeEntidade) VALUES ('Entidade233');
INSERT INTO EntidadeMeio(nomeEntidade) VALUES ('Entidade234');
INSERT INTO EntidadeMeio(nomeEntidade) VALUES ('Entidade235');
INSERT INTO EntidadeMeio(nomeEntidade) VALUES ('Entidade236');
INSERT INTO EntidadeMeio(nomeEntidade) VALUES ('Entidade237');
INSERT INTO EntidadeMeio(nomeEntidade) VALUES ('Entidade238');
INSERT INTO EntidadeMeio(nomeEntidade) VALUES ('Entidade239');
INSERT INTO EntidadeMeio(nomeEntidade) VALUES ('Entidade240');
INSERT INTO EntidadeMeio(nomeEntidade) VALUES ('Entidade241');
INSERT INTO EntidadeMeio(nomeEntidade) VALUES ('Entidade242');
INSERT INTO EntidadeMeio(nomeEntidade) VALUES ('Entidade243');
INSERT INTO EntidadeMeio(nomeEntidade) VALUES ('Entidade244');
INSERT INTO EntidadeMeio(nomeEntidade) VALUES ('Entidade245');
INSERT INTO EntidadeMeio(nomeEntidade) VALUES ('Entidade246');
INSERT INTO EntidadeMeio(nomeEntidade) VALUES ('Entidade247');
INSERT INTO EntidadeMeio(nomeEntidade) VALUES ('Entidade248');
INSERT INTO EntidadeMeio(nomeEntidade) VALUES ('Entidade249');
INSERT INTO EntidadeMeio(nomeEntidade) VALUES ('Entidade250');
INSERT INTO EntidadeMeio(nomeEntidade) VALUES ('Entidade251');
INSERT INTO EntidadeMeio(nomeEntidade) VALUES ('Entidade252');
INSERT INTO EntidadeMeio(nomeEntidade) VALUES ('Entidade253');
INSERT INTO EntidadeMeio(nomeEntidade) VALUES ('Entidade254');
INSERT INTO EntidadeMeio(nomeEntidade) VALUES ('Entidade255');
INSERT INTO EntidadeMeio(nomeEntidade) VALUES ('Entidade256');
INSERT INTO EntidadeMeio(nomeEntidade) VALUES ('Entidade257');
INSERT INTO EntidadeMeio(nomeEntidade) VALUES ('Entidade258');
INSERT INTO EntidadeMeio(nomeEntidade) VALUES ('Entidade259');
INSERT INTO EntidadeMeio(nomeEntidade) VALUES ('Entidade260');
INSERT INTO EntidadeMeio(nomeEntidade) VALUES ('Entidade261');
INSERT INTO EntidadeMeio(nomeEntidade) VALUES ('Entidade262');
INSERT INTO EntidadeMeio(nomeEntidade) VALUES ('Entidade263');
INSERT INTO EntidadeMeio(nomeEntidade) VALUES ('Entidade264');
INSERT INTO EntidadeMeio(nomeEntidade) VALUES ('Entidade265');
INSERT INTO EntidadeMeio(nomeEntidade) VALUES ('Entidade266');
INSERT INTO EntidadeMeio(nomeEntidade) VALUES ('Entidade267');
INSERT INTO EntidadeMeio(nomeEntidade) VALUES ('Entidade268');
INSERT INTO EntidadeMeio(nomeEntidade) VALUES ('Entidade269');
INSERT INTO EntidadeMeio(nomeEntidade) VALUES ('Entidade270');
INSERT INTO EntidadeMeio(nomeEntidade) VALUES ('Entidade271');
INSERT INTO EntidadeMeio(nomeEntidade) VALUES ('Entidade272');
INSERT INTO EntidadeMeio(nomeEntidade) VALUES ('Entidade273');
INSERT INTO EntidadeMeio(nomeEntidade) VALUES ('Entidade274');
INSERT INTO EntidadeMeio(nomeEntidade) VALUES ('Entidade275');
INSERT INTO EntidadeMeio(nomeEntidade) VALUES ('Entidade276');
INSERT INTO EntidadeMeio(nomeEntidade) VALUES ('Entidade277');
INSERT INTO EntidadeMeio(nomeEntidade) VALUES ('Entidade278');
INSERT INTO EntidadeMeio(nomeEntidade) VALUES ('Entidade279');
INSERT INTO EntidadeMeio(nomeEntidade) VALUES ('Entidade280');
INSERT INTO EntidadeMeio(nomeEntidade) VALUES ('Entidade281');
INSERT INTO EntidadeMeio(nomeEntidade) VALUES ('Entidade282');
INSERT INTO EntidadeMeio(nomeEntidade) VALUES ('Entidade283');
INSERT INTO EntidadeMeio(nomeEntidade) VALUES ('Entidade284');
INSERT INTO EntidadeMeio(nomeEntidade) VALUES ('Entidade285');
INSERT INTO EntidadeMeio(nomeEntidade) VALUES ('Entidade286');
INSERT INTO EntidadeMeio(nomeEntidade) VALUES ('Entidade287');
INSERT INTO EntidadeMeio(nomeEntidade) VALUES ('Entidade288');
INSERT INTO EntidadeMeio(nomeEntidade) VALUES ('Entidade289');
INSERT INTO EntidadeMeio(nomeEntidade) VALUES ('Entidade290');
INSERT INTO EntidadeMeio(nomeEntidade) VALUES ('Entidade291');
INSERT INTO EntidadeMeio(nomeEntidade) VALUES ('Entidade292');
INSERT INTO EntidadeMeio(nomeEntidade) VALUES ('Entidade293');
INSERT INTO EntidadeMeio(nomeEntidade) VALUES ('Entidade294');
INSERT INTO EntidadeMeio(nomeEntidade) VALUES ('Entidade295');
INSERT INTO EntidadeMeio(nomeEntidade) VALUES ('Entidade296');
INSERT INTO EntidadeMeio(nomeEntidade) VALUES ('Entidade297');
INSERT INTO EntidadeMeio(nomeEntidade) VALUES ('Entidade298');
INSERT INTO EntidadeMeio(nomeEntidade) VALUES ('Entidade299');
INSERT INTO EntidadeMeio(nomeEntidade) VALUES ('Entidade300');

INSERT INTO Meio(numMeio, nomeMeio, nomeEntidade) VALUES (1, 'veiculo1', 'Entidade1');
INSERT INTO Meio(numMeio, nomeMeio, nomeEntidade) VALUES (2, 'veiculo2', 'Entidade2');
INSERT INTO Meio(numMeio, nomeMeio, nomeEntidade) VALUES (3, 'veiculo3', 'Entidade3');
INSERT INTO Meio(numMeio, nomeMeio, nomeEntidade) VALUES (4, 'veiculo4', 'Entidade4');
INSERT INTO Meio(numMeio, nomeMeio, nomeEntidade) VALUES (5, 'veiculo5', 'Entidade5');
INSERT INTO Meio(numMeio, nomeMeio, nomeEntidade) VALUES (6, 'veiculo6', 'Entidade6');
INSERT INTO Meio(numMeio, nomeMeio, nomeEntidade) VALUES (7, 'veiculo7', 'Entidade7');
INSERT INTO Meio(numMeio, nomeMeio, nomeEntidade) VALUES (8, 'veiculo8', 'Entidade8');
INSERT INTO Meio(numMeio, nomeMeio, nomeEntidade) VALUES (9, 'veiculo9', 'Entidade9');
INSERT INTO Meio(numMeio, nomeMeio, nomeEntidade) VALUES (10, 'veiculo10', 'Entidade10');
INSERT INTO Meio(numMeio, nomeMeio, nomeEntidade) VALUES (11, 'veiculo11', 'Entidade11');
INSERT INTO Meio(numMeio, nomeMeio, nomeEntidade) VALUES (12, 'veiculo12', 'Entidade12');
INSERT INTO Meio(numMeio, nomeMeio, nomeEntidade) VALUES (13, 'veiculo13', 'Entidade13');
INSERT INTO Meio(numMeio, nomeMeio, nomeEntidade) VALUES (14, 'veiculo14', 'Entidade14');
INSERT INTO Meio(numMeio, nomeMeio, nomeEntidade) VALUES (15, 'veiculo15', 'Entidade15');
INSERT INTO Meio(numMeio, nomeMeio, nomeEntidade) VALUES (16, 'veiculo16', 'Entidade16');
INSERT INTO Meio(numMeio, nomeMeio, nomeEntidade) VALUES (17, 'veiculo17', 'Entidade17');
INSERT INTO Meio(numMeio, nomeMeio, nomeEntidade) VALUES (18, 'veiculo18', 'Entidade18');
INSERT INTO Meio(numMeio, nomeMeio, nomeEntidade) VALUES (19, 'veiculo19', 'Entidade19');
INSERT INTO Meio(numMeio, nomeMeio, nomeEntidade) VALUES (20, 'veiculo20', 'Entidade20');
INSERT INTO Meio(numMeio, nomeMeio, nomeEntidade) VALUES (21, 'veiculo21', 'Entidade21');
INSERT INTO Meio(numMeio, nomeMeio, nomeEntidade) VALUES (22, 'veiculo22', 'Entidade22');
INSERT INTO Meio(numMeio, nomeMeio, nomeEntidade) VALUES (23, 'veiculo23', 'Entidade23');
INSERT INTO Meio(numMeio, nomeMeio, nomeEntidade) VALUES (24, 'veiculo24', 'Entidade24');
INSERT INTO Meio(numMeio, nomeMeio, nomeEntidade) VALUES (25, 'veiculo25', 'Entidade25');
INSERT INTO Meio(numMeio, nomeMeio, nomeEntidade) VALUES (26, 'veiculo26', 'Entidade26');
INSERT INTO Meio(numMeio, nomeMeio, nomeEntidade) VALUES (27, 'veiculo27', 'Entidade27');
INSERT INTO Meio(numMeio, nomeMeio, nomeEntidade) VALUES (28, 'veiculo28', 'Entidade28');
INSERT INTO Meio(numMeio, nomeMeio, nomeEntidade) VALUES (29, 'veiculo29', 'Entidade29');
INSERT INTO Meio(numMeio, nomeMeio, nomeEntidade) VALUES (30, 'veiculo30', 'Entidade30');
INSERT INTO Meio(numMeio, nomeMeio, nomeEntidade) VALUES (31, 'veiculo31', 'Entidade31');
INSERT INTO Meio(numMeio, nomeMeio, nomeEntidade) VALUES (32, 'veiculo32', 'Entidade32');
INSERT INTO Meio(numMeio, nomeMeio, nomeEntidade) VALUES (33, 'veiculo33', 'Entidade33');
INSERT INTO Meio(numMeio, nomeMeio, nomeEntidade) VALUES (34, 'veiculo34', 'Entidade34');
INSERT INTO Meio(numMeio, nomeMeio, nomeEntidade) VALUES (35, 'veiculo35', 'Entidade35');
INSERT INTO Meio(numMeio, nomeMeio, nomeEntidade) VALUES (36, 'veiculo36', 'Entidade36');
INSERT INTO Meio(numMeio, nomeMeio, nomeEntidade) VALUES (37, 'veiculo37', 'Entidade37');
INSERT INTO Meio(numMeio, nomeMeio, nomeEntidade) VALUES (38, 'veiculo38', 'Entidade38');
INSERT INTO Meio(numMeio, nomeMeio, nomeEntidade) VALUES (39, 'veiculo39', 'Entidade39');
INSERT INTO Meio(numMeio, nomeMeio, nomeEntidade) VALUES (40, 'veiculo40', 'Entidade40');
INSERT INTO Meio(numMeio, nomeMeio, nomeEntidade) VALUES (41, 'veiculo41', 'Entidade41');
INSERT INTO Meio(numMeio, nomeMeio, nomeEntidade) VALUES (42, 'veiculo42', 'Entidade42');
INSERT INTO Meio(numMeio, nomeMeio, nomeEntidade) VALUES (43, 'veiculo43', 'Entidade43');
INSERT INTO Meio(numMeio, nomeMeio, nomeEntidade) VALUES (44, 'veiculo44', 'Entidade44');
INSERT INTO Meio(numMeio, nomeMeio, nomeEntidade) VALUES (45, 'veiculo45', 'Entidade45');
INSERT INTO Meio(numMeio, nomeMeio, nomeEntidade) VALUES (46, 'veiculo46', 'Entidade46');
INSERT INTO Meio(numMeio, nomeMeio, nomeEntidade) VALUES (47, 'veiculo47', 'Entidade47');
INSERT INTO Meio(numMeio, nomeMeio, nomeEntidade) VALUES (48, 'veiculo48', 'Entidade48');
INSERT INTO Meio(numMeio, nomeMeio, nomeEntidade) VALUES (49, 'veiculo49', 'Entidade49');
INSERT INTO Meio(numMeio, nomeMeio, nomeEntidade) VALUES (50, 'veiculo50', 'Entidade50');
INSERT INTO Meio(numMeio, nomeMeio, nomeEntidade) VALUES (51, 'veiculo51', 'Entidade51');
INSERT INTO Meio(numMeio, nomeMeio, nomeEntidade) VALUES (52, 'veiculo52', 'Entidade52');
INSERT INTO Meio(numMeio, nomeMeio, nomeEntidade) VALUES (53, 'veiculo53', 'Entidade53');
INSERT INTO Meio(numMeio, nomeMeio, nomeEntidade) VALUES (54, 'veiculo54', 'Entidade54');
INSERT INTO Meio(numMeio, nomeMeio, nomeEntidade) VALUES (55, 'veiculo55', 'Entidade55');
INSERT INTO Meio(numMeio, nomeMeio, nomeEntidade) VALUES (56, 'veiculo56', 'Entidade56');
INSERT INTO Meio(numMeio, nomeMeio, nomeEntidade) VALUES (57, 'veiculo57', 'Entidade57');
INSERT INTO Meio(numMeio, nomeMeio, nomeEntidade) VALUES (58, 'veiculo58', 'Entidade58');
INSERT INTO Meio(numMeio, nomeMeio, nomeEntidade) VALUES (59, 'veiculo59', 'Entidade59');
INSERT INTO Meio(numMeio, nomeMeio, nomeEntidade) VALUES (60, 'veiculo60', 'Entidade60');
INSERT INTO Meio(numMeio, nomeMeio, nomeEntidade) VALUES (61, 'veiculo61', 'Entidade61');
INSERT INTO Meio(numMeio, nomeMeio, nomeEntidade) VALUES (62, 'veiculo62', 'Entidade62');
INSERT INTO Meio(numMeio, nomeMeio, nomeEntidade) VALUES (63, 'veiculo63', 'Entidade63');
INSERT INTO Meio(numMeio, nomeMeio, nomeEntidade) VALUES (64, 'veiculo64', 'Entidade64');
INSERT INTO Meio(numMeio, nomeMeio, nomeEntidade) VALUES (65, 'veiculo65', 'Entidade65');
INSERT INTO Meio(numMeio, nomeMeio, nomeEntidade) VALUES (66, 'veiculo66', 'Entidade66');
INSERT INTO Meio(numMeio, nomeMeio, nomeEntidade) VALUES (67, 'veiculo67', 'Entidade67');
INSERT INTO Meio(numMeio, nomeMeio, nomeEntidade) VALUES (68, 'veiculo68', 'Entidade68');
INSERT INTO Meio(numMeio, nomeMeio, nomeEntidade) VALUES (69, 'veiculo69', 'Entidade69');
INSERT INTO Meio(numMeio, nomeMeio, nomeEntidade) VALUES (70, 'veiculo70', 'Entidade70');
INSERT INTO Meio(numMeio, nomeMeio, nomeEntidade) VALUES (71, 'veiculo71', 'Entidade71');
INSERT INTO Meio(numMeio, nomeMeio, nomeEntidade) VALUES (72, 'veiculo72', 'Entidade72');
INSERT INTO Meio(numMeio, nomeMeio, nomeEntidade) VALUES (73, 'veiculo73', 'Entidade73');
INSERT INTO Meio(numMeio, nomeMeio, nomeEntidade) VALUES (74, 'veiculo74', 'Entidade74');
INSERT INTO Meio(numMeio, nomeMeio, nomeEntidade) VALUES (75, 'veiculo75', 'Entidade75');
INSERT INTO Meio(numMeio, nomeMeio, nomeEntidade) VALUES (76, 'veiculo76', 'Entidade76');
INSERT INTO Meio(numMeio, nomeMeio, nomeEntidade) VALUES (77, 'veiculo77', 'Entidade77');
INSERT INTO Meio(numMeio, nomeMeio, nomeEntidade) VALUES (78, 'veiculo78', 'Entidade78');
INSERT INTO Meio(numMeio, nomeMeio, nomeEntidade) VALUES (79, 'veiculo79', 'Entidade79');
INSERT INTO Meio(numMeio, nomeMeio, nomeEntidade) VALUES (80, 'veiculo80', 'Entidade80');
INSERT INTO Meio(numMeio, nomeMeio, nomeEntidade) VALUES (81, 'veiculo81', 'Entidade81');
INSERT INTO Meio(numMeio, nomeMeio, nomeEntidade) VALUES (82, 'veiculo82', 'Entidade82');
INSERT INTO Meio(numMeio, nomeMeio, nomeEntidade) VALUES (83, 'veiculo83', 'Entidade83');
INSERT INTO Meio(numMeio, nomeMeio, nomeEntidade) VALUES (84, 'veiculo84', 'Entidade84');
INSERT INTO Meio(numMeio, nomeMeio, nomeEntidade) VALUES (85, 'veiculo85', 'Entidade85');
INSERT INTO Meio(numMeio, nomeMeio, nomeEntidade) VALUES (86, 'veiculo86', 'Entidade86');
INSERT INTO Meio(numMeio, nomeMeio, nomeEntidade) VALUES (87, 'veiculo87', 'Entidade87');
INSERT INTO Meio(numMeio, nomeMeio, nomeEntidade) VALUES (88, 'veiculo88', 'Entidade88');
INSERT INTO Meio(numMeio, nomeMeio, nomeEntidade) VALUES (89, 'veiculo89', 'Entidade89');
INSERT INTO Meio(numMeio, nomeMeio, nomeEntidade) VALUES (90, 'veiculo90', 'Entidade90');
INSERT INTO Meio(numMeio, nomeMeio, nomeEntidade) VALUES (91, 'veiculo91', 'Entidade91');
INSERT INTO Meio(numMeio, nomeMeio, nomeEntidade) VALUES (92, 'veiculo92', 'Entidade92');
INSERT INTO Meio(numMeio, nomeMeio, nomeEntidade) VALUES (93, 'veiculo93', 'Entidade93');
INSERT INTO Meio(numMeio, nomeMeio, nomeEntidade) VALUES (94, 'veiculo94', 'Entidade94');
INSERT INTO Meio(numMeio, nomeMeio, nomeEntidade) VALUES (95, 'veiculo95', 'Entidade95');
INSERT INTO Meio(numMeio, nomeMeio, nomeEntidade) VALUES (96, 'veiculo96', 'Entidade96');
INSERT INTO Meio(numMeio, nomeMeio, nomeEntidade) VALUES (97, 'veiculo97', 'Entidade97');
INSERT INTO Meio(numMeio, nomeMeio, nomeEntidade) VALUES (98, 'veiculo98', 'Entidade98');
INSERT INTO Meio(numMeio, nomeMeio, nomeEntidade) VALUES (99, 'veiculo99', 'Entidade99');
INSERT INTO Meio(numMeio, nomeMeio, nomeEntidade) VALUES (100, 'veiculo100', 'Entidade100');
INSERT INTO Meio(numMeio, nomeMeio, nomeEntidade) VALUES (101, 'veiculo101', 'Entidade101');
INSERT INTO Meio(numMeio, nomeMeio, nomeEntidade) VALUES (102, 'veiculo102', 'Entidade102');
INSERT INTO Meio(numMeio, nomeMeio, nomeEntidade) VALUES (103, 'veiculo103', 'Entidade103');
INSERT INTO Meio(numMeio, nomeMeio, nomeEntidade) VALUES (104, 'veiculo104', 'Entidade104');
INSERT INTO Meio(numMeio, nomeMeio, nomeEntidade) VALUES (105, 'veiculo105', 'Entidade105');
INSERT INTO Meio(numMeio, nomeMeio, nomeEntidade) VALUES (106, 'veiculo106', 'Entidade106');
INSERT INTO Meio(numMeio, nomeMeio, nomeEntidade) VALUES (107, 'veiculo107', 'Entidade107');
INSERT INTO Meio(numMeio, nomeMeio, nomeEntidade) VALUES (108, 'veiculo108', 'Entidade108');
INSERT INTO Meio(numMeio, nomeMeio, nomeEntidade) VALUES (109, 'veiculo109', 'Entidade109');
INSERT INTO Meio(numMeio, nomeMeio, nomeEntidade) VALUES (110, 'veiculo110', 'Entidade110');
INSERT INTO Meio(numMeio, nomeMeio, nomeEntidade) VALUES (111, 'veiculo111', 'Entidade111');
INSERT INTO Meio(numMeio, nomeMeio, nomeEntidade) VALUES (112, 'veiculo112', 'Entidade112');
INSERT INTO Meio(numMeio, nomeMeio, nomeEntidade) VALUES (113, 'veiculo113', 'Entidade113');
INSERT INTO Meio(numMeio, nomeMeio, nomeEntidade) VALUES (114, 'veiculo114', 'Entidade114');
INSERT INTO Meio(numMeio, nomeMeio, nomeEntidade) VALUES (115, 'veiculo115', 'Entidade115');
INSERT INTO Meio(numMeio, nomeMeio, nomeEntidade) VALUES (116, 'veiculo116', 'Entidade116');
INSERT INTO Meio(numMeio, nomeMeio, nomeEntidade) VALUES (117, 'veiculo117', 'Entidade117');
INSERT INTO Meio(numMeio, nomeMeio, nomeEntidade) VALUES (118, 'veiculo118', 'Entidade118');
INSERT INTO Meio(numMeio, nomeMeio, nomeEntidade) VALUES (119, 'veiculo119', 'Entidade119');
INSERT INTO Meio(numMeio, nomeMeio, nomeEntidade) VALUES (120, 'veiculo120', 'Entidade120');
INSERT INTO Meio(numMeio, nomeMeio, nomeEntidade) VALUES (121, 'veiculo121', 'Entidade121');
INSERT INTO Meio(numMeio, nomeMeio, nomeEntidade) VALUES (122, 'veiculo122', 'Entidade122');
INSERT INTO Meio(numMeio, nomeMeio, nomeEntidade) VALUES (123, 'veiculo123', 'Entidade123');
INSERT INTO Meio(numMeio, nomeMeio, nomeEntidade) VALUES (124, 'veiculo124', 'Entidade124');
INSERT INTO Meio(numMeio, nomeMeio, nomeEntidade) VALUES (125, 'veiculo125', 'Entidade125');
INSERT INTO Meio(numMeio, nomeMeio, nomeEntidade) VALUES (126, 'veiculo126', 'Entidade126');
INSERT INTO Meio(numMeio, nomeMeio, nomeEntidade) VALUES (127, 'veiculo127', 'Entidade127');
INSERT INTO Meio(numMeio, nomeMeio, nomeEntidade) VALUES (128, 'veiculo128', 'Entidade128');
INSERT INTO Meio(numMeio, nomeMeio, nomeEntidade) VALUES (129, 'veiculo129', 'Entidade129');
INSERT INTO Meio(numMeio, nomeMeio, nomeEntidade) VALUES (130, 'veiculo130', 'Entidade130');
INSERT INTO Meio(numMeio, nomeMeio, nomeEntidade) VALUES (131, 'veiculo131', 'Entidade131');
INSERT INTO Meio(numMeio, nomeMeio, nomeEntidade) VALUES (132, 'veiculo132', 'Entidade132');
INSERT INTO Meio(numMeio, nomeMeio, nomeEntidade) VALUES (133, 'veiculo133', 'Entidade133');
INSERT INTO Meio(numMeio, nomeMeio, nomeEntidade) VALUES (134, 'veiculo134', 'Entidade134');
INSERT INTO Meio(numMeio, nomeMeio, nomeEntidade) VALUES (135, 'veiculo135', 'Entidade135');
INSERT INTO Meio(numMeio, nomeMeio, nomeEntidade) VALUES (136, 'veiculo136', 'Entidade136');
INSERT INTO Meio(numMeio, nomeMeio, nomeEntidade) VALUES (137, 'veiculo137', 'Entidade137');
INSERT INTO Meio(numMeio, nomeMeio, nomeEntidade) VALUES (138, 'veiculo138', 'Entidade138');
INSERT INTO Meio(numMeio, nomeMeio, nomeEntidade) VALUES (139, 'veiculo139', 'Entidade139');
INSERT INTO Meio(numMeio, nomeMeio, nomeEntidade) VALUES (140, 'veiculo140', 'Entidade140');
INSERT INTO Meio(numMeio, nomeMeio, nomeEntidade) VALUES (141, 'veiculo141', 'Entidade141');
INSERT INTO Meio(numMeio, nomeMeio, nomeEntidade) VALUES (142, 'veiculo142', 'Entidade142');
INSERT INTO Meio(numMeio, nomeMeio, nomeEntidade) VALUES (143, 'veiculo143', 'Entidade143');
INSERT INTO Meio(numMeio, nomeMeio, nomeEntidade) VALUES (144, 'veiculo144', 'Entidade144');
INSERT INTO Meio(numMeio, nomeMeio, nomeEntidade) VALUES (145, 'veiculo145', 'Entidade145');
INSERT INTO Meio(numMeio, nomeMeio, nomeEntidade) VALUES (146, 'veiculo146', 'Entidade146');
INSERT INTO Meio(numMeio, nomeMeio, nomeEntidade) VALUES (147, 'veiculo147', 'Entidade147');
INSERT INTO Meio(numMeio, nomeMeio, nomeEntidade) VALUES (148, 'veiculo148', 'Entidade148');
INSERT INTO Meio(numMeio, nomeMeio, nomeEntidade) VALUES (149, 'veiculo149', 'Entidade149');
INSERT INTO Meio(numMeio, nomeMeio, nomeEntidade) VALUES (150, 'veiculo150', 'Entidade150');
INSERT INTO Meio(numMeio, nomeMeio, nomeEntidade) VALUES (151, 'veiculo151', 'Entidade151');
INSERT INTO Meio(numMeio, nomeMeio, nomeEntidade) VALUES (152, 'veiculo152', 'Entidade152');
INSERT INTO Meio(numMeio, nomeMeio, nomeEntidade) VALUES (153, 'veiculo153', 'Entidade153');
INSERT INTO Meio(numMeio, nomeMeio, nomeEntidade) VALUES (154, 'veiculo154', 'Entidade154');
INSERT INTO Meio(numMeio, nomeMeio, nomeEntidade) VALUES (155, 'veiculo155', 'Entidade155');
INSERT INTO Meio(numMeio, nomeMeio, nomeEntidade) VALUES (156, 'veiculo156', 'Entidade156');
INSERT INTO Meio(numMeio, nomeMeio, nomeEntidade) VALUES (157, 'veiculo157', 'Entidade157');
INSERT INTO Meio(numMeio, nomeMeio, nomeEntidade) VALUES (158, 'veiculo158', 'Entidade158');
INSERT INTO Meio(numMeio, nomeMeio, nomeEntidade) VALUES (159, 'veiculo159', 'Entidade159');
INSERT INTO Meio(numMeio, nomeMeio, nomeEntidade) VALUES (160, 'veiculo160', 'Entidade160');
INSERT INTO Meio(numMeio, nomeMeio, nomeEntidade) VALUES (161, 'veiculo161', 'Entidade161');
INSERT INTO Meio(numMeio, nomeMeio, nomeEntidade) VALUES (162, 'veiculo162', 'Entidade162');
INSERT INTO Meio(numMeio, nomeMeio, nomeEntidade) VALUES (163, 'veiculo163', 'Entidade163');
INSERT INTO Meio(numMeio, nomeMeio, nomeEntidade) VALUES (164, 'veiculo164', 'Entidade164');
INSERT INTO Meio(numMeio, nomeMeio, nomeEntidade) VALUES (165, 'veiculo165', 'Entidade165');
INSERT INTO Meio(numMeio, nomeMeio, nomeEntidade) VALUES (166, 'veiculo166', 'Entidade166');
INSERT INTO Meio(numMeio, nomeMeio, nomeEntidade) VALUES (167, 'veiculo167', 'Entidade167');
INSERT INTO Meio(numMeio, nomeMeio, nomeEntidade) VALUES (168, 'veiculo168', 'Entidade168');
INSERT INTO Meio(numMeio, nomeMeio, nomeEntidade) VALUES (169, 'veiculo169', 'Entidade169');
INSERT INTO Meio(numMeio, nomeMeio, nomeEntidade) VALUES (170, 'veiculo170', 'Entidade170');
INSERT INTO Meio(numMeio, nomeMeio, nomeEntidade) VALUES (171, 'veiculo171', 'Entidade171');
INSERT INTO Meio(numMeio, nomeMeio, nomeEntidade) VALUES (172, 'veiculo172', 'Entidade172');
INSERT INTO Meio(numMeio, nomeMeio, nomeEntidade) VALUES (173, 'veiculo173', 'Entidade173');
INSERT INTO Meio(numMeio, nomeMeio, nomeEntidade) VALUES (174, 'veiculo174', 'Entidade174');
INSERT INTO Meio(numMeio, nomeMeio, nomeEntidade) VALUES (175, 'veiculo175', 'Entidade175');
INSERT INTO Meio(numMeio, nomeMeio, nomeEntidade) VALUES (176, 'veiculo176', 'Entidade176');
INSERT INTO Meio(numMeio, nomeMeio, nomeEntidade) VALUES (177, 'veiculo177', 'Entidade177');
INSERT INTO Meio(numMeio, nomeMeio, nomeEntidade) VALUES (178, 'veiculo178', 'Entidade178');
INSERT INTO Meio(numMeio, nomeMeio, nomeEntidade) VALUES (179, 'veiculo179', 'Entidade179');
INSERT INTO Meio(numMeio, nomeMeio, nomeEntidade) VALUES (180, 'veiculo180', 'Entidade180');
INSERT INTO Meio(numMeio, nomeMeio, nomeEntidade) VALUES (181, 'veiculo181', 'Entidade181');
INSERT INTO Meio(numMeio, nomeMeio, nomeEntidade) VALUES (182, 'veiculo182', 'Entidade182');
INSERT INTO Meio(numMeio, nomeMeio, nomeEntidade) VALUES (183, 'veiculo183', 'Entidade183');
INSERT INTO Meio(numMeio, nomeMeio, nomeEntidade) VALUES (184, 'veiculo184', 'Entidade184');
INSERT INTO Meio(numMeio, nomeMeio, nomeEntidade) VALUES (185, 'veiculo185', 'Entidade185');
INSERT INTO Meio(numMeio, nomeMeio, nomeEntidade) VALUES (186, 'veiculo186', 'Entidade186');
INSERT INTO Meio(numMeio, nomeMeio, nomeEntidade) VALUES (187, 'veiculo187', 'Entidade187');
INSERT INTO Meio(numMeio, nomeMeio, nomeEntidade) VALUES (188, 'veiculo188', 'Entidade188');
INSERT INTO Meio(numMeio, nomeMeio, nomeEntidade) VALUES (189, 'veiculo189', 'Entidade189');
INSERT INTO Meio(numMeio, nomeMeio, nomeEntidade) VALUES (190, 'veiculo190', 'Entidade190');
INSERT INTO Meio(numMeio, nomeMeio, nomeEntidade) VALUES (191, 'veiculo191', 'Entidade191');
INSERT INTO Meio(numMeio, nomeMeio, nomeEntidade) VALUES (192, 'veiculo192', 'Entidade192');
INSERT INTO Meio(numMeio, nomeMeio, nomeEntidade) VALUES (193, 'veiculo193', 'Entidade193');
INSERT INTO Meio(numMeio, nomeMeio, nomeEntidade) VALUES (194, 'veiculo194', 'Entidade194');
INSERT INTO Meio(numMeio, nomeMeio, nomeEntidade) VALUES (195, 'veiculo195', 'Entidade195');
INSERT INTO Meio(numMeio, nomeMeio, nomeEntidade) VALUES (196, 'veiculo196', 'Entidade196');
INSERT INTO Meio(numMeio, nomeMeio, nomeEntidade) VALUES (197, 'veiculo197', 'Entidade197');
INSERT INTO Meio(numMeio, nomeMeio, nomeEntidade) VALUES (198, 'veiculo198', 'Entidade198');
INSERT INTO Meio(numMeio, nomeMeio, nomeEntidade) VALUES (199, 'veiculo199', 'Entidade199');
INSERT INTO Meio(numMeio, nomeMeio, nomeEntidade) VALUES (200, 'veiculo200', 'Entidade200');
INSERT INTO Meio(numMeio, nomeMeio, nomeEntidade) VALUES (201, 'veiculo201', 'Entidade201');
INSERT INTO Meio(numMeio, nomeMeio, nomeEntidade) VALUES (202, 'veiculo202', 'Entidade202');
INSERT INTO Meio(numMeio, nomeMeio, nomeEntidade) VALUES (203, 'veiculo203', 'Entidade203');
INSERT INTO Meio(numMeio, nomeMeio, nomeEntidade) VALUES (204, 'veiculo204', 'Entidade204');
INSERT INTO Meio(numMeio, nomeMeio, nomeEntidade) VALUES (205, 'veiculo205', 'Entidade205');
INSERT INTO Meio(numMeio, nomeMeio, nomeEntidade) VALUES (206, 'veiculo206', 'Entidade206');
INSERT INTO Meio(numMeio, nomeMeio, nomeEntidade) VALUES (207, 'veiculo207', 'Entidade207');
INSERT INTO Meio(numMeio, nomeMeio, nomeEntidade) VALUES (208, 'veiculo208', 'Entidade208');
INSERT INTO Meio(numMeio, nomeMeio, nomeEntidade) VALUES (209, 'veiculo209', 'Entidade209');
INSERT INTO Meio(numMeio, nomeMeio, nomeEntidade) VALUES (210, 'veiculo210', 'Entidade210');
INSERT INTO Meio(numMeio, nomeMeio, nomeEntidade) VALUES (211, 'veiculo211', 'Entidade211');
INSERT INTO Meio(numMeio, nomeMeio, nomeEntidade) VALUES (212, 'veiculo212', 'Entidade212');
INSERT INTO Meio(numMeio, nomeMeio, nomeEntidade) VALUES (213, 'veiculo213', 'Entidade213');
INSERT INTO Meio(numMeio, nomeMeio, nomeEntidade) VALUES (214, 'veiculo214', 'Entidade214');
INSERT INTO Meio(numMeio, nomeMeio, nomeEntidade) VALUES (215, 'veiculo215', 'Entidade215');
INSERT INTO Meio(numMeio, nomeMeio, nomeEntidade) VALUES (216, 'veiculo216', 'Entidade216');
INSERT INTO Meio(numMeio, nomeMeio, nomeEntidade) VALUES (217, 'veiculo217', 'Entidade217');
INSERT INTO Meio(numMeio, nomeMeio, nomeEntidade) VALUES (218, 'veiculo218', 'Entidade218');
INSERT INTO Meio(numMeio, nomeMeio, nomeEntidade) VALUES (219, 'veiculo219', 'Entidade219');
INSERT INTO Meio(numMeio, nomeMeio, nomeEntidade) VALUES (220, 'veiculo220', 'Entidade220');
INSERT INTO Meio(numMeio, nomeMeio, nomeEntidade) VALUES (221, 'veiculo221', 'Entidade221');
INSERT INTO Meio(numMeio, nomeMeio, nomeEntidade) VALUES (222, 'veiculo222', 'Entidade222');
INSERT INTO Meio(numMeio, nomeMeio, nomeEntidade) VALUES (223, 'veiculo223', 'Entidade223');
INSERT INTO Meio(numMeio, nomeMeio, nomeEntidade) VALUES (224, 'veiculo224', 'Entidade224');
INSERT INTO Meio(numMeio, nomeMeio, nomeEntidade) VALUES (225, 'veiculo225', 'Entidade225');
INSERT INTO Meio(numMeio, nomeMeio, nomeEntidade) VALUES (226, 'veiculo226', 'Entidade226');
INSERT INTO Meio(numMeio, nomeMeio, nomeEntidade) VALUES (227, 'veiculo227', 'Entidade227');
INSERT INTO Meio(numMeio, nomeMeio, nomeEntidade) VALUES (228, 'veiculo228', 'Entidade228');
INSERT INTO Meio(numMeio, nomeMeio, nomeEntidade) VALUES (229, 'veiculo229', 'Entidade229');
INSERT INTO Meio(numMeio, nomeMeio, nomeEntidade) VALUES (230, 'veiculo230', 'Entidade230');
INSERT INTO Meio(numMeio, nomeMeio, nomeEntidade) VALUES (231, 'veiculo231', 'Entidade231');
INSERT INTO Meio(numMeio, nomeMeio, nomeEntidade) VALUES (232, 'veiculo232', 'Entidade232');
INSERT INTO Meio(numMeio, nomeMeio, nomeEntidade) VALUES (233, 'veiculo233', 'Entidade233');
INSERT INTO Meio(numMeio, nomeMeio, nomeEntidade) VALUES (234, 'veiculo234', 'Entidade234');
INSERT INTO Meio(numMeio, nomeMeio, nomeEntidade) VALUES (235, 'veiculo235', 'Entidade235');
INSERT INTO Meio(numMeio, nomeMeio, nomeEntidade) VALUES (236, 'veiculo236', 'Entidade236');
INSERT INTO Meio(numMeio, nomeMeio, nomeEntidade) VALUES (237, 'veiculo237', 'Entidade237');
INSERT INTO Meio(numMeio, nomeMeio, nomeEntidade) VALUES (238, 'veiculo238', 'Entidade238');
INSERT INTO Meio(numMeio, nomeMeio, nomeEntidade) VALUES (239, 'veiculo239', 'Entidade239');
INSERT INTO Meio(numMeio, nomeMeio, nomeEntidade) VALUES (240, 'veiculo240', 'Entidade240');
INSERT INTO Meio(numMeio, nomeMeio, nomeEntidade) VALUES (241, 'veiculo241', 'Entidade241');
INSERT INTO Meio(numMeio, nomeMeio, nomeEntidade) VALUES (242, 'veiculo242', 'Entidade242');
INSERT INTO Meio(numMeio, nomeMeio, nomeEntidade) VALUES (243, 'veiculo243', 'Entidade243');
INSERT INTO Meio(numMeio, nomeMeio, nomeEntidade) VALUES (244, 'veiculo244', 'Entidade244');
INSERT INTO Meio(numMeio, nomeMeio, nomeEntidade) VALUES (245, 'veiculo245', 'Entidade245');
INSERT INTO Meio(numMeio, nomeMeio, nomeEntidade) VALUES (246, 'veiculo246', 'Entidade246');
INSERT INTO Meio(numMeio, nomeMeio, nomeEntidade) VALUES (247, 'veiculo247', 'Entidade247');
INSERT INTO Meio(numMeio, nomeMeio, nomeEntidade) VALUES (248, 'veiculo248', 'Entidade248');
INSERT INTO Meio(numMeio, nomeMeio, nomeEntidade) VALUES (249, 'veiculo249', 'Entidade249');
INSERT INTO Meio(numMeio, nomeMeio, nomeEntidade) VALUES (250, 'veiculo250', 'Entidade250');
INSERT INTO Meio(numMeio, nomeMeio, nomeEntidade) VALUES (251, 'veiculo251', 'Entidade251');
INSERT INTO Meio(numMeio, nomeMeio, nomeEntidade) VALUES (252, 'veiculo252', 'Entidade252');
INSERT INTO Meio(numMeio, nomeMeio, nomeEntidade) VALUES (253, 'veiculo253', 'Entidade253');
INSERT INTO Meio(numMeio, nomeMeio, nomeEntidade) VALUES (254, 'veiculo254', 'Entidade254');
INSERT INTO Meio(numMeio, nomeMeio, nomeEntidade) VALUES (255, 'veiculo255', 'Entidade255');
INSERT INTO Meio(numMeio, nomeMeio, nomeEntidade) VALUES (256, 'veiculo256', 'Entidade256');
INSERT INTO Meio(numMeio, nomeMeio, nomeEntidade) VALUES (257, 'veiculo257', 'Entidade257');
INSERT INTO Meio(numMeio, nomeMeio, nomeEntidade) VALUES (258, 'veiculo258', 'Entidade258');
INSERT INTO Meio(numMeio, nomeMeio, nomeEntidade) VALUES (259, 'veiculo259', 'Entidade259');
INSERT INTO Meio(numMeio, nomeMeio, nomeEntidade) VALUES (260, 'veiculo260', 'Entidade260');
INSERT INTO Meio(numMeio, nomeMeio, nomeEntidade) VALUES (261, 'veiculo261', 'Entidade261');
INSERT INTO Meio(numMeio, nomeMeio, nomeEntidade) VALUES (262, 'veiculo262', 'Entidade262');
INSERT INTO Meio(numMeio, nomeMeio, nomeEntidade) VALUES (263, 'veiculo263', 'Entidade263');
INSERT INTO Meio(numMeio, nomeMeio, nomeEntidade) VALUES (264, 'veiculo264', 'Entidade264');
INSERT INTO Meio(numMeio, nomeMeio, nomeEntidade) VALUES (265, 'veiculo265', 'Entidade265');
INSERT INTO Meio(numMeio, nomeMeio, nomeEntidade) VALUES (266, 'veiculo266', 'Entidade266');
INSERT INTO Meio(numMeio, nomeMeio, nomeEntidade) VALUES (267, 'veiculo267', 'Entidade267');
INSERT INTO Meio(numMeio, nomeMeio, nomeEntidade) VALUES (268, 'veiculo268', 'Entidade268');
INSERT INTO Meio(numMeio, nomeMeio, nomeEntidade) VALUES (269, 'veiculo269', 'Entidade269');
INSERT INTO Meio(numMeio, nomeMeio, nomeEntidade) VALUES (270, 'veiculo270', 'Entidade270');
INSERT INTO Meio(numMeio, nomeMeio, nomeEntidade) VALUES (271, 'veiculo271', 'Entidade271');
INSERT INTO Meio(numMeio, nomeMeio, nomeEntidade) VALUES (272, 'veiculo272', 'Entidade272');
INSERT INTO Meio(numMeio, nomeMeio, nomeEntidade) VALUES (273, 'veiculo273', 'Entidade273');
INSERT INTO Meio(numMeio, nomeMeio, nomeEntidade) VALUES (274, 'veiculo274', 'Entidade274');
INSERT INTO Meio(numMeio, nomeMeio, nomeEntidade) VALUES (275, 'veiculo275', 'Entidade275');
INSERT INTO Meio(numMeio, nomeMeio, nomeEntidade) VALUES (276, 'veiculo276', 'Entidade276');
INSERT INTO Meio(numMeio, nomeMeio, nomeEntidade) VALUES (277, 'veiculo277', 'Entidade277');
INSERT INTO Meio(numMeio, nomeMeio, nomeEntidade) VALUES (278, 'veiculo278', 'Entidade278');
INSERT INTO Meio(numMeio, nomeMeio, nomeEntidade) VALUES (279, 'veiculo279', 'Entidade279');
INSERT INTO Meio(numMeio, nomeMeio, nomeEntidade) VALUES (280, 'veiculo280', 'Entidade280');
INSERT INTO Meio(numMeio, nomeMeio, nomeEntidade) VALUES (281, 'veiculo281', 'Entidade281');
INSERT INTO Meio(numMeio, nomeMeio, nomeEntidade) VALUES (282, 'veiculo282', 'Entidade282');
INSERT INTO Meio(numMeio, nomeMeio, nomeEntidade) VALUES (283, 'veiculo283', 'Entidade283');
INSERT INTO Meio(numMeio, nomeMeio, nomeEntidade) VALUES (284, 'veiculo284', 'Entidade284');
INSERT INTO Meio(numMeio, nomeMeio, nomeEntidade) VALUES (285, 'veiculo285', 'Entidade285');
INSERT INTO Meio(numMeio, nomeMeio, nomeEntidade) VALUES (286, 'veiculo286', 'Entidade286');
INSERT INTO Meio(numMeio, nomeMeio, nomeEntidade) VALUES (287, 'veiculo287', 'Entidade287');
INSERT INTO Meio(numMeio, nomeMeio, nomeEntidade) VALUES (288, 'veiculo288', 'Entidade288');
INSERT INTO Meio(numMeio, nomeMeio, nomeEntidade) VALUES (289, 'veiculo289', 'Entidade289');
INSERT INTO Meio(numMeio, nomeMeio, nomeEntidade) VALUES (290, 'veiculo290', 'Entidade290');
INSERT INTO Meio(numMeio, nomeMeio, nomeEntidade) VALUES (291, 'veiculo291', 'Entidade291');
INSERT INTO Meio(numMeio, nomeMeio, nomeEntidade) VALUES (292, 'veiculo292', 'Entidade292');
INSERT INTO Meio(numMeio, nomeMeio, nomeEntidade) VALUES (293, 'veiculo293', 'Entidade293');
INSERT INTO Meio(numMeio, nomeMeio, nomeEntidade) VALUES (294, 'veiculo294', 'Entidade294');
INSERT INTO Meio(numMeio, nomeMeio, nomeEntidade) VALUES (295, 'veiculo295', 'Entidade295');
INSERT INTO Meio(numMeio, nomeMeio, nomeEntidade) VALUES (296, 'veiculo296', 'Entidade296');
INSERT INTO Meio(numMeio, nomeMeio, nomeEntidade) VALUES (297, 'veiculo297', 'Entidade297');
INSERT INTO Meio(numMeio, nomeMeio, nomeEntidade) VALUES (298, 'veiculo298', 'Entidade298');
INSERT INTO Meio(numMeio, nomeMeio, nomeEntidade) VALUES (299, 'veiculo299', 'Entidade299');
INSERT INTO Meio(numMeio, nomeMeio, nomeEntidade) VALUES (300, 'veiculo300', 'Entidade300');

INSERT INTO Acciona(numMeio, nomeEntidade, numProcessoSocorro) VALUES (1, 'Entidade1', 1);
INSERT INTO Acciona(numMeio, nomeEntidade, numProcessoSocorro) VALUES (2, 'Entidade2', 2);
INSERT INTO Acciona(numMeio, nomeEntidade, numProcessoSocorro) VALUES (3, 'Entidade3', 3);
INSERT INTO Acciona(numMeio, nomeEntidade, numProcessoSocorro) VALUES (4, 'Entidade4', 4);
INSERT INTO Acciona(numMeio, nomeEntidade, numProcessoSocorro) VALUES (5, 'Entidade5', 5);
INSERT INTO Acciona(numMeio, nomeEntidade, numProcessoSocorro) VALUES (6, 'Entidade6', 6);
INSERT INTO Acciona(numMeio, nomeEntidade, numProcessoSocorro) VALUES (7, 'Entidade7', 7);
INSERT INTO Acciona(numMeio, nomeEntidade, numProcessoSocorro) VALUES (8, 'Entidade8', 8);
INSERT INTO Acciona(numMeio, nomeEntidade, numProcessoSocorro) VALUES (9, 'Entidade9', 9);
INSERT INTO Acciona(numMeio, nomeEntidade, numProcessoSocorro) VALUES (10, 'Entidade10', 10);
INSERT INTO Acciona(numMeio, nomeEntidade, numProcessoSocorro) VALUES (11, 'Entidade11', 11);
INSERT INTO Acciona(numMeio, nomeEntidade, numProcessoSocorro) VALUES (12, 'Entidade12', 12);
INSERT INTO Acciona(numMeio, nomeEntidade, numProcessoSocorro) VALUES (13, 'Entidade13', 13);
INSERT INTO Acciona(numMeio, nomeEntidade, numProcessoSocorro) VALUES (14, 'Entidade14', 14);
INSERT INTO Acciona(numMeio, nomeEntidade, numProcessoSocorro) VALUES (15, 'Entidade15', 15);
INSERT INTO Acciona(numMeio, nomeEntidade, numProcessoSocorro) VALUES (16, 'Entidade16', 16);
INSERT INTO Acciona(numMeio, nomeEntidade, numProcessoSocorro) VALUES (17, 'Entidade17', 17);
INSERT INTO Acciona(numMeio, nomeEntidade, numProcessoSocorro) VALUES (18, 'Entidade18', 18);
INSERT INTO Acciona(numMeio, nomeEntidade, numProcessoSocorro) VALUES (19, 'Entidade19', 19);
INSERT INTO Acciona(numMeio, nomeEntidade, numProcessoSocorro) VALUES (20, 'Entidade20', 20);
INSERT INTO Acciona(numMeio, nomeEntidade, numProcessoSocorro) VALUES (21, 'Entidade21', 21);
INSERT INTO Acciona(numMeio, nomeEntidade, numProcessoSocorro) VALUES (22, 'Entidade22', 22);
INSERT INTO Acciona(numMeio, nomeEntidade, numProcessoSocorro) VALUES (23, 'Entidade23', 23);
INSERT INTO Acciona(numMeio, nomeEntidade, numProcessoSocorro) VALUES (24, 'Entidade24', 24);
INSERT INTO Acciona(numMeio, nomeEntidade, numProcessoSocorro) VALUES (25, 'Entidade25', 25);
INSERT INTO Acciona(numMeio, nomeEntidade, numProcessoSocorro) VALUES (26, 'Entidade26', 26);
INSERT INTO Acciona(numMeio, nomeEntidade, numProcessoSocorro) VALUES (27, 'Entidade27', 27);
INSERT INTO Acciona(numMeio, nomeEntidade, numProcessoSocorro) VALUES (28, 'Entidade28', 28);
INSERT INTO Acciona(numMeio, nomeEntidade, numProcessoSocorro) VALUES (29, 'Entidade29', 29);
INSERT INTO Acciona(numMeio, nomeEntidade, numProcessoSocorro) VALUES (30, 'Entidade30', 30);
INSERT INTO Acciona(numMeio, nomeEntidade, numProcessoSocorro) VALUES (31, 'Entidade31', 31);
INSERT INTO Acciona(numMeio, nomeEntidade, numProcessoSocorro) VALUES (32, 'Entidade32', 32);
INSERT INTO Acciona(numMeio, nomeEntidade, numProcessoSocorro) VALUES (33, 'Entidade33', 33);
INSERT INTO Acciona(numMeio, nomeEntidade, numProcessoSocorro) VALUES (34, 'Entidade34', 34);
INSERT INTO Acciona(numMeio, nomeEntidade, numProcessoSocorro) VALUES (35, 'Entidade35', 35);
INSERT INTO Acciona(numMeio, nomeEntidade, numProcessoSocorro) VALUES (36, 'Entidade36', 36);
INSERT INTO Acciona(numMeio, nomeEntidade, numProcessoSocorro) VALUES (37, 'Entidade37', 37);
INSERT INTO Acciona(numMeio, nomeEntidade, numProcessoSocorro) VALUES (38, 'Entidade38', 38);
INSERT INTO Acciona(numMeio, nomeEntidade, numProcessoSocorro) VALUES (39, 'Entidade39', 39);
INSERT INTO Acciona(numMeio, nomeEntidade, numProcessoSocorro) VALUES (40, 'Entidade40', 40);
INSERT INTO Acciona(numMeio, nomeEntidade, numProcessoSocorro) VALUES (41, 'Entidade41', 41);
INSERT INTO Acciona(numMeio, nomeEntidade, numProcessoSocorro) VALUES (42, 'Entidade42', 42);
INSERT INTO Acciona(numMeio, nomeEntidade, numProcessoSocorro) VALUES (43, 'Entidade43', 43);
INSERT INTO Acciona(numMeio, nomeEntidade, numProcessoSocorro) VALUES (44, 'Entidade44', 44);
INSERT INTO Acciona(numMeio, nomeEntidade, numProcessoSocorro) VALUES (45, 'Entidade45', 45);
INSERT INTO Acciona(numMeio, nomeEntidade, numProcessoSocorro) VALUES (46, 'Entidade46', 46);
INSERT INTO Acciona(numMeio, nomeEntidade, numProcessoSocorro) VALUES (47, 'Entidade47', 47);
INSERT INTO Acciona(numMeio, nomeEntidade, numProcessoSocorro) VALUES (48, 'Entidade48', 48);
INSERT INTO Acciona(numMeio, nomeEntidade, numProcessoSocorro) VALUES (49, 'Entidade49', 49);
INSERT INTO Acciona(numMeio, nomeEntidade, numProcessoSocorro) VALUES (50, 'Entidade50', 50);
INSERT INTO Acciona(numMeio, nomeEntidade, numProcessoSocorro) VALUES (51, 'Entidade51', 51);
INSERT INTO Acciona(numMeio, nomeEntidade, numProcessoSocorro) VALUES (52, 'Entidade52', 52);
INSERT INTO Acciona(numMeio, nomeEntidade, numProcessoSocorro) VALUES (53, 'Entidade53', 53);
INSERT INTO Acciona(numMeio, nomeEntidade, numProcessoSocorro) VALUES (54, 'Entidade54', 54);
INSERT INTO Acciona(numMeio, nomeEntidade, numProcessoSocorro) VALUES (55, 'Entidade55', 55);
INSERT INTO Acciona(numMeio, nomeEntidade, numProcessoSocorro) VALUES (56, 'Entidade56', 56);
INSERT INTO Acciona(numMeio, nomeEntidade, numProcessoSocorro) VALUES (57, 'Entidade57', 57);
INSERT INTO Acciona(numMeio, nomeEntidade, numProcessoSocorro) VALUES (58, 'Entidade58', 58);
INSERT INTO Acciona(numMeio, nomeEntidade, numProcessoSocorro) VALUES (59, 'Entidade59', 59);
INSERT INTO Acciona(numMeio, nomeEntidade, numProcessoSocorro) VALUES (60, 'Entidade60', 60);
INSERT INTO Acciona(numMeio, nomeEntidade, numProcessoSocorro) VALUES (61, 'Entidade61', 61);
INSERT INTO Acciona(numMeio, nomeEntidade, numProcessoSocorro) VALUES (62, 'Entidade62', 62);
INSERT INTO Acciona(numMeio, nomeEntidade, numProcessoSocorro) VALUES (63, 'Entidade63', 63);
INSERT INTO Acciona(numMeio, nomeEntidade, numProcessoSocorro) VALUES (64, 'Entidade64', 64);
INSERT INTO Acciona(numMeio, nomeEntidade, numProcessoSocorro) VALUES (65, 'Entidade65', 65);
INSERT INTO Acciona(numMeio, nomeEntidade, numProcessoSocorro) VALUES (66, 'Entidade66', 66);
INSERT INTO Acciona(numMeio, nomeEntidade, numProcessoSocorro) VALUES (67, 'Entidade67', 67);
INSERT INTO Acciona(numMeio, nomeEntidade, numProcessoSocorro) VALUES (68, 'Entidade68', 68);
INSERT INTO Acciona(numMeio, nomeEntidade, numProcessoSocorro) VALUES (69, 'Entidade69', 69);
INSERT INTO Acciona(numMeio, nomeEntidade, numProcessoSocorro) VALUES (70, 'Entidade70', 70);
INSERT INTO Acciona(numMeio, nomeEntidade, numProcessoSocorro) VALUES (71, 'Entidade71', 71);
INSERT INTO Acciona(numMeio, nomeEntidade, numProcessoSocorro) VALUES (72, 'Entidade72', 72);
INSERT INTO Acciona(numMeio, nomeEntidade, numProcessoSocorro) VALUES (73, 'Entidade73', 73);
INSERT INTO Acciona(numMeio, nomeEntidade, numProcessoSocorro) VALUES (74, 'Entidade74', 74);
INSERT INTO Acciona(numMeio, nomeEntidade, numProcessoSocorro) VALUES (75, 'Entidade75', 75);
INSERT INTO Acciona(numMeio, nomeEntidade, numProcessoSocorro) VALUES (76, 'Entidade76', 76);
INSERT INTO Acciona(numMeio, nomeEntidade, numProcessoSocorro) VALUES (77, 'Entidade77', 77);
INSERT INTO Acciona(numMeio, nomeEntidade, numProcessoSocorro) VALUES (78, 'Entidade78', 78);
INSERT INTO Acciona(numMeio, nomeEntidade, numProcessoSocorro) VALUES (79, 'Entidade79', 79);
INSERT INTO Acciona(numMeio, nomeEntidade, numProcessoSocorro) VALUES (80, 'Entidade80', 80);
INSERT INTO Acciona(numMeio, nomeEntidade, numProcessoSocorro) VALUES (81, 'Entidade81', 81);
INSERT INTO Acciona(numMeio, nomeEntidade, numProcessoSocorro) VALUES (82, 'Entidade82', 82);
INSERT INTO Acciona(numMeio, nomeEntidade, numProcessoSocorro) VALUES (83, 'Entidade83', 83);
INSERT INTO Acciona(numMeio, nomeEntidade, numProcessoSocorro) VALUES (84, 'Entidade84', 84);
INSERT INTO Acciona(numMeio, nomeEntidade, numProcessoSocorro) VALUES (85, 'Entidade85', 85);
INSERT INTO Acciona(numMeio, nomeEntidade, numProcessoSocorro) VALUES (86, 'Entidade86', 86);
INSERT INTO Acciona(numMeio, nomeEntidade, numProcessoSocorro) VALUES (87, 'Entidade87', 87);
INSERT INTO Acciona(numMeio, nomeEntidade, numProcessoSocorro) VALUES (88, 'Entidade88', 88);
INSERT INTO Acciona(numMeio, nomeEntidade, numProcessoSocorro) VALUES (89, 'Entidade89', 89);
INSERT INTO Acciona(numMeio, nomeEntidade, numProcessoSocorro) VALUES (90, 'Entidade90', 90);
INSERT INTO Acciona(numMeio, nomeEntidade, numProcessoSocorro) VALUES (91, 'Entidade91', 91);
INSERT INTO Acciona(numMeio, nomeEntidade, numProcessoSocorro) VALUES (92, 'Entidade92', 92);
INSERT INTO Acciona(numMeio, nomeEntidade, numProcessoSocorro) VALUES (93, 'Entidade93', 93);
INSERT INTO Acciona(numMeio, nomeEntidade, numProcessoSocorro) VALUES (94, 'Entidade94', 94);
INSERT INTO Acciona(numMeio, nomeEntidade, numProcessoSocorro) VALUES (95, 'Entidade95', 95);
INSERT INTO Acciona(numMeio, nomeEntidade, numProcessoSocorro) VALUES (96, 'Entidade96', 96);
INSERT INTO Acciona(numMeio, nomeEntidade, numProcessoSocorro) VALUES (97, 'Entidade97', 97);
INSERT INTO Acciona(numMeio, nomeEntidade, numProcessoSocorro) VALUES (98, 'Entidade98', 98);
INSERT INTO Acciona(numMeio, nomeEntidade, numProcessoSocorro) VALUES (99, 'Entidade99', 99);
INSERT INTO Acciona(numMeio, nomeEntidade, numProcessoSocorro) VALUES (100, 'Entidade100', 100);

INSERT INTO Coordenador(idCoordenador) VALUES (1);
INSERT INTO Coordenador(idCoordenador) VALUES (2);
INSERT INTO Coordenador(idCoordenador) VALUES (3);
INSERT INTO Coordenador(idCoordenador) VALUES (4);
INSERT INTO Coordenador(idCoordenador) VALUES (5);
INSERT INTO Coordenador(idCoordenador) VALUES (6);
INSERT INTO Coordenador(idCoordenador) VALUES (7);
INSERT INTO Coordenador(idCoordenador) VALUES (8);
INSERT INTO Coordenador(idCoordenador) VALUES (9);
INSERT INTO Coordenador(idCoordenador) VALUES (10);
INSERT INTO Coordenador(idCoordenador) VALUES (11);
INSERT INTO Coordenador(idCoordenador) VALUES (12);
INSERT INTO Coordenador(idCoordenador) VALUES (13);
INSERT INTO Coordenador(idCoordenador) VALUES (14);
INSERT INTO Coordenador(idCoordenador) VALUES (15);
INSERT INTO Coordenador(idCoordenador) VALUES (16);
INSERT INTO Coordenador(idCoordenador) VALUES (17);
INSERT INTO Coordenador(idCoordenador) VALUES (18);
INSERT INTO Coordenador(idCoordenador) VALUES (19);
INSERT INTO Coordenador(idCoordenador) VALUES (20);
INSERT INTO Coordenador(idCoordenador) VALUES (21);
INSERT INTO Coordenador(idCoordenador) VALUES (22);
INSERT INTO Coordenador(idCoordenador) VALUES (23);
INSERT INTO Coordenador(idCoordenador) VALUES (24);
INSERT INTO Coordenador(idCoordenador) VALUES (25);
INSERT INTO Coordenador(idCoordenador) VALUES (26);
INSERT INTO Coordenador(idCoordenador) VALUES (27);
INSERT INTO Coordenador(idCoordenador) VALUES (28);
INSERT INTO Coordenador(idCoordenador) VALUES (29);
INSERT INTO Coordenador(idCoordenador) VALUES (30);
INSERT INTO Coordenador(idCoordenador) VALUES (31);
INSERT INTO Coordenador(idCoordenador) VALUES (32);
INSERT INTO Coordenador(idCoordenador) VALUES (33);
INSERT INTO Coordenador(idCoordenador) VALUES (34);
INSERT INTO Coordenador(idCoordenador) VALUES (35);
INSERT INTO Coordenador(idCoordenador) VALUES (36);
INSERT INTO Coordenador(idCoordenador) VALUES (37);
INSERT INTO Coordenador(idCoordenador) VALUES (38);
INSERT INTO Coordenador(idCoordenador) VALUES (39);
INSERT INTO Coordenador(idCoordenador) VALUES (40);
INSERT INTO Coordenador(idCoordenador) VALUES (41);
INSERT INTO Coordenador(idCoordenador) VALUES (42);
INSERT INTO Coordenador(idCoordenador) VALUES (43);
INSERT INTO Coordenador(idCoordenador) VALUES (44);
INSERT INTO Coordenador(idCoordenador) VALUES (45);
INSERT INTO Coordenador(idCoordenador) VALUES (46);
INSERT INTO Coordenador(idCoordenador) VALUES (47);
INSERT INTO Coordenador(idCoordenador) VALUES (48);
INSERT INTO Coordenador(idCoordenador) VALUES (49);
INSERT INTO Coordenador(idCoordenador) VALUES (50);
INSERT INTO Coordenador(idCoordenador) VALUES (51);
INSERT INTO Coordenador(idCoordenador) VALUES (52);
INSERT INTO Coordenador(idCoordenador) VALUES (53);
INSERT INTO Coordenador(idCoordenador) VALUES (54);
INSERT INTO Coordenador(idCoordenador) VALUES (55);
INSERT INTO Coordenador(idCoordenador) VALUES (56);
INSERT INTO Coordenador(idCoordenador) VALUES (57);
INSERT INTO Coordenador(idCoordenador) VALUES (58);
INSERT INTO Coordenador(idCoordenador) VALUES (59);
INSERT INTO Coordenador(idCoordenador) VALUES (60);
INSERT INTO Coordenador(idCoordenador) VALUES (61);
INSERT INTO Coordenador(idCoordenador) VALUES (62);
INSERT INTO Coordenador(idCoordenador) VALUES (63);
INSERT INTO Coordenador(idCoordenador) VALUES (64);
INSERT INTO Coordenador(idCoordenador) VALUES (65);
INSERT INTO Coordenador(idCoordenador) VALUES (66);
INSERT INTO Coordenador(idCoordenador) VALUES (67);
INSERT INTO Coordenador(idCoordenador) VALUES (68);
INSERT INTO Coordenador(idCoordenador) VALUES (69);
INSERT INTO Coordenador(idCoordenador) VALUES (70);
INSERT INTO Coordenador(idCoordenador) VALUES (71);
INSERT INTO Coordenador(idCoordenador) VALUES (72);
INSERT INTO Coordenador(idCoordenador) VALUES (73);
INSERT INTO Coordenador(idCoordenador) VALUES (74);
INSERT INTO Coordenador(idCoordenador) VALUES (75);
INSERT INTO Coordenador(idCoordenador) VALUES (76);
INSERT INTO Coordenador(idCoordenador) VALUES (77);
INSERT INTO Coordenador(idCoordenador) VALUES (78);
INSERT INTO Coordenador(idCoordenador) VALUES (79);
INSERT INTO Coordenador(idCoordenador) VALUES (80);
INSERT INTO Coordenador(idCoordenador) VALUES (81);
INSERT INTO Coordenador(idCoordenador) VALUES (82);
INSERT INTO Coordenador(idCoordenador) VALUES (83);
INSERT INTO Coordenador(idCoordenador) VALUES (84);
INSERT INTO Coordenador(idCoordenador) VALUES (85);
INSERT INTO Coordenador(idCoordenador) VALUES (86);
INSERT INTO Coordenador(idCoordenador) VALUES (87);
INSERT INTO Coordenador(idCoordenador) VALUES (88);
INSERT INTO Coordenador(idCoordenador) VALUES (89);
INSERT INTO Coordenador(idCoordenador) VALUES (90);
INSERT INTO Coordenador(idCoordenador) VALUES (91);
INSERT INTO Coordenador(idCoordenador) VALUES (92);
INSERT INTO Coordenador(idCoordenador) VALUES (93);
INSERT INTO Coordenador(idCoordenador) VALUES (94);
INSERT INTO Coordenador(idCoordenador) VALUES (95);
INSERT INTO Coordenador(idCoordenador) VALUES (96);
INSERT INTO Coordenador(idCoordenador) VALUES (97);
INSERT INTO Coordenador(idCoordenador) VALUES (98);
INSERT INTO Coordenador(idCoordenador) VALUES (99);
INSERT INTO Coordenador(idCoordenador) VALUES (100);

INSERT INTO Audita(idCoordenador, numMeio, nomeEntidade, numProcessoSocorro, datahoraInicio, datahoraFim, dataAuditoria, texto) VALUES (1, 1, 'Entidade1', 1, '2015-03-28 20:20:20', '2015-04-28 20:20:20', '2019-04-28 20:20:20', 'Correu Tudo bem');
INSERT INTO Audita(idCoordenador, numMeio, nomeEntidade, numProcessoSocorro, datahoraInicio, datahoraFim, dataAuditoria, texto) VALUES (2, 2, 'Entidade2', 2, '2015-03-28 20:20:20', '2015-04-28 20:20:20', '2019-04-28 20:20:20', 'Correu Tudo bem');
INSERT INTO Audita(idCoordenador, numMeio, nomeEntidade, numProcessoSocorro, datahoraInicio, datahoraFim, dataAuditoria, texto) VALUES (3, 3, 'Entidade3', 3, '2015-03-28 20:20:20', '2015-04-28 20:20:20', '2019-04-28 20:20:20', 'Correu Tudo bem');
INSERT INTO Audita(idCoordenador, numMeio, nomeEntidade, numProcessoSocorro, datahoraInicio, datahoraFim, dataAuditoria, texto) VALUES (4, 4, 'Entidade4', 4, '2015-03-28 20:20:20', '2015-04-28 20:20:20', '2019-04-28 20:20:20', 'Correu Tudo bem');
INSERT INTO Audita(idCoordenador, numMeio, nomeEntidade, numProcessoSocorro, datahoraInicio, datahoraFim, dataAuditoria, texto) VALUES (5, 5, 'Entidade5', 5, '2015-03-28 20:20:20', '2015-04-28 20:20:20', '2019-04-28 20:20:20', 'Correu Tudo bem');
INSERT INTO Audita(idCoordenador, numMeio, nomeEntidade, numProcessoSocorro, datahoraInicio, datahoraFim, dataAuditoria, texto) VALUES (6, 6, 'Entidade6', 6, '2015-03-28 20:20:20', '2015-04-28 20:20:20', '2019-04-28 20:20:20', 'Correu Tudo bem');
INSERT INTO Audita(idCoordenador, numMeio, nomeEntidade, numProcessoSocorro, datahoraInicio, datahoraFim, dataAuditoria, texto) VALUES (7, 7, 'Entidade7', 7, '2015-03-28 20:20:20', '2015-04-28 20:20:20', '2019-04-28 20:20:20', 'Correu Tudo bem');
INSERT INTO Audita(idCoordenador, numMeio, nomeEntidade, numProcessoSocorro, datahoraInicio, datahoraFim, dataAuditoria, texto) VALUES (8, 8, 'Entidade8', 8, '2015-03-28 20:20:20', '2015-04-28 20:20:20', '2019-04-28 20:20:20', 'Correu Tudo bem');
INSERT INTO Audita(idCoordenador, numMeio, nomeEntidade, numProcessoSocorro, datahoraInicio, datahoraFim, dataAuditoria, texto) VALUES (9, 9, 'Entidade9', 9, '2015-03-28 20:20:20', '2015-04-28 20:20:20', '2019-04-28 20:20:20', 'Correu Tudo bem');
INSERT INTO Audita(idCoordenador, numMeio, nomeEntidade, numProcessoSocorro, datahoraInicio, datahoraFim, dataAuditoria, texto) VALUES (10, 10, 'Entidade10', 10, '2015-03-28 20:20:20', '2015-04-28 20:20:20', '2019-04-28 20:20:20', 'Correu Tudo bem');
INSERT INTO Audita(idCoordenador, numMeio, nomeEntidade, numProcessoSocorro, datahoraInicio, datahoraFim, dataAuditoria, texto) VALUES (11, 11, 'Entidade11', 11, '2015-03-28 20:20:20', '2015-04-28 20:20:20', '2019-04-28 20:20:20', 'Correu Tudo bem');
INSERT INTO Audita(idCoordenador, numMeio, nomeEntidade, numProcessoSocorro, datahoraInicio, datahoraFim, dataAuditoria, texto) VALUES (12, 12, 'Entidade12', 12, '2015-03-28 20:20:20', '2015-04-28 20:20:20', '2019-04-28 20:20:20', 'Correu Tudo bem');
INSERT INTO Audita(idCoordenador, numMeio, nomeEntidade, numProcessoSocorro, datahoraInicio, datahoraFim, dataAuditoria, texto) VALUES (13, 13, 'Entidade13', 13, '2015-03-28 20:20:20', '2015-04-28 20:20:20', '2019-04-28 20:20:20', 'Correu Tudo bem');
INSERT INTO Audita(idCoordenador, numMeio, nomeEntidade, numProcessoSocorro, datahoraInicio, datahoraFim, dataAuditoria, texto) VALUES (14, 14, 'Entidade14', 14, '2015-03-28 20:20:20', '2015-04-28 20:20:20', '2019-04-28 20:20:20', 'Correu Tudo bem');
INSERT INTO Audita(idCoordenador, numMeio, nomeEntidade, numProcessoSocorro, datahoraInicio, datahoraFim, dataAuditoria, texto) VALUES (15, 15, 'Entidade15', 15, '2015-03-28 20:20:20', '2015-04-28 20:20:20', '2019-04-28 20:20:20', 'Correu Tudo bem');
INSERT INTO Audita(idCoordenador, numMeio, nomeEntidade, numProcessoSocorro, datahoraInicio, datahoraFim, dataAuditoria, texto) VALUES (16, 16, 'Entidade16', 16, '2015-03-28 20:20:20', '2015-04-28 20:20:20', '2019-04-28 20:20:20', 'Correu Tudo bem');
INSERT INTO Audita(idCoordenador, numMeio, nomeEntidade, numProcessoSocorro, datahoraInicio, datahoraFim, dataAuditoria, texto) VALUES (17, 17, 'Entidade17', 17, '2015-03-28 20:20:20', '2015-04-28 20:20:20', '2019-04-28 20:20:20', 'Correu Tudo bem');
INSERT INTO Audita(idCoordenador, numMeio, nomeEntidade, numProcessoSocorro, datahoraInicio, datahoraFim, dataAuditoria, texto) VALUES (18, 18, 'Entidade18', 18, '2015-03-28 20:20:20', '2015-04-28 20:20:20', '2019-04-28 20:20:20', 'Correu Tudo bem');
INSERT INTO Audita(idCoordenador, numMeio, nomeEntidade, numProcessoSocorro, datahoraInicio, datahoraFim, dataAuditoria, texto) VALUES (19, 19, 'Entidade19', 19, '2015-03-28 20:20:20', '2015-04-28 20:20:20', '2019-04-28 20:20:20', 'Correu Tudo bem');
INSERT INTO Audita(idCoordenador, numMeio, nomeEntidade, numProcessoSocorro, datahoraInicio, datahoraFim, dataAuditoria, texto) VALUES (20, 20, 'Entidade20', 20, '2015-03-28 20:20:20', '2015-04-28 20:20:20', '2019-04-28 20:20:20', 'Correu Tudo bem');
INSERT INTO Audita(idCoordenador, numMeio, nomeEntidade, numProcessoSocorro, datahoraInicio, datahoraFim, dataAuditoria, texto) VALUES (21, 21, 'Entidade21', 21, '2015-03-28 20:20:20', '2015-04-28 20:20:20', '2019-04-28 20:20:20', 'Correu Tudo bem');
INSERT INTO Audita(idCoordenador, numMeio, nomeEntidade, numProcessoSocorro, datahoraInicio, datahoraFim, dataAuditoria, texto) VALUES (22, 22, 'Entidade22', 22, '2015-03-28 20:20:20', '2015-04-28 20:20:20', '2019-04-28 20:20:20', 'Correu Tudo bem');
INSERT INTO Audita(idCoordenador, numMeio, nomeEntidade, numProcessoSocorro, datahoraInicio, datahoraFim, dataAuditoria, texto) VALUES (23, 23, 'Entidade23', 23, '2015-03-28 20:20:20', '2015-04-28 20:20:20', '2019-04-28 20:20:20', 'Correu Tudo bem');
INSERT INTO Audita(idCoordenador, numMeio, nomeEntidade, numProcessoSocorro, datahoraInicio, datahoraFim, dataAuditoria, texto) VALUES (24, 24, 'Entidade24', 24, '2015-03-28 20:20:20', '2015-04-28 20:20:20', '2019-04-28 20:20:20', 'Correu Tudo bem');
INSERT INTO Audita(idCoordenador, numMeio, nomeEntidade, numProcessoSocorro, datahoraInicio, datahoraFim, dataAuditoria, texto) VALUES (25, 25, 'Entidade25', 25, '2015-03-28 20:20:20', '2015-04-28 20:20:20', '2019-04-28 20:20:20', 'Correu Tudo bem');
INSERT INTO Audita(idCoordenador, numMeio, nomeEntidade, numProcessoSocorro, datahoraInicio, datahoraFim, dataAuditoria, texto) VALUES (26, 26, 'Entidade26', 26, '2015-03-28 20:20:20', '2015-04-28 20:20:20', '2019-04-28 20:20:20', 'Correu Tudo bem');
INSERT INTO Audita(idCoordenador, numMeio, nomeEntidade, numProcessoSocorro, datahoraInicio, datahoraFim, dataAuditoria, texto) VALUES (27, 27, 'Entidade27', 27, '2015-03-28 20:20:20', '2015-04-28 20:20:20', '2019-04-28 20:20:20', 'Correu Tudo bem');
INSERT INTO Audita(idCoordenador, numMeio, nomeEntidade, numProcessoSocorro, datahoraInicio, datahoraFim, dataAuditoria, texto) VALUES (28, 28, 'Entidade28', 28, '2015-03-28 20:20:20', '2015-04-28 20:20:20', '2019-04-28 20:20:20', 'Correu Tudo bem');
INSERT INTO Audita(idCoordenador, numMeio, nomeEntidade, numProcessoSocorro, datahoraInicio, datahoraFim, dataAuditoria, texto) VALUES (29, 29, 'Entidade29', 29, '2015-03-28 20:20:20', '2015-04-28 20:20:20', '2019-04-28 20:20:20', 'Correu Tudo bem');
INSERT INTO Audita(idCoordenador, numMeio, nomeEntidade, numProcessoSocorro, datahoraInicio, datahoraFim, dataAuditoria, texto) VALUES (30, 30, 'Entidade30', 30, '2015-03-28 20:20:20', '2015-04-28 20:20:20', '2019-04-28 20:20:20', 'Correu Tudo bem');
INSERT INTO Audita(idCoordenador, numMeio, nomeEntidade, numProcessoSocorro, datahoraInicio, datahoraFim, dataAuditoria, texto) VALUES (31, 31, 'Entidade31', 31, '2015-03-28 20:20:20', '2015-04-28 20:20:20', '2019-04-28 20:20:20', 'Correu Tudo bem');
INSERT INTO Audita(idCoordenador, numMeio, nomeEntidade, numProcessoSocorro, datahoraInicio, datahoraFim, dataAuditoria, texto) VALUES (32, 32, 'Entidade32', 32, '2015-03-28 20:20:20', '2015-04-28 20:20:20', '2019-04-28 20:20:20', 'Correu Tudo bem');
INSERT INTO Audita(idCoordenador, numMeio, nomeEntidade, numProcessoSocorro, datahoraInicio, datahoraFim, dataAuditoria, texto) VALUES (33, 33, 'Entidade33', 33, '2015-03-28 20:20:20', '2015-04-28 20:20:20', '2019-04-28 20:20:20', 'Correu Tudo bem');
INSERT INTO Audita(idCoordenador, numMeio, nomeEntidade, numProcessoSocorro, datahoraInicio, datahoraFim, dataAuditoria, texto) VALUES (34, 34, 'Entidade34', 34, '2015-03-28 20:20:20', '2015-04-28 20:20:20', '2019-04-28 20:20:20', 'Correu Tudo bem');
INSERT INTO Audita(idCoordenador, numMeio, nomeEntidade, numProcessoSocorro, datahoraInicio, datahoraFim, dataAuditoria, texto) VALUES (35, 35, 'Entidade35', 35, '2015-03-28 20:20:20', '2015-04-28 20:20:20', '2019-04-28 20:20:20', 'Correu Tudo bem');
INSERT INTO Audita(idCoordenador, numMeio, nomeEntidade, numProcessoSocorro, datahoraInicio, datahoraFim, dataAuditoria, texto) VALUES (36, 36, 'Entidade36', 36, '2015-03-28 20:20:20', '2015-04-28 20:20:20', '2019-04-28 20:20:20', 'Correu Tudo bem');
INSERT INTO Audita(idCoordenador, numMeio, nomeEntidade, numProcessoSocorro, datahoraInicio, datahoraFim, dataAuditoria, texto) VALUES (37, 37, 'Entidade37', 37, '2015-03-28 20:20:20', '2015-04-28 20:20:20', '2019-04-28 20:20:20', 'Correu Tudo bem');
INSERT INTO Audita(idCoordenador, numMeio, nomeEntidade, numProcessoSocorro, datahoraInicio, datahoraFim, dataAuditoria, texto) VALUES (38, 38, 'Entidade38', 38, '2015-03-28 20:20:20', '2015-04-28 20:20:20', '2019-04-28 20:20:20', 'Correu Tudo bem');
INSERT INTO Audita(idCoordenador, numMeio, nomeEntidade, numProcessoSocorro, datahoraInicio, datahoraFim, dataAuditoria, texto) VALUES (39, 39, 'Entidade39', 39, '2015-03-28 20:20:20', '2015-04-28 20:20:20', '2019-04-28 20:20:20', 'Correu Tudo bem');
INSERT INTO Audita(idCoordenador, numMeio, nomeEntidade, numProcessoSocorro, datahoraInicio, datahoraFim, dataAuditoria, texto) VALUES (40, 40, 'Entidade40', 40, '2015-03-28 20:20:20', '2015-04-28 20:20:20', '2019-04-28 20:20:20', 'Correu Tudo bem');
INSERT INTO Audita(idCoordenador, numMeio, nomeEntidade, numProcessoSocorro, datahoraInicio, datahoraFim, dataAuditoria, texto) VALUES (41, 41, 'Entidade41', 41, '2015-03-28 20:20:20', '2015-04-28 20:20:20', '2019-04-28 20:20:20', 'Correu Tudo bem');
INSERT INTO Audita(idCoordenador, numMeio, nomeEntidade, numProcessoSocorro, datahoraInicio, datahoraFim, dataAuditoria, texto) VALUES (42, 42, 'Entidade42', 42, '2015-03-28 20:20:20', '2015-04-28 20:20:20', '2019-04-28 20:20:20', 'Correu Tudo bem');
INSERT INTO Audita(idCoordenador, numMeio, nomeEntidade, numProcessoSocorro, datahoraInicio, datahoraFim, dataAuditoria, texto) VALUES (43, 43, 'Entidade43', 43, '2015-03-28 20:20:20', '2015-04-28 20:20:20', '2019-04-28 20:20:20', 'Correu Tudo bem');
INSERT INTO Audita(idCoordenador, numMeio, nomeEntidade, numProcessoSocorro, datahoraInicio, datahoraFim, dataAuditoria, texto) VALUES (44, 44, 'Entidade44', 44, '2015-03-28 20:20:20', '2015-04-28 20:20:20', '2019-04-28 20:20:20', 'Correu Tudo bem');
INSERT INTO Audita(idCoordenador, numMeio, nomeEntidade, numProcessoSocorro, datahoraInicio, datahoraFim, dataAuditoria, texto) VALUES (45, 45, 'Entidade45', 45, '2015-03-28 20:20:20', '2015-04-28 20:20:20', '2019-04-28 20:20:20', 'Correu Tudo bem');
INSERT INTO Audita(idCoordenador, numMeio, nomeEntidade, numProcessoSocorro, datahoraInicio, datahoraFim, dataAuditoria, texto) VALUES (46, 46, 'Entidade46', 46, '2015-03-28 20:20:20', '2015-04-28 20:20:20', '2019-04-28 20:20:20', 'Correu Tudo bem');
INSERT INTO Audita(idCoordenador, numMeio, nomeEntidade, numProcessoSocorro, datahoraInicio, datahoraFim, dataAuditoria, texto) VALUES (47, 47, 'Entidade47', 47, '2015-03-28 20:20:20', '2015-04-28 20:20:20', '2019-04-28 20:20:20', 'Correu Tudo bem');
INSERT INTO Audita(idCoordenador, numMeio, nomeEntidade, numProcessoSocorro, datahoraInicio, datahoraFim, dataAuditoria, texto) VALUES (48, 48, 'Entidade48', 48, '2015-03-28 20:20:20', '2015-04-28 20:20:20', '2019-04-28 20:20:20', 'Correu Tudo bem');
INSERT INTO Audita(idCoordenador, numMeio, nomeEntidade, numProcessoSocorro, datahoraInicio, datahoraFim, dataAuditoria, texto) VALUES (49, 49, 'Entidade49', 49, '2015-03-28 20:20:20', '2015-04-28 20:20:20', '2019-04-28 20:20:20', 'Correu Tudo bem');
INSERT INTO Audita(idCoordenador, numMeio, nomeEntidade, numProcessoSocorro, datahoraInicio, datahoraFim, dataAuditoria, texto) VALUES (50, 50, 'Entidade50', 50, '2015-03-28 20:20:20', '2015-04-28 20:20:20', '2019-04-28 20:20:20', 'Correu Tudo bem');
INSERT INTO Audita(idCoordenador, numMeio, nomeEntidade, numProcessoSocorro, datahoraInicio, datahoraFim, dataAuditoria, texto) VALUES (51, 51, 'Entidade51', 51, '2015-03-28 20:20:20', '2015-04-28 20:20:20', '2019-04-28 20:20:20', 'Correu Tudo bem');
INSERT INTO Audita(idCoordenador, numMeio, nomeEntidade, numProcessoSocorro, datahoraInicio, datahoraFim, dataAuditoria, texto) VALUES (52, 52, 'Entidade52', 52, '2015-03-28 20:20:20', '2015-04-28 20:20:20', '2019-04-28 20:20:20', 'Correu Tudo bem');
INSERT INTO Audita(idCoordenador, numMeio, nomeEntidade, numProcessoSocorro, datahoraInicio, datahoraFim, dataAuditoria, texto) VALUES (53, 53, 'Entidade53', 53, '2015-03-28 20:20:20', '2015-04-28 20:20:20', '2019-04-28 20:20:20', 'Correu Tudo bem');
INSERT INTO Audita(idCoordenador, numMeio, nomeEntidade, numProcessoSocorro, datahoraInicio, datahoraFim, dataAuditoria, texto) VALUES (54, 54, 'Entidade54', 54, '2015-03-28 20:20:20', '2015-04-28 20:20:20', '2019-04-28 20:20:20', 'Correu Tudo bem');
INSERT INTO Audita(idCoordenador, numMeio, nomeEntidade, numProcessoSocorro, datahoraInicio, datahoraFim, dataAuditoria, texto) VALUES (55, 55, 'Entidade55', 55, '2015-03-28 20:20:20', '2015-04-28 20:20:20', '2019-04-28 20:20:20', 'Correu Tudo bem');
INSERT INTO Audita(idCoordenador, numMeio, nomeEntidade, numProcessoSocorro, datahoraInicio, datahoraFim, dataAuditoria, texto) VALUES (56, 56, 'Entidade56', 56, '2015-03-28 20:20:20', '2015-04-28 20:20:20', '2019-04-28 20:20:20', 'Correu Tudo bem');
INSERT INTO Audita(idCoordenador, numMeio, nomeEntidade, numProcessoSocorro, datahoraInicio, datahoraFim, dataAuditoria, texto) VALUES (57, 57, 'Entidade57', 57, '2015-03-28 20:20:20', '2015-04-28 20:20:20', '2019-04-28 20:20:20', 'Correu Tudo bem');
INSERT INTO Audita(idCoordenador, numMeio, nomeEntidade, numProcessoSocorro, datahoraInicio, datahoraFim, dataAuditoria, texto) VALUES (58, 58, 'Entidade58', 58, '2015-03-28 20:20:20', '2015-04-28 20:20:20', '2019-04-28 20:20:20', 'Correu Tudo bem');
INSERT INTO Audita(idCoordenador, numMeio, nomeEntidade, numProcessoSocorro, datahoraInicio, datahoraFim, dataAuditoria, texto) VALUES (59, 59, 'Entidade59', 59, '2015-03-28 20:20:20', '2015-04-28 20:20:20', '2019-04-28 20:20:20', 'Correu Tudo bem');
INSERT INTO Audita(idCoordenador, numMeio, nomeEntidade, numProcessoSocorro, datahoraInicio, datahoraFim, dataAuditoria, texto) VALUES (60, 60, 'Entidade60', 60, '2015-03-28 20:20:20', '2015-04-28 20:20:20', '2019-04-28 20:20:20', 'Correu Tudo bem');
INSERT INTO Audita(idCoordenador, numMeio, nomeEntidade, numProcessoSocorro, datahoraInicio, datahoraFim, dataAuditoria, texto) VALUES (61, 61, 'Entidade61', 61, '2015-03-28 20:20:20', '2015-04-28 20:20:20', '2019-04-28 20:20:20', 'Correu Tudo bem');
INSERT INTO Audita(idCoordenador, numMeio, nomeEntidade, numProcessoSocorro, datahoraInicio, datahoraFim, dataAuditoria, texto) VALUES (62, 62, 'Entidade62', 62, '2015-03-28 20:20:20', '2015-04-28 20:20:20', '2019-04-28 20:20:20', 'Correu Tudo bem');
INSERT INTO Audita(idCoordenador, numMeio, nomeEntidade, numProcessoSocorro, datahoraInicio, datahoraFim, dataAuditoria, texto) VALUES (63, 63, 'Entidade63', 63, '2015-03-28 20:20:20', '2015-04-28 20:20:20', '2019-04-28 20:20:20', 'Correu Tudo bem');
INSERT INTO Audita(idCoordenador, numMeio, nomeEntidade, numProcessoSocorro, datahoraInicio, datahoraFim, dataAuditoria, texto) VALUES (64, 64, 'Entidade64', 64, '2015-03-28 20:20:20', '2015-04-28 20:20:20', '2019-04-28 20:20:20', 'Correu Tudo bem');
INSERT INTO Audita(idCoordenador, numMeio, nomeEntidade, numProcessoSocorro, datahoraInicio, datahoraFim, dataAuditoria, texto) VALUES (65, 65, 'Entidade65', 65, '2015-03-28 20:20:20', '2015-04-28 20:20:20', '2019-04-28 20:20:20', 'Correu Tudo bem');
INSERT INTO Audita(idCoordenador, numMeio, nomeEntidade, numProcessoSocorro, datahoraInicio, datahoraFim, dataAuditoria, texto) VALUES (66, 66, 'Entidade66', 66, '2015-03-28 20:20:20', '2015-04-28 20:20:20', '2019-04-28 20:20:20', 'Correu Tudo bem');
INSERT INTO Audita(idCoordenador, numMeio, nomeEntidade, numProcessoSocorro, datahoraInicio, datahoraFim, dataAuditoria, texto) VALUES (67, 67, 'Entidade67', 67, '2015-03-28 20:20:20', '2015-04-28 20:20:20', '2019-04-28 20:20:20', 'Correu Tudo bem');
INSERT INTO Audita(idCoordenador, numMeio, nomeEntidade, numProcessoSocorro, datahoraInicio, datahoraFim, dataAuditoria, texto) VALUES (68, 68, 'Entidade68', 68, '2015-03-28 20:20:20', '2015-04-28 20:20:20', '2019-04-28 20:20:20', 'Correu Tudo bem');
INSERT INTO Audita(idCoordenador, numMeio, nomeEntidade, numProcessoSocorro, datahoraInicio, datahoraFim, dataAuditoria, texto) VALUES (69, 69, 'Entidade69', 69, '2015-03-28 20:20:20', '2015-04-28 20:20:20', '2019-04-28 20:20:20', 'Correu Tudo bem');
INSERT INTO Audita(idCoordenador, numMeio, nomeEntidade, numProcessoSocorro, datahoraInicio, datahoraFim, dataAuditoria, texto) VALUES (70, 70, 'Entidade70', 70, '2015-03-28 20:20:20', '2015-04-28 20:20:20', '2019-04-28 20:20:20', 'Correu Tudo bem');
INSERT INTO Audita(idCoordenador, numMeio, nomeEntidade, numProcessoSocorro, datahoraInicio, datahoraFim, dataAuditoria, texto) VALUES (71, 71, 'Entidade71', 71, '2015-03-28 20:20:20', '2015-04-28 20:20:20', '2019-04-28 20:20:20', 'Correu Tudo bem');
INSERT INTO Audita(idCoordenador, numMeio, nomeEntidade, numProcessoSocorro, datahoraInicio, datahoraFim, dataAuditoria, texto) VALUES (72, 72, 'Entidade72', 72, '2015-03-28 20:20:20', '2015-04-28 20:20:20', '2019-04-28 20:20:20', 'Correu Tudo bem');
INSERT INTO Audita(idCoordenador, numMeio, nomeEntidade, numProcessoSocorro, datahoraInicio, datahoraFim, dataAuditoria, texto) VALUES (73, 73, 'Entidade73', 73, '2015-03-28 20:20:20', '2015-04-28 20:20:20', '2019-04-28 20:20:20', 'Correu Tudo bem');
INSERT INTO Audita(idCoordenador, numMeio, nomeEntidade, numProcessoSocorro, datahoraInicio, datahoraFim, dataAuditoria, texto) VALUES (74, 74, 'Entidade74', 74, '2015-03-28 20:20:20', '2015-04-28 20:20:20', '2019-04-28 20:20:20', 'Correu Tudo bem');
INSERT INTO Audita(idCoordenador, numMeio, nomeEntidade, numProcessoSocorro, datahoraInicio, datahoraFim, dataAuditoria, texto) VALUES (75, 75, 'Entidade75', 75, '2015-03-28 20:20:20', '2015-04-28 20:20:20', '2019-04-28 20:20:20', 'Correu Tudo bem');
INSERT INTO Audita(idCoordenador, numMeio, nomeEntidade, numProcessoSocorro, datahoraInicio, datahoraFim, dataAuditoria, texto) VALUES (76, 76, 'Entidade76', 76, '2015-03-28 20:20:20', '2015-04-28 20:20:20', '2019-04-28 20:20:20', 'Correu Tudo bem');
INSERT INTO Audita(idCoordenador, numMeio, nomeEntidade, numProcessoSocorro, datahoraInicio, datahoraFim, dataAuditoria, texto) VALUES (77, 77, 'Entidade77', 77, '2015-03-28 20:20:20', '2015-04-28 20:20:20', '2019-04-28 20:20:20', 'Correu Tudo bem');
INSERT INTO Audita(idCoordenador, numMeio, nomeEntidade, numProcessoSocorro, datahoraInicio, datahoraFim, dataAuditoria, texto) VALUES (78, 78, 'Entidade78', 78, '2015-03-28 20:20:20', '2015-04-28 20:20:20', '2019-04-28 20:20:20', 'Correu Tudo bem');
INSERT INTO Audita(idCoordenador, numMeio, nomeEntidade, numProcessoSocorro, datahoraInicio, datahoraFim, dataAuditoria, texto) VALUES (79, 79, 'Entidade79', 79, '2015-03-28 20:20:20', '2015-04-28 20:20:20', '2019-04-28 20:20:20', 'Correu Tudo bem');
INSERT INTO Audita(idCoordenador, numMeio, nomeEntidade, numProcessoSocorro, datahoraInicio, datahoraFim, dataAuditoria, texto) VALUES (80, 80, 'Entidade80', 80, '2015-03-28 20:20:20', '2015-04-28 20:20:20', '2019-04-28 20:20:20', 'Correu Tudo bem');
INSERT INTO Audita(idCoordenador, numMeio, nomeEntidade, numProcessoSocorro, datahoraInicio, datahoraFim, dataAuditoria, texto) VALUES (81, 81, 'Entidade81', 81, '2015-03-28 20:20:20', '2015-04-28 20:20:20', '2019-04-28 20:20:20', 'Correu Tudo bem');
INSERT INTO Audita(idCoordenador, numMeio, nomeEntidade, numProcessoSocorro, datahoraInicio, datahoraFim, dataAuditoria, texto) VALUES (82, 82, 'Entidade82', 82, '2015-03-28 20:20:20', '2015-04-28 20:20:20', '2019-04-28 20:20:20', 'Correu Tudo bem');
INSERT INTO Audita(idCoordenador, numMeio, nomeEntidade, numProcessoSocorro, datahoraInicio, datahoraFim, dataAuditoria, texto) VALUES (83, 83, 'Entidade83', 83, '2015-03-28 20:20:20', '2015-04-28 20:20:20', '2019-04-28 20:20:20', 'Correu Tudo bem');
INSERT INTO Audita(idCoordenador, numMeio, nomeEntidade, numProcessoSocorro, datahoraInicio, datahoraFim, dataAuditoria, texto) VALUES (84, 84, 'Entidade84', 84, '2015-03-28 20:20:20', '2015-04-28 20:20:20', '2019-04-28 20:20:20', 'Correu Tudo bem');
INSERT INTO Audita(idCoordenador, numMeio, nomeEntidade, numProcessoSocorro, datahoraInicio, datahoraFim, dataAuditoria, texto) VALUES (85, 85, 'Entidade85', 85, '2015-03-28 20:20:20', '2015-04-28 20:20:20', '2019-04-28 20:20:20', 'Correu Tudo bem');
INSERT INTO Audita(idCoordenador, numMeio, nomeEntidade, numProcessoSocorro, datahoraInicio, datahoraFim, dataAuditoria, texto) VALUES (86, 86, 'Entidade86', 86, '2015-03-28 20:20:20', '2015-04-28 20:20:20', '2019-04-28 20:20:20', 'Correu Tudo bem');
INSERT INTO Audita(idCoordenador, numMeio, nomeEntidade, numProcessoSocorro, datahoraInicio, datahoraFim, dataAuditoria, texto) VALUES (87, 87, 'Entidade87', 87, '2015-03-28 20:20:20', '2015-04-28 20:20:20', '2019-04-28 20:20:20', 'Correu Tudo bem');
INSERT INTO Audita(idCoordenador, numMeio, nomeEntidade, numProcessoSocorro, datahoraInicio, datahoraFim, dataAuditoria, texto) VALUES (88, 88, 'Entidade88', 88, '2015-03-28 20:20:20', '2015-04-28 20:20:20', '2019-04-28 20:20:20', 'Correu Tudo bem');
INSERT INTO Audita(idCoordenador, numMeio, nomeEntidade, numProcessoSocorro, datahoraInicio, datahoraFim, dataAuditoria, texto) VALUES (89, 89, 'Entidade89', 89, '2015-03-28 20:20:20', '2015-04-28 20:20:20', '2019-04-28 20:20:20', 'Correu Tudo bem');
INSERT INTO Audita(idCoordenador, numMeio, nomeEntidade, numProcessoSocorro, datahoraInicio, datahoraFim, dataAuditoria, texto) VALUES (90, 90, 'Entidade90', 90, '2015-03-28 20:20:20', '2015-04-28 20:20:20', '2019-04-28 20:20:20', 'Correu Tudo bem');
INSERT INTO Audita(idCoordenador, numMeio, nomeEntidade, numProcessoSocorro, datahoraInicio, datahoraFim, dataAuditoria, texto) VALUES (91, 91, 'Entidade91', 91, '2015-03-28 20:20:20', '2015-04-28 20:20:20', '2019-04-28 20:20:20', 'Correu Tudo bem');
INSERT INTO Audita(idCoordenador, numMeio, nomeEntidade, numProcessoSocorro, datahoraInicio, datahoraFim, dataAuditoria, texto) VALUES (92, 92, 'Entidade92', 92, '2015-03-28 20:20:20', '2015-04-28 20:20:20', '2019-04-28 20:20:20', 'Correu Tudo bem');
INSERT INTO Audita(idCoordenador, numMeio, nomeEntidade, numProcessoSocorro, datahoraInicio, datahoraFim, dataAuditoria, texto) VALUES (93, 93, 'Entidade93', 93, '2015-03-28 20:20:20', '2015-04-28 20:20:20', '2019-04-28 20:20:20', 'Correu Tudo bem');
INSERT INTO Audita(idCoordenador, numMeio, nomeEntidade, numProcessoSocorro, datahoraInicio, datahoraFim, dataAuditoria, texto) VALUES (94, 94, 'Entidade94', 94, '2015-03-28 20:20:20', '2015-04-28 20:20:20', '2019-04-28 20:20:20', 'Correu Tudo bem');
INSERT INTO Audita(idCoordenador, numMeio, nomeEntidade, numProcessoSocorro, datahoraInicio, datahoraFim, dataAuditoria, texto) VALUES (95, 95, 'Entidade95', 95, '2015-03-28 20:20:20', '2015-04-28 20:20:20', '2019-04-28 20:20:20', 'Correu Tudo bem');
INSERT INTO Audita(idCoordenador, numMeio, nomeEntidade, numProcessoSocorro, datahoraInicio, datahoraFim, dataAuditoria, texto) VALUES (96, 96, 'Entidade96', 96, '2015-03-28 20:20:20', '2015-04-28 20:20:20', '2019-04-28 20:20:20', 'Correu Tudo bem');
INSERT INTO Audita(idCoordenador, numMeio, nomeEntidade, numProcessoSocorro, datahoraInicio, datahoraFim, dataAuditoria, texto) VALUES (97, 97, 'Entidade97', 97, '2015-03-28 20:20:20', '2015-04-28 20:20:20', '2019-04-28 20:20:20', 'Correu Tudo bem');
INSERT INTO Audita(idCoordenador, numMeio, nomeEntidade, numProcessoSocorro, datahoraInicio, datahoraFim, dataAuditoria, texto) VALUES (98, 98, 'Entidade98', 98, '2015-03-28 20:20:20', '2015-04-28 20:20:20', '2019-04-28 20:20:20', 'Correu Tudo bem');
INSERT INTO Audita(idCoordenador, numMeio, nomeEntidade, numProcessoSocorro, datahoraInicio, datahoraFim, dataAuditoria, texto) VALUES (99, 99, 'Entidade99', 99, '2015-03-28 20:20:20', '2015-04-28 20:20:20', '2019-04-28 20:20:20', 'Correu Tudo bem');
INSERT INTO Audita(idCoordenador, numMeio, nomeEntidade, numProcessoSocorro, datahoraInicio, datahoraFim, dataAuditoria, texto) VALUES (100, 100, 'Entidade100', 100, '2015-03-28 20:20:20', '2015-04-28 20:20:20', '2019-04-28 20:20:20', 'Correu Tudo bem');

INSERT INTO Camara(numCamara) VALUES (1);
INSERT INTO Camara(numCamara) VALUES (2);
INSERT INTO Camara(numCamara) VALUES (3);
INSERT INTO Camara(numCamara) VALUES (4);
INSERT INTO Camara(numCamara) VALUES (5);
INSERT INTO Camara(numCamara) VALUES (6);
INSERT INTO Camara(numCamara) VALUES (7);
INSERT INTO Camara(numCamara) VALUES (8);
INSERT INTO Camara(numCamara) VALUES (9);
INSERT INTO Camara(numCamara) VALUES (10);
INSERT INTO Camara(numCamara) VALUES (11);
INSERT INTO Camara(numCamara) VALUES (12);
INSERT INTO Camara(numCamara) VALUES (13);
INSERT INTO Camara(numCamara) VALUES (14);
INSERT INTO Camara(numCamara) VALUES (15);
INSERT INTO Camara(numCamara) VALUES (16);
INSERT INTO Camara(numCamara) VALUES (17);
INSERT INTO Camara(numCamara) VALUES (18);
INSERT INTO Camara(numCamara) VALUES (19);
INSERT INTO Camara(numCamara) VALUES (20);
INSERT INTO Camara(numCamara) VALUES (21);
INSERT INTO Camara(numCamara) VALUES (22);
INSERT INTO Camara(numCamara) VALUES (23);
INSERT INTO Camara(numCamara) VALUES (24);
INSERT INTO Camara(numCamara) VALUES (25);
INSERT INTO Camara(numCamara) VALUES (26);
INSERT INTO Camara(numCamara) VALUES (27);
INSERT INTO Camara(numCamara) VALUES (28);
INSERT INTO Camara(numCamara) VALUES (29);
INSERT INTO Camara(numCamara) VALUES (30);
INSERT INTO Camara(numCamara) VALUES (31);
INSERT INTO Camara(numCamara) VALUES (32);
INSERT INTO Camara(numCamara) VALUES (33);
INSERT INTO Camara(numCamara) VALUES (34);
INSERT INTO Camara(numCamara) VALUES (35);
INSERT INTO Camara(numCamara) VALUES (36);
INSERT INTO Camara(numCamara) VALUES (37);
INSERT INTO Camara(numCamara) VALUES (38);
INSERT INTO Camara(numCamara) VALUES (39);
INSERT INTO Camara(numCamara) VALUES (40);
INSERT INTO Camara(numCamara) VALUES (41);
INSERT INTO Camara(numCamara) VALUES (42);
INSERT INTO Camara(numCamara) VALUES (43);
INSERT INTO Camara(numCamara) VALUES (44);
INSERT INTO Camara(numCamara) VALUES (45);
INSERT INTO Camara(numCamara) VALUES (46);
INSERT INTO Camara(numCamara) VALUES (47);
INSERT INTO Camara(numCamara) VALUES (48);
INSERT INTO Camara(numCamara) VALUES (49);
INSERT INTO Camara(numCamara) VALUES (50);
INSERT INTO Camara(numCamara) VALUES (51);
INSERT INTO Camara(numCamara) VALUES (52);
INSERT INTO Camara(numCamara) VALUES (53);
INSERT INTO Camara(numCamara) VALUES (54);
INSERT INTO Camara(numCamara) VALUES (55);
INSERT INTO Camara(numCamara) VALUES (56);
INSERT INTO Camara(numCamara) VALUES (57);
INSERT INTO Camara(numCamara) VALUES (58);
INSERT INTO Camara(numCamara) VALUES (59);
INSERT INTO Camara(numCamara) VALUES (60);
INSERT INTO Camara(numCamara) VALUES (61);
INSERT INTO Camara(numCamara) VALUES (62);
INSERT INTO Camara(numCamara) VALUES (63);
INSERT INTO Camara(numCamara) VALUES (64);
INSERT INTO Camara(numCamara) VALUES (65);
INSERT INTO Camara(numCamara) VALUES (66);
INSERT INTO Camara(numCamara) VALUES (67);
INSERT INTO Camara(numCamara) VALUES (68);
INSERT INTO Camara(numCamara) VALUES (69);
INSERT INTO Camara(numCamara) VALUES (70);
INSERT INTO Camara(numCamara) VALUES (71);
INSERT INTO Camara(numCamara) VALUES (72);
INSERT INTO Camara(numCamara) VALUES (73);
INSERT INTO Camara(numCamara) VALUES (74);
INSERT INTO Camara(numCamara) VALUES (75);
INSERT INTO Camara(numCamara) VALUES (76);
INSERT INTO Camara(numCamara) VALUES (77);
INSERT INTO Camara(numCamara) VALUES (78);
INSERT INTO Camara(numCamara) VALUES (79);
INSERT INTO Camara(numCamara) VALUES (80);
INSERT INTO Camara(numCamara) VALUES (81);
INSERT INTO Camara(numCamara) VALUES (82);
INSERT INTO Camara(numCamara) VALUES (83);
INSERT INTO Camara(numCamara) VALUES (84);
INSERT INTO Camara(numCamara) VALUES (85);
INSERT INTO Camara(numCamara) VALUES (86);
INSERT INTO Camara(numCamara) VALUES (87);
INSERT INTO Camara(numCamara) VALUES (88);
INSERT INTO Camara(numCamara) VALUES (89);
INSERT INTO Camara(numCamara) VALUES (90);
INSERT INTO Camara(numCamara) VALUES (91);
INSERT INTO Camara(numCamara) VALUES (92);
INSERT INTO Camara(numCamara) VALUES (93);
INSERT INTO Camara(numCamara) VALUES (94);
INSERT INTO Camara(numCamara) VALUES (95);
INSERT INTO Camara(numCamara) VALUES (96);
INSERT INTO Camara(numCamara) VALUES (97);
INSERT INTO Camara(numCamara) VALUES (98);
INSERT INTO Camara(numCamara) VALUES (99);
INSERT INTO Camara(numCamara) VALUES (100);

INSERT INTO Video(dataHoraInicio, dataHoraFim, numCamara) VALUES ('2015-03-28 20:20:20', '2015-04-28 20:20:20', 1);
INSERT INTO Video(dataHoraInicio, dataHoraFim, numCamara) VALUES ('2015-03-28 20:20:20', '2015-04-28 20:20:20', 2);
INSERT INTO Video(dataHoraInicio, dataHoraFim, numCamara) VALUES ('2015-03-28 20:20:20', '2015-04-28 20:20:20', 3);
INSERT INTO Video(dataHoraInicio, dataHoraFim, numCamara) VALUES ('2015-03-28 20:20:20', '2015-04-28 20:20:20', 4);
INSERT INTO Video(dataHoraInicio, dataHoraFim, numCamara) VALUES ('2015-03-28 20:20:20', '2015-04-28 20:20:20', 5);
INSERT INTO Video(dataHoraInicio, dataHoraFim, numCamara) VALUES ('2015-03-28 20:20:20', '2015-04-28 20:20:20', 6);
INSERT INTO Video(dataHoraInicio, dataHoraFim, numCamara) VALUES ('2015-03-28 20:20:20', '2015-04-28 20:20:20', 7);
INSERT INTO Video(dataHoraInicio, dataHoraFim, numCamara) VALUES ('2015-03-28 20:20:20', '2015-04-28 20:20:20', 8);
INSERT INTO Video(dataHoraInicio, dataHoraFim, numCamara) VALUES ('2015-03-28 20:20:20', '2015-04-28 20:20:20', 9);
INSERT INTO Video(dataHoraInicio, dataHoraFim, numCamara) VALUES ('2015-03-28 20:20:20', '2015-04-28 20:20:20', 10);
INSERT INTO Video(dataHoraInicio, dataHoraFim, numCamara) VALUES ('2015-03-28 20:20:20', '2015-04-28 20:20:20', 11);
INSERT INTO Video(dataHoraInicio, dataHoraFim, numCamara) VALUES ('2015-03-28 20:20:20', '2015-04-28 20:20:20', 12);
INSERT INTO Video(dataHoraInicio, dataHoraFim, numCamara) VALUES ('2015-03-28 20:20:20', '2015-04-28 20:20:20', 13);
INSERT INTO Video(dataHoraInicio, dataHoraFim, numCamara) VALUES ('2015-03-28 20:20:20', '2015-04-28 20:20:20', 14);
INSERT INTO Video(dataHoraInicio, dataHoraFim, numCamara) VALUES ('2015-03-28 20:20:20', '2015-04-28 20:20:20', 15);
INSERT INTO Video(dataHoraInicio, dataHoraFim, numCamara) VALUES ('2015-03-28 20:20:20', '2015-04-28 20:20:20', 16);
INSERT INTO Video(dataHoraInicio, dataHoraFim, numCamara) VALUES ('2015-03-28 20:20:20', '2015-04-28 20:20:20', 17);
INSERT INTO Video(dataHoraInicio, dataHoraFim, numCamara) VALUES ('2015-03-28 20:20:20', '2015-04-28 20:20:20', 18);
INSERT INTO Video(dataHoraInicio, dataHoraFim, numCamara) VALUES ('2015-03-28 20:20:20', '2015-04-28 20:20:20', 19);
INSERT INTO Video(dataHoraInicio, dataHoraFim, numCamara) VALUES ('2015-03-28 20:20:20', '2015-04-28 20:20:20', 20);
INSERT INTO Video(dataHoraInicio, dataHoraFim, numCamara) VALUES ('2015-03-28 20:20:20', '2015-04-28 20:20:20', 21);
INSERT INTO Video(dataHoraInicio, dataHoraFim, numCamara) VALUES ('2015-03-28 20:20:20', '2015-04-28 20:20:20', 22);
INSERT INTO Video(dataHoraInicio, dataHoraFim, numCamara) VALUES ('2015-03-28 20:20:20', '2015-04-28 20:20:20', 23);
INSERT INTO Video(dataHoraInicio, dataHoraFim, numCamara) VALUES ('2015-03-28 20:20:20', '2015-04-28 20:20:20', 24);
INSERT INTO Video(dataHoraInicio, dataHoraFim, numCamara) VALUES ('2015-03-28 20:20:20', '2015-04-28 20:20:20', 25);
INSERT INTO Video(dataHoraInicio, dataHoraFim, numCamara) VALUES ('2015-03-28 20:20:20', '2015-04-28 20:20:20', 26);
INSERT INTO Video(dataHoraInicio, dataHoraFim, numCamara) VALUES ('2015-03-28 20:20:20', '2015-04-28 20:20:20', 27);
INSERT INTO Video(dataHoraInicio, dataHoraFim, numCamara) VALUES ('2015-03-28 20:20:20', '2015-04-28 20:20:20', 28);
INSERT INTO Video(dataHoraInicio, dataHoraFim, numCamara) VALUES ('2015-03-28 20:20:20', '2015-04-28 20:20:20', 29);
INSERT INTO Video(dataHoraInicio, dataHoraFim, numCamara) VALUES ('2015-03-28 20:20:20', '2015-04-28 20:20:20', 30);
INSERT INTO Video(dataHoraInicio, dataHoraFim, numCamara) VALUES ('2015-03-28 20:20:20', '2015-04-28 20:20:20', 31);
INSERT INTO Video(dataHoraInicio, dataHoraFim, numCamara) VALUES ('2015-03-28 20:20:20', '2015-04-28 20:20:20', 32);
INSERT INTO Video(dataHoraInicio, dataHoraFim, numCamara) VALUES ('2015-03-28 20:20:20', '2015-04-28 20:20:20', 33);
INSERT INTO Video(dataHoraInicio, dataHoraFim, numCamara) VALUES ('2015-03-28 20:20:20', '2015-04-28 20:20:20', 34);
INSERT INTO Video(dataHoraInicio, dataHoraFim, numCamara) VALUES ('2015-03-28 20:20:20', '2015-04-28 20:20:20', 35);
INSERT INTO Video(dataHoraInicio, dataHoraFim, numCamara) VALUES ('2015-03-28 20:20:20', '2015-04-28 20:20:20', 36);
INSERT INTO Video(dataHoraInicio, dataHoraFim, numCamara) VALUES ('2015-03-28 20:20:20', '2015-04-28 20:20:20', 37);
INSERT INTO Video(dataHoraInicio, dataHoraFim, numCamara) VALUES ('2015-03-28 20:20:20', '2015-04-28 20:20:20', 38);
INSERT INTO Video(dataHoraInicio, dataHoraFim, numCamara) VALUES ('2015-03-28 20:20:20', '2015-04-28 20:20:20', 39);
INSERT INTO Video(dataHoraInicio, dataHoraFim, numCamara) VALUES ('2015-03-28 20:20:20', '2015-04-28 20:20:20', 40);
INSERT INTO Video(dataHoraInicio, dataHoraFim, numCamara) VALUES ('2015-03-28 20:20:20', '2015-04-28 20:20:20', 41);
INSERT INTO Video(dataHoraInicio, dataHoraFim, numCamara) VALUES ('2015-03-28 20:20:20', '2015-04-28 20:20:20', 42);
INSERT INTO Video(dataHoraInicio, dataHoraFim, numCamara) VALUES ('2015-03-28 20:20:20', '2015-04-28 20:20:20', 43);
INSERT INTO Video(dataHoraInicio, dataHoraFim, numCamara) VALUES ('2015-03-28 20:20:20', '2015-04-28 20:20:20', 44);
INSERT INTO Video(dataHoraInicio, dataHoraFim, numCamara) VALUES ('2015-03-28 20:20:20', '2015-04-28 20:20:20', 45);
INSERT INTO Video(dataHoraInicio, dataHoraFim, numCamara) VALUES ('2015-03-28 20:20:20', '2015-04-28 20:20:20', 46);
INSERT INTO Video(dataHoraInicio, dataHoraFim, numCamara) VALUES ('2015-03-28 20:20:20', '2015-04-28 20:20:20', 47);
INSERT INTO Video(dataHoraInicio, dataHoraFim, numCamara) VALUES ('2015-03-28 20:20:20', '2015-04-28 20:20:20', 48);
INSERT INTO Video(dataHoraInicio, dataHoraFim, numCamara) VALUES ('2015-03-28 20:20:20', '2015-04-28 20:20:20', 49);
INSERT INTO Video(dataHoraInicio, dataHoraFim, numCamara) VALUES ('2015-03-28 20:20:20', '2015-04-28 20:20:20', 50);
INSERT INTO Video(dataHoraInicio, dataHoraFim, numCamara) VALUES ('2015-03-28 20:20:20', '2015-04-28 20:20:20', 51);
INSERT INTO Video(dataHoraInicio, dataHoraFim, numCamara) VALUES ('2015-03-28 20:20:20', '2015-04-28 20:20:20', 52);
INSERT INTO Video(dataHoraInicio, dataHoraFim, numCamara) VALUES ('2015-03-28 20:20:20', '2015-04-28 20:20:20', 53);
INSERT INTO Video(dataHoraInicio, dataHoraFim, numCamara) VALUES ('2015-03-28 20:20:20', '2015-04-28 20:20:20', 54);
INSERT INTO Video(dataHoraInicio, dataHoraFim, numCamara) VALUES ('2015-03-28 20:20:20', '2015-04-28 20:20:20', 55);
INSERT INTO Video(dataHoraInicio, dataHoraFim, numCamara) VALUES ('2015-03-28 20:20:20', '2015-04-28 20:20:20', 56);
INSERT INTO Video(dataHoraInicio, dataHoraFim, numCamara) VALUES ('2015-03-28 20:20:20', '2015-04-28 20:20:20', 57);
INSERT INTO Video(dataHoraInicio, dataHoraFim, numCamara) VALUES ('2015-03-28 20:20:20', '2015-04-28 20:20:20', 58);
INSERT INTO Video(dataHoraInicio, dataHoraFim, numCamara) VALUES ('2015-03-28 20:20:20', '2015-04-28 20:20:20', 59);
INSERT INTO Video(dataHoraInicio, dataHoraFim, numCamara) VALUES ('2015-03-28 20:20:20', '2015-04-28 20:20:20', 60);
INSERT INTO Video(dataHoraInicio, dataHoraFim, numCamara) VALUES ('2015-03-28 20:20:20', '2015-04-28 20:20:20', 61);
INSERT INTO Video(dataHoraInicio, dataHoraFim, numCamara) VALUES ('2015-03-28 20:20:20', '2015-04-28 20:20:20', 62);
INSERT INTO Video(dataHoraInicio, dataHoraFim, numCamara) VALUES ('2015-03-28 20:20:20', '2015-04-28 20:20:20', 63);
INSERT INTO Video(dataHoraInicio, dataHoraFim, numCamara) VALUES ('2015-03-28 20:20:20', '2015-04-28 20:20:20', 64);
INSERT INTO Video(dataHoraInicio, dataHoraFim, numCamara) VALUES ('2015-03-28 20:20:20', '2015-04-28 20:20:20', 65);
INSERT INTO Video(dataHoraInicio, dataHoraFim, numCamara) VALUES ('2015-03-28 20:20:20', '2015-04-28 20:20:20', 66);
INSERT INTO Video(dataHoraInicio, dataHoraFim, numCamara) VALUES ('2015-03-28 20:20:20', '2015-04-28 20:20:20', 67);
INSERT INTO Video(dataHoraInicio, dataHoraFim, numCamara) VALUES ('2015-03-28 20:20:20', '2015-04-28 20:20:20', 68);
INSERT INTO Video(dataHoraInicio, dataHoraFim, numCamara) VALUES ('2015-03-28 20:20:20', '2015-04-28 20:20:20', 69);
INSERT INTO Video(dataHoraInicio, dataHoraFim, numCamara) VALUES ('2015-03-28 20:20:20', '2015-04-28 20:20:20', 70);
INSERT INTO Video(dataHoraInicio, dataHoraFim, numCamara) VALUES ('2015-03-28 20:20:20', '2015-04-28 20:20:20', 71);
INSERT INTO Video(dataHoraInicio, dataHoraFim, numCamara) VALUES ('2015-03-28 20:20:20', '2015-04-28 20:20:20', 72);
INSERT INTO Video(dataHoraInicio, dataHoraFim, numCamara) VALUES ('2015-03-28 20:20:20', '2015-04-28 20:20:20', 73);
INSERT INTO Video(dataHoraInicio, dataHoraFim, numCamara) VALUES ('2015-03-28 20:20:20', '2015-04-28 20:20:20', 74);
INSERT INTO Video(dataHoraInicio, dataHoraFim, numCamara) VALUES ('2015-03-28 20:20:20', '2015-04-28 20:20:20', 75);
INSERT INTO Video(dataHoraInicio, dataHoraFim, numCamara) VALUES ('2015-03-28 20:20:20', '2015-04-28 20:20:20', 76);
INSERT INTO Video(dataHoraInicio, dataHoraFim, numCamara) VALUES ('2015-03-28 20:20:20', '2015-04-28 20:20:20', 77);
INSERT INTO Video(dataHoraInicio, dataHoraFim, numCamara) VALUES ('2015-03-28 20:20:20', '2015-04-28 20:20:20', 78);
INSERT INTO Video(dataHoraInicio, dataHoraFim, numCamara) VALUES ('2015-03-28 20:20:20', '2015-04-28 20:20:20', 79);
INSERT INTO Video(dataHoraInicio, dataHoraFim, numCamara) VALUES ('2015-03-28 20:20:20', '2015-04-28 20:20:20', 80);
INSERT INTO Video(dataHoraInicio, dataHoraFim, numCamara) VALUES ('2015-03-28 20:20:20', '2015-04-28 20:20:20', 81);
INSERT INTO Video(dataHoraInicio, dataHoraFim, numCamara) VALUES ('2015-03-28 20:20:20', '2015-04-28 20:20:20', 82);
INSERT INTO Video(dataHoraInicio, dataHoraFim, numCamara) VALUES ('2015-03-28 20:20:20', '2015-04-28 20:20:20', 83);
INSERT INTO Video(dataHoraInicio, dataHoraFim, numCamara) VALUES ('2015-03-28 20:20:20', '2015-04-28 20:20:20', 84);
INSERT INTO Video(dataHoraInicio, dataHoraFim, numCamara) VALUES ('2015-03-28 20:20:20', '2015-04-28 20:20:20', 85);
INSERT INTO Video(dataHoraInicio, dataHoraFim, numCamara) VALUES ('2015-03-28 20:20:20', '2015-04-28 20:20:20', 86);
INSERT INTO Video(dataHoraInicio, dataHoraFim, numCamara) VALUES ('2015-03-28 20:20:20', '2015-04-28 20:20:20', 87);
INSERT INTO Video(dataHoraInicio, dataHoraFim, numCamara) VALUES ('2015-03-28 20:20:20', '2015-04-28 20:20:20', 88);
INSERT INTO Video(dataHoraInicio, dataHoraFim, numCamara) VALUES ('2015-03-28 20:20:20', '2015-04-28 20:20:20', 89);
INSERT INTO Video(dataHoraInicio, dataHoraFim, numCamara) VALUES ('2015-03-28 20:20:20', '2015-04-28 20:20:20', 90);
INSERT INTO Video(dataHoraInicio, dataHoraFim, numCamara) VALUES ('2015-03-28 20:20:20', '2015-04-28 20:20:20', 91);
INSERT INTO Video(dataHoraInicio, dataHoraFim, numCamara) VALUES ('2015-03-28 20:20:20', '2015-04-28 20:20:20', 92);
INSERT INTO Video(dataHoraInicio, dataHoraFim, numCamara) VALUES ('2015-03-28 20:20:20', '2015-04-28 20:20:20', 93);
INSERT INTO Video(dataHoraInicio, dataHoraFim, numCamara) VALUES ('2015-03-28 20:20:20', '2015-04-28 20:20:20', 94);
INSERT INTO Video(dataHoraInicio, dataHoraFim, numCamara) VALUES ('2015-03-28 20:20:20', '2015-04-28 20:20:20', 95);
INSERT INTO Video(dataHoraInicio, dataHoraFim, numCamara) VALUES ('2015-03-28 20:20:20', '2015-04-28 20:20:20', 96);
INSERT INTO Video(dataHoraInicio, dataHoraFim, numCamara) VALUES ('2015-03-28 20:20:20', '2015-04-28 20:20:20', 97);
INSERT INTO Video(dataHoraInicio, dataHoraFim, numCamara) VALUES ('2015-03-28 20:20:20', '2015-04-28 20:20:20', 98);
INSERT INTO Video(dataHoraInicio, dataHoraFim, numCamara) VALUES ('2015-03-28 20:20:20', '2015-04-28 20:20:20', 99);
INSERT INTO Video(dataHoraInicio, dataHoraFim, numCamara) VALUES ('2015-03-28 20:20:20', '2015-04-28 20:20:20', 100);

INSERT INTO SegmentoVideo(numSegmento, duracao, dataHoraInicio, numCamara) VALUES (1, '00:00:59', '2015-03-28 20:20:20', 1);
INSERT INTO SegmentoVideo(numSegmento, duracao, dataHoraInicio, numCamara) VALUES (2, '00:00:59', '2015-03-28 20:20:20', 2);
INSERT INTO SegmentoVideo(numSegmento, duracao, dataHoraInicio, numCamara) VALUES (3, '00:00:59', '2015-03-28 20:20:20', 3);
INSERT INTO SegmentoVideo(numSegmento, duracao, dataHoraInicio, numCamara) VALUES (4, '00:00:59', '2015-03-28 20:20:20', 4);
INSERT INTO SegmentoVideo(numSegmento, duracao, dataHoraInicio, numCamara) VALUES (5, '00:00:59', '2015-03-28 20:20:20', 5);
INSERT INTO SegmentoVideo(numSegmento, duracao, dataHoraInicio, numCamara) VALUES (6, '00:00:59', '2015-03-28 20:20:20', 6);
INSERT INTO SegmentoVideo(numSegmento, duracao, dataHoraInicio, numCamara) VALUES (7, '00:00:59', '2015-03-28 20:20:20', 7);
INSERT INTO SegmentoVideo(numSegmento, duracao, dataHoraInicio, numCamara) VALUES (8, '00:00:59', '2015-03-28 20:20:20', 8);
INSERT INTO SegmentoVideo(numSegmento, duracao, dataHoraInicio, numCamara) VALUES (9, '00:00:59', '2015-03-28 20:20:20', 9);
INSERT INTO SegmentoVideo(numSegmento, duracao, dataHoraInicio, numCamara) VALUES (10, '00:00:59', '2015-03-28 20:20:20', 10);
INSERT INTO SegmentoVideo(numSegmento, duracao, dataHoraInicio, numCamara) VALUES (11, '00:00:59', '2015-03-28 20:20:20', 11);
INSERT INTO SegmentoVideo(numSegmento, duracao, dataHoraInicio, numCamara) VALUES (12, '00:00:59', '2015-03-28 20:20:20', 12);
INSERT INTO SegmentoVideo(numSegmento, duracao, dataHoraInicio, numCamara) VALUES (13, '00:00:59', '2015-03-28 20:20:20', 13);
INSERT INTO SegmentoVideo(numSegmento, duracao, dataHoraInicio, numCamara) VALUES (14, '00:00:59', '2015-03-28 20:20:20', 14);
INSERT INTO SegmentoVideo(numSegmento, duracao, dataHoraInicio, numCamara) VALUES (15, '00:00:59', '2015-03-28 20:20:20', 15);
INSERT INTO SegmentoVideo(numSegmento, duracao, dataHoraInicio, numCamara) VALUES (16, '00:00:59', '2015-03-28 20:20:20', 16);
INSERT INTO SegmentoVideo(numSegmento, duracao, dataHoraInicio, numCamara) VALUES (17, '00:00:59', '2015-03-28 20:20:20', 17);
INSERT INTO SegmentoVideo(numSegmento, duracao, dataHoraInicio, numCamara) VALUES (18, '00:00:59', '2015-03-28 20:20:20', 18);
INSERT INTO SegmentoVideo(numSegmento, duracao, dataHoraInicio, numCamara) VALUES (19, '00:00:59', '2015-03-28 20:20:20', 19);
INSERT INTO SegmentoVideo(numSegmento, duracao, dataHoraInicio, numCamara) VALUES (20, '00:00:59', '2015-03-28 20:20:20', 20);
INSERT INTO SegmentoVideo(numSegmento, duracao, dataHoraInicio, numCamara) VALUES (21, '00:00:59', '2015-03-28 20:20:20', 21);
INSERT INTO SegmentoVideo(numSegmento, duracao, dataHoraInicio, numCamara) VALUES (22, '00:00:59', '2015-03-28 20:20:20', 22);
INSERT INTO SegmentoVideo(numSegmento, duracao, dataHoraInicio, numCamara) VALUES (23, '00:00:59', '2015-03-28 20:20:20', 23);
INSERT INTO SegmentoVideo(numSegmento, duracao, dataHoraInicio, numCamara) VALUES (24, '00:00:59', '2015-03-28 20:20:20', 24);
INSERT INTO SegmentoVideo(numSegmento, duracao, dataHoraInicio, numCamara) VALUES (25, '00:00:59', '2015-03-28 20:20:20', 25);
INSERT INTO SegmentoVideo(numSegmento, duracao, dataHoraInicio, numCamara) VALUES (26, '00:00:59', '2015-03-28 20:20:20', 26);
INSERT INTO SegmentoVideo(numSegmento, duracao, dataHoraInicio, numCamara) VALUES (27, '00:00:59', '2015-03-28 20:20:20', 27);
INSERT INTO SegmentoVideo(numSegmento, duracao, dataHoraInicio, numCamara) VALUES (28, '00:00:59', '2015-03-28 20:20:20', 28);
INSERT INTO SegmentoVideo(numSegmento, duracao, dataHoraInicio, numCamara) VALUES (29, '00:00:59', '2015-03-28 20:20:20', 29);
INSERT INTO SegmentoVideo(numSegmento, duracao, dataHoraInicio, numCamara) VALUES (30, '00:00:59', '2015-03-28 20:20:20', 30);
INSERT INTO SegmentoVideo(numSegmento, duracao, dataHoraInicio, numCamara) VALUES (31, '00:00:59', '2015-03-28 20:20:20', 31);
INSERT INTO SegmentoVideo(numSegmento, duracao, dataHoraInicio, numCamara) VALUES (32, '00:00:59', '2015-03-28 20:20:20', 32);
INSERT INTO SegmentoVideo(numSegmento, duracao, dataHoraInicio, numCamara) VALUES (33, '00:00:59', '2015-03-28 20:20:20', 33);
INSERT INTO SegmentoVideo(numSegmento, duracao, dataHoraInicio, numCamara) VALUES (34, '00:00:59', '2015-03-28 20:20:20', 34);
INSERT INTO SegmentoVideo(numSegmento, duracao, dataHoraInicio, numCamara) VALUES (35, '00:00:59', '2015-03-28 20:20:20', 35);
INSERT INTO SegmentoVideo(numSegmento, duracao, dataHoraInicio, numCamara) VALUES (36, '00:00:59', '2015-03-28 20:20:20', 36);
INSERT INTO SegmentoVideo(numSegmento, duracao, dataHoraInicio, numCamara) VALUES (37, '00:00:59', '2015-03-28 20:20:20', 37);
INSERT INTO SegmentoVideo(numSegmento, duracao, dataHoraInicio, numCamara) VALUES (38, '00:00:59', '2015-03-28 20:20:20', 38);
INSERT INTO SegmentoVideo(numSegmento, duracao, dataHoraInicio, numCamara) VALUES (39, '00:00:59', '2015-03-28 20:20:20', 39);
INSERT INTO SegmentoVideo(numSegmento, duracao, dataHoraInicio, numCamara) VALUES (40, '00:00:59', '2015-03-28 20:20:20', 40);
INSERT INTO SegmentoVideo(numSegmento, duracao, dataHoraInicio, numCamara) VALUES (41, '00:00:59', '2015-03-28 20:20:20', 41);
INSERT INTO SegmentoVideo(numSegmento, duracao, dataHoraInicio, numCamara) VALUES (42, '00:00:59', '2015-03-28 20:20:20', 42);
INSERT INTO SegmentoVideo(numSegmento, duracao, dataHoraInicio, numCamara) VALUES (43, '00:00:59', '2015-03-28 20:20:20', 43);
INSERT INTO SegmentoVideo(numSegmento, duracao, dataHoraInicio, numCamara) VALUES (44, '00:00:59', '2015-03-28 20:20:20', 44);
INSERT INTO SegmentoVideo(numSegmento, duracao, dataHoraInicio, numCamara) VALUES (45, '00:00:59', '2015-03-28 20:20:20', 45);
INSERT INTO SegmentoVideo(numSegmento, duracao, dataHoraInicio, numCamara) VALUES (46, '00:00:59', '2015-03-28 20:20:20', 46);
INSERT INTO SegmentoVideo(numSegmento, duracao, dataHoraInicio, numCamara) VALUES (47, '00:00:59', '2015-03-28 20:20:20', 47);
INSERT INTO SegmentoVideo(numSegmento, duracao, dataHoraInicio, numCamara) VALUES (48, '00:00:59', '2015-03-28 20:20:20', 48);
INSERT INTO SegmentoVideo(numSegmento, duracao, dataHoraInicio, numCamara) VALUES (49, '00:00:59', '2015-03-28 20:20:20', 49);
INSERT INTO SegmentoVideo(numSegmento, duracao, dataHoraInicio, numCamara) VALUES (50, '00:00:59', '2015-03-28 20:20:20', 50);
INSERT INTO SegmentoVideo(numSegmento, duracao, dataHoraInicio, numCamara) VALUES (51, '00:00:59', '2015-03-28 20:20:20', 51);
INSERT INTO SegmentoVideo(numSegmento, duracao, dataHoraInicio, numCamara) VALUES (52, '00:00:59', '2015-03-28 20:20:20', 52);
INSERT INTO SegmentoVideo(numSegmento, duracao, dataHoraInicio, numCamara) VALUES (53, '00:00:59', '2015-03-28 20:20:20', 53);
INSERT INTO SegmentoVideo(numSegmento, duracao, dataHoraInicio, numCamara) VALUES (54, '00:00:59', '2015-03-28 20:20:20', 54);
INSERT INTO SegmentoVideo(numSegmento, duracao, dataHoraInicio, numCamara) VALUES (55, '00:00:59', '2015-03-28 20:20:20', 55);
INSERT INTO SegmentoVideo(numSegmento, duracao, dataHoraInicio, numCamara) VALUES (56, '00:00:59', '2015-03-28 20:20:20', 56);
INSERT INTO SegmentoVideo(numSegmento, duracao, dataHoraInicio, numCamara) VALUES (57, '00:00:59', '2015-03-28 20:20:20', 57);
INSERT INTO SegmentoVideo(numSegmento, duracao, dataHoraInicio, numCamara) VALUES (58, '00:00:59', '2015-03-28 20:20:20', 58);
INSERT INTO SegmentoVideo(numSegmento, duracao, dataHoraInicio, numCamara) VALUES (59, '00:00:59', '2015-03-28 20:20:20', 59);
INSERT INTO SegmentoVideo(numSegmento, duracao, dataHoraInicio, numCamara) VALUES (60, '00:00:59', '2015-03-28 20:20:20', 60);
INSERT INTO SegmentoVideo(numSegmento, duracao, dataHoraInicio, numCamara) VALUES (61, '00:00:59', '2015-03-28 20:20:20', 61);
INSERT INTO SegmentoVideo(numSegmento, duracao, dataHoraInicio, numCamara) VALUES (62, '00:00:59', '2015-03-28 20:20:20', 62);
INSERT INTO SegmentoVideo(numSegmento, duracao, dataHoraInicio, numCamara) VALUES (63, '00:00:59', '2015-03-28 20:20:20', 63);
INSERT INTO SegmentoVideo(numSegmento, duracao, dataHoraInicio, numCamara) VALUES (64, '00:00:59', '2015-03-28 20:20:20', 64);
INSERT INTO SegmentoVideo(numSegmento, duracao, dataHoraInicio, numCamara) VALUES (65, '00:00:59', '2015-03-28 20:20:20', 65);
INSERT INTO SegmentoVideo(numSegmento, duracao, dataHoraInicio, numCamara) VALUES (66, '00:00:59', '2015-03-28 20:20:20', 66);
INSERT INTO SegmentoVideo(numSegmento, duracao, dataHoraInicio, numCamara) VALUES (67, '00:00:59', '2015-03-28 20:20:20', 67);
INSERT INTO SegmentoVideo(numSegmento, duracao, dataHoraInicio, numCamara) VALUES (68, '00:00:59', '2015-03-28 20:20:20', 68);
INSERT INTO SegmentoVideo(numSegmento, duracao, dataHoraInicio, numCamara) VALUES (69, '00:00:59', '2015-03-28 20:20:20', 69);
INSERT INTO SegmentoVideo(numSegmento, duracao, dataHoraInicio, numCamara) VALUES (70, '00:00:59', '2015-03-28 20:20:20', 70);
INSERT INTO SegmentoVideo(numSegmento, duracao, dataHoraInicio, numCamara) VALUES (71, '00:00:59', '2015-03-28 20:20:20', 71);
INSERT INTO SegmentoVideo(numSegmento, duracao, dataHoraInicio, numCamara) VALUES (72, '00:00:59', '2015-03-28 20:20:20', 72);
INSERT INTO SegmentoVideo(numSegmento, duracao, dataHoraInicio, numCamara) VALUES (73, '00:00:59', '2015-03-28 20:20:20', 73);
INSERT INTO SegmentoVideo(numSegmento, duracao, dataHoraInicio, numCamara) VALUES (74, '00:00:59', '2015-03-28 20:20:20', 74);
INSERT INTO SegmentoVideo(numSegmento, duracao, dataHoraInicio, numCamara) VALUES (75, '00:00:59', '2015-03-28 20:20:20', 75);
INSERT INTO SegmentoVideo(numSegmento, duracao, dataHoraInicio, numCamara) VALUES (76, '00:00:59', '2015-03-28 20:20:20', 76);
INSERT INTO SegmentoVideo(numSegmento, duracao, dataHoraInicio, numCamara) VALUES (77, '00:00:59', '2015-03-28 20:20:20', 77);
INSERT INTO SegmentoVideo(numSegmento, duracao, dataHoraInicio, numCamara) VALUES (78, '00:00:59', '2015-03-28 20:20:20', 78);
INSERT INTO SegmentoVideo(numSegmento, duracao, dataHoraInicio, numCamara) VALUES (79, '00:00:59', '2015-03-28 20:20:20', 79);
INSERT INTO SegmentoVideo(numSegmento, duracao, dataHoraInicio, numCamara) VALUES (80, '00:00:59', '2015-03-28 20:20:20', 80);
INSERT INTO SegmentoVideo(numSegmento, duracao, dataHoraInicio, numCamara) VALUES (81, '00:00:59', '2015-03-28 20:20:20', 81);
INSERT INTO SegmentoVideo(numSegmento, duracao, dataHoraInicio, numCamara) VALUES (82, '00:00:59', '2015-03-28 20:20:20', 82);
INSERT INTO SegmentoVideo(numSegmento, duracao, dataHoraInicio, numCamara) VALUES (83, '00:00:59', '2015-03-28 20:20:20', 83);
INSERT INTO SegmentoVideo(numSegmento, duracao, dataHoraInicio, numCamara) VALUES (84, '00:00:59', '2015-03-28 20:20:20', 84);
INSERT INTO SegmentoVideo(numSegmento, duracao, dataHoraInicio, numCamara) VALUES (85, '00:00:59', '2015-03-28 20:20:20', 85);
INSERT INTO SegmentoVideo(numSegmento, duracao, dataHoraInicio, numCamara) VALUES (86, '00:00:59', '2015-03-28 20:20:20', 86);
INSERT INTO SegmentoVideo(numSegmento, duracao, dataHoraInicio, numCamara) VALUES (87, '00:00:59', '2015-03-28 20:20:20', 87);
INSERT INTO SegmentoVideo(numSegmento, duracao, dataHoraInicio, numCamara) VALUES (88, '00:00:59', '2015-03-28 20:20:20', 88);
INSERT INTO SegmentoVideo(numSegmento, duracao, dataHoraInicio, numCamara) VALUES (89, '00:00:59', '2015-03-28 20:20:20', 89);
INSERT INTO SegmentoVideo(numSegmento, duracao, dataHoraInicio, numCamara) VALUES (90, '00:00:59', '2015-03-28 20:20:20', 90);
INSERT INTO SegmentoVideo(numSegmento, duracao, dataHoraInicio, numCamara) VALUES (91, '00:00:59', '2015-03-28 20:20:20', 91);
INSERT INTO SegmentoVideo(numSegmento, duracao, dataHoraInicio, numCamara) VALUES (92, '00:00:59', '2015-03-28 20:20:20', 92);
INSERT INTO SegmentoVideo(numSegmento, duracao, dataHoraInicio, numCamara) VALUES (93, '00:00:59', '2015-03-28 20:20:20', 93);
INSERT INTO SegmentoVideo(numSegmento, duracao, dataHoraInicio, numCamara) VALUES (94, '00:00:59', '2015-03-28 20:20:20', 94);
INSERT INTO SegmentoVideo(numSegmento, duracao, dataHoraInicio, numCamara) VALUES (95, '00:00:59', '2015-03-28 20:20:20', 95);
INSERT INTO SegmentoVideo(numSegmento, duracao, dataHoraInicio, numCamara) VALUES (96, '00:00:59', '2015-03-28 20:20:20', 96);
INSERT INTO SegmentoVideo(numSegmento, duracao, dataHoraInicio, numCamara) VALUES (97, '00:00:59', '2015-03-28 20:20:20', 97);
INSERT INTO SegmentoVideo(numSegmento, duracao, dataHoraInicio, numCamara) VALUES (98, '00:00:59', '2015-03-28 20:20:20', 98);
INSERT INTO SegmentoVideo(numSegmento, duracao, dataHoraInicio, numCamara) VALUES (99, '00:00:59', '2015-03-28 20:20:20', 99);
INSERT INTO SegmentoVideo(numSegmento, duracao, dataHoraInicio, numCamara) VALUES (100, '00:00:59', '2015-03-28 20:20:20', 100);

INSERT INTO Vigia(moradaLocal, numCamara) VALUES ('Local1', 1);
INSERT INTO Vigia(moradaLocal, numCamara) VALUES ('Local2', 2);
INSERT INTO Vigia(moradaLocal, numCamara) VALUES ('Local3', 3);
INSERT INTO Vigia(moradaLocal, numCamara) VALUES ('Local4', 4);
INSERT INTO Vigia(moradaLocal, numCamara) VALUES ('Local5', 5);
INSERT INTO Vigia(moradaLocal, numCamara) VALUES ('Local6', 6);
INSERT INTO Vigia(moradaLocal, numCamara) VALUES ('Local7', 7);
INSERT INTO Vigia(moradaLocal, numCamara) VALUES ('Local8', 8);
INSERT INTO Vigia(moradaLocal, numCamara) VALUES ('Local9', 9);
INSERT INTO Vigia(moradaLocal, numCamara) VALUES ('Local10', 10);
INSERT INTO Vigia(moradaLocal, numCamara) VALUES ('Local11', 11);
INSERT INTO Vigia(moradaLocal, numCamara) VALUES ('Local12', 12);
INSERT INTO Vigia(moradaLocal, numCamara) VALUES ('Local13', 13);
INSERT INTO Vigia(moradaLocal, numCamara) VALUES ('Local14', 14);
INSERT INTO Vigia(moradaLocal, numCamara) VALUES ('Local15', 15);
INSERT INTO Vigia(moradaLocal, numCamara) VALUES ('Local16', 16);
INSERT INTO Vigia(moradaLocal, numCamara) VALUES ('Local17', 17);
INSERT INTO Vigia(moradaLocal, numCamara) VALUES ('Local18', 18);
INSERT INTO Vigia(moradaLocal, numCamara) VALUES ('Local19', 19);
INSERT INTO Vigia(moradaLocal, numCamara) VALUES ('Local20', 20);
INSERT INTO Vigia(moradaLocal, numCamara) VALUES ('Local21', 21);
INSERT INTO Vigia(moradaLocal, numCamara) VALUES ('Local22', 22);
INSERT INTO Vigia(moradaLocal, numCamara) VALUES ('Local23', 23);
INSERT INTO Vigia(moradaLocal, numCamara) VALUES ('Local24', 24);
INSERT INTO Vigia(moradaLocal, numCamara) VALUES ('Local25', 25);
INSERT INTO Vigia(moradaLocal, numCamara) VALUES ('Local26', 26);
INSERT INTO Vigia(moradaLocal, numCamara) VALUES ('Local27', 27);
INSERT INTO Vigia(moradaLocal, numCamara) VALUES ('Local28', 28);
INSERT INTO Vigia(moradaLocal, numCamara) VALUES ('Local29', 29);
INSERT INTO Vigia(moradaLocal, numCamara) VALUES ('Local30', 30);
INSERT INTO Vigia(moradaLocal, numCamara) VALUES ('Local31', 31);
INSERT INTO Vigia(moradaLocal, numCamara) VALUES ('Local32', 32);
INSERT INTO Vigia(moradaLocal, numCamara) VALUES ('Local33', 33);
INSERT INTO Vigia(moradaLocal, numCamara) VALUES ('Local34', 34);
INSERT INTO Vigia(moradaLocal, numCamara) VALUES ('Local35', 35);
INSERT INTO Vigia(moradaLocal, numCamara) VALUES ('Local36', 36);
INSERT INTO Vigia(moradaLocal, numCamara) VALUES ('Local37', 37);
INSERT INTO Vigia(moradaLocal, numCamara) VALUES ('Local38', 38);
INSERT INTO Vigia(moradaLocal, numCamara) VALUES ('Local39', 39);
INSERT INTO Vigia(moradaLocal, numCamara) VALUES ('Local40', 40);
INSERT INTO Vigia(moradaLocal, numCamara) VALUES ('Local41', 41);
INSERT INTO Vigia(moradaLocal, numCamara) VALUES ('Local42', 42);
INSERT INTO Vigia(moradaLocal, numCamara) VALUES ('Local43', 43);
INSERT INTO Vigia(moradaLocal, numCamara) VALUES ('Local44', 44);
INSERT INTO Vigia(moradaLocal, numCamara) VALUES ('Local45', 45);
INSERT INTO Vigia(moradaLocal, numCamara) VALUES ('Local46', 46);
INSERT INTO Vigia(moradaLocal, numCamara) VALUES ('Local47', 47);
INSERT INTO Vigia(moradaLocal, numCamara) VALUES ('Local48', 48);
INSERT INTO Vigia(moradaLocal, numCamara) VALUES ('Local49', 49);
INSERT INTO Vigia(moradaLocal, numCamara) VALUES ('Local50', 50);
INSERT INTO Vigia(moradaLocal, numCamara) VALUES ('Local51', 51);
INSERT INTO Vigia(moradaLocal, numCamara) VALUES ('Local52', 52);
INSERT INTO Vigia(moradaLocal, numCamara) VALUES ('Local53', 53);
INSERT INTO Vigia(moradaLocal, numCamara) VALUES ('Local54', 54);
INSERT INTO Vigia(moradaLocal, numCamara) VALUES ('Local55', 55);
INSERT INTO Vigia(moradaLocal, numCamara) VALUES ('Local56', 56);
INSERT INTO Vigia(moradaLocal, numCamara) VALUES ('Local57', 57);
INSERT INTO Vigia(moradaLocal, numCamara) VALUES ('Local58', 58);
INSERT INTO Vigia(moradaLocal, numCamara) VALUES ('Local59', 59);
INSERT INTO Vigia(moradaLocal, numCamara) VALUES ('Local60', 60);
INSERT INTO Vigia(moradaLocal, numCamara) VALUES ('Local61', 61);
INSERT INTO Vigia(moradaLocal, numCamara) VALUES ('Local62', 62);
INSERT INTO Vigia(moradaLocal, numCamara) VALUES ('Local63', 63);
INSERT INTO Vigia(moradaLocal, numCamara) VALUES ('Local64', 64);
INSERT INTO Vigia(moradaLocal, numCamara) VALUES ('Local65', 65);
INSERT INTO Vigia(moradaLocal, numCamara) VALUES ('Local66', 66);
INSERT INTO Vigia(moradaLocal, numCamara) VALUES ('Local67', 67);
INSERT INTO Vigia(moradaLocal, numCamara) VALUES ('Local68', 68);
INSERT INTO Vigia(moradaLocal, numCamara) VALUES ('Local69', 69);
INSERT INTO Vigia(moradaLocal, numCamara) VALUES ('Local70', 70);
INSERT INTO Vigia(moradaLocal, numCamara) VALUES ('Local71', 71);
INSERT INTO Vigia(moradaLocal, numCamara) VALUES ('Local72', 72);
INSERT INTO Vigia(moradaLocal, numCamara) VALUES ('Local73', 73);
INSERT INTO Vigia(moradaLocal, numCamara) VALUES ('Local74', 74);
INSERT INTO Vigia(moradaLocal, numCamara) VALUES ('Local75', 75);
INSERT INTO Vigia(moradaLocal, numCamara) VALUES ('Local76', 76);
INSERT INTO Vigia(moradaLocal, numCamara) VALUES ('Local77', 77);
INSERT INTO Vigia(moradaLocal, numCamara) VALUES ('Local78', 78);
INSERT INTO Vigia(moradaLocal, numCamara) VALUES ('Local79', 79);
INSERT INTO Vigia(moradaLocal, numCamara) VALUES ('Local80', 80);
INSERT INTO Vigia(moradaLocal, numCamara) VALUES ('Local81', 81);
INSERT INTO Vigia(moradaLocal, numCamara) VALUES ('Local82', 82);
INSERT INTO Vigia(moradaLocal, numCamara) VALUES ('Local83', 83);
INSERT INTO Vigia(moradaLocal, numCamara) VALUES ('Local84', 84);
INSERT INTO Vigia(moradaLocal, numCamara) VALUES ('Local85', 85);
INSERT INTO Vigia(moradaLocal, numCamara) VALUES ('Local86', 86);
INSERT INTO Vigia(moradaLocal, numCamara) VALUES ('Local87', 87);
INSERT INTO Vigia(moradaLocal, numCamara) VALUES ('Local88', 88);
INSERT INTO Vigia(moradaLocal, numCamara) VALUES ('Local89', 89);
INSERT INTO Vigia(moradaLocal, numCamara) VALUES ('Local90', 90);
INSERT INTO Vigia(moradaLocal, numCamara) VALUES ('Local91', 91);
INSERT INTO Vigia(moradaLocal, numCamara) VALUES ('Local92', 92);
INSERT INTO Vigia(moradaLocal, numCamara) VALUES ('Local93', 93);
INSERT INTO Vigia(moradaLocal, numCamara) VALUES ('Local94', 94);
INSERT INTO Vigia(moradaLocal, numCamara) VALUES ('Local95', 95);
INSERT INTO Vigia(moradaLocal, numCamara) VALUES ('Local96', 96);
INSERT INTO Vigia(moradaLocal, numCamara) VALUES ('Local97', 97);
INSERT INTO Vigia(moradaLocal, numCamara) VALUES ('Local98', 98);
INSERT INTO Vigia(moradaLocal, numCamara) VALUES ('Local99', 99);
INSERT INTO Vigia(moradaLocal, numCamara) VALUES ('Local100', 100);

INSERT INTO MeioCombate(numMeio, nomeEntidade) VALUES (1, 'Entidade1');
INSERT INTO MeioCombate(numMeio, nomeEntidade) VALUES (2, 'Entidade2');
INSERT INTO MeioCombate(numMeio, nomeEntidade) VALUES (3, 'Entidade3');
INSERT INTO MeioCombate(numMeio, nomeEntidade) VALUES (4, 'Entidade4');
INSERT INTO MeioCombate(numMeio, nomeEntidade) VALUES (5, 'Entidade5');
INSERT INTO MeioCombate(numMeio, nomeEntidade) VALUES (6, 'Entidade6');
INSERT INTO MeioCombate(numMeio, nomeEntidade) VALUES (7, 'Entidade7');
INSERT INTO MeioCombate(numMeio, nomeEntidade) VALUES (8, 'Entidade8');
INSERT INTO MeioCombate(numMeio, nomeEntidade) VALUES (9, 'Entidade9');
INSERT INTO MeioCombate(numMeio, nomeEntidade) VALUES (10, 'Entidade10');
INSERT INTO MeioCombate(numMeio, nomeEntidade) VALUES (11, 'Entidade11');
INSERT INTO MeioCombate(numMeio, nomeEntidade) VALUES (12, 'Entidade12');
INSERT INTO MeioCombate(numMeio, nomeEntidade) VALUES (13, 'Entidade13');
INSERT INTO MeioCombate(numMeio, nomeEntidade) VALUES (14, 'Entidade14');
INSERT INTO MeioCombate(numMeio, nomeEntidade) VALUES (15, 'Entidade15');
INSERT INTO MeioCombate(numMeio, nomeEntidade) VALUES (16, 'Entidade16');
INSERT INTO MeioCombate(numMeio, nomeEntidade) VALUES (17, 'Entidade17');
INSERT INTO MeioCombate(numMeio, nomeEntidade) VALUES (18, 'Entidade18');
INSERT INTO MeioCombate(numMeio, nomeEntidade) VALUES (19, 'Entidade19');
INSERT INTO MeioCombate(numMeio, nomeEntidade) VALUES (20, 'Entidade20');
INSERT INTO MeioCombate(numMeio, nomeEntidade) VALUES (21, 'Entidade21');
INSERT INTO MeioCombate(numMeio, nomeEntidade) VALUES (22, 'Entidade22');
INSERT INTO MeioCombate(numMeio, nomeEntidade) VALUES (23, 'Entidade23');
INSERT INTO MeioCombate(numMeio, nomeEntidade) VALUES (24, 'Entidade24');
INSERT INTO MeioCombate(numMeio, nomeEntidade) VALUES (25, 'Entidade25');
INSERT INTO MeioCombate(numMeio, nomeEntidade) VALUES (26, 'Entidade26');
INSERT INTO MeioCombate(numMeio, nomeEntidade) VALUES (27, 'Entidade27');
INSERT INTO MeioCombate(numMeio, nomeEntidade) VALUES (28, 'Entidade28');
INSERT INTO MeioCombate(numMeio, nomeEntidade) VALUES (29, 'Entidade29');
INSERT INTO MeioCombate(numMeio, nomeEntidade) VALUES (30, 'Entidade30');
INSERT INTO MeioCombate(numMeio, nomeEntidade) VALUES (31, 'Entidade31');
INSERT INTO MeioCombate(numMeio, nomeEntidade) VALUES (32, 'Entidade32');
INSERT INTO MeioCombate(numMeio, nomeEntidade) VALUES (33, 'Entidade33');
INSERT INTO MeioCombate(numMeio, nomeEntidade) VALUES (34, 'Entidade34');
INSERT INTO MeioCombate(numMeio, nomeEntidade) VALUES (35, 'Entidade35');
INSERT INTO MeioCombate(numMeio, nomeEntidade) VALUES (36, 'Entidade36');
INSERT INTO MeioCombate(numMeio, nomeEntidade) VALUES (37, 'Entidade37');
INSERT INTO MeioCombate(numMeio, nomeEntidade) VALUES (38, 'Entidade38');
INSERT INTO MeioCombate(numMeio, nomeEntidade) VALUES (39, 'Entidade39');
INSERT INTO MeioCombate(numMeio, nomeEntidade) VALUES (40, 'Entidade40');
INSERT INTO MeioCombate(numMeio, nomeEntidade) VALUES (41, 'Entidade41');
INSERT INTO MeioCombate(numMeio, nomeEntidade) VALUES (42, 'Entidade42');
INSERT INTO MeioCombate(numMeio, nomeEntidade) VALUES (43, 'Entidade43');
INSERT INTO MeioCombate(numMeio, nomeEntidade) VALUES (44, 'Entidade44');
INSERT INTO MeioCombate(numMeio, nomeEntidade) VALUES (45, 'Entidade45');
INSERT INTO MeioCombate(numMeio, nomeEntidade) VALUES (46, 'Entidade46');
INSERT INTO MeioCombate(numMeio, nomeEntidade) VALUES (47, 'Entidade47');
INSERT INTO MeioCombate(numMeio, nomeEntidade) VALUES (48, 'Entidade48');
INSERT INTO MeioCombate(numMeio, nomeEntidade) VALUES (49, 'Entidade49');
INSERT INTO MeioCombate(numMeio, nomeEntidade) VALUES (50, 'Entidade50');
INSERT INTO MeioCombate(numMeio, nomeEntidade) VALUES (51, 'Entidade51');
INSERT INTO MeioCombate(numMeio, nomeEntidade) VALUES (52, 'Entidade52');
INSERT INTO MeioCombate(numMeio, nomeEntidade) VALUES (53, 'Entidade53');
INSERT INTO MeioCombate(numMeio, nomeEntidade) VALUES (54, 'Entidade54');
INSERT INTO MeioCombate(numMeio, nomeEntidade) VALUES (55, 'Entidade55');
INSERT INTO MeioCombate(numMeio, nomeEntidade) VALUES (56, 'Entidade56');
INSERT INTO MeioCombate(numMeio, nomeEntidade) VALUES (57, 'Entidade57');
INSERT INTO MeioCombate(numMeio, nomeEntidade) VALUES (58, 'Entidade58');
INSERT INTO MeioCombate(numMeio, nomeEntidade) VALUES (59, 'Entidade59');
INSERT INTO MeioCombate(numMeio, nomeEntidade) VALUES (60, 'Entidade60');
INSERT INTO MeioCombate(numMeio, nomeEntidade) VALUES (61, 'Entidade61');
INSERT INTO MeioCombate(numMeio, nomeEntidade) VALUES (62, 'Entidade62');
INSERT INTO MeioCombate(numMeio, nomeEntidade) VALUES (63, 'Entidade63');
INSERT INTO MeioCombate(numMeio, nomeEntidade) VALUES (64, 'Entidade64');
INSERT INTO MeioCombate(numMeio, nomeEntidade) VALUES (65, 'Entidade65');
INSERT INTO MeioCombate(numMeio, nomeEntidade) VALUES (66, 'Entidade66');
INSERT INTO MeioCombate(numMeio, nomeEntidade) VALUES (67, 'Entidade67');
INSERT INTO MeioCombate(numMeio, nomeEntidade) VALUES (68, 'Entidade68');
INSERT INTO MeioCombate(numMeio, nomeEntidade) VALUES (69, 'Entidade69');
INSERT INTO MeioCombate(numMeio, nomeEntidade) VALUES (70, 'Entidade70');
INSERT INTO MeioCombate(numMeio, nomeEntidade) VALUES (71, 'Entidade71');
INSERT INTO MeioCombate(numMeio, nomeEntidade) VALUES (72, 'Entidade72');
INSERT INTO MeioCombate(numMeio, nomeEntidade) VALUES (73, 'Entidade73');
INSERT INTO MeioCombate(numMeio, nomeEntidade) VALUES (74, 'Entidade74');
INSERT INTO MeioCombate(numMeio, nomeEntidade) VALUES (75, 'Entidade75');
INSERT INTO MeioCombate(numMeio, nomeEntidade) VALUES (76, 'Entidade76');
INSERT INTO MeioCombate(numMeio, nomeEntidade) VALUES (77, 'Entidade77');
INSERT INTO MeioCombate(numMeio, nomeEntidade) VALUES (78, 'Entidade78');
INSERT INTO MeioCombate(numMeio, nomeEntidade) VALUES (79, 'Entidade79');
INSERT INTO MeioCombate(numMeio, nomeEntidade) VALUES (80, 'Entidade80');
INSERT INTO MeioCombate(numMeio, nomeEntidade) VALUES (81, 'Entidade81');
INSERT INTO MeioCombate(numMeio, nomeEntidade) VALUES (82, 'Entidade82');
INSERT INTO MeioCombate(numMeio, nomeEntidade) VALUES (83, 'Entidade83');
INSERT INTO MeioCombate(numMeio, nomeEntidade) VALUES (84, 'Entidade84');
INSERT INTO MeioCombate(numMeio, nomeEntidade) VALUES (85, 'Entidade85');
INSERT INTO MeioCombate(numMeio, nomeEntidade) VALUES (86, 'Entidade86');
INSERT INTO MeioCombate(numMeio, nomeEntidade) VALUES (87, 'Entidade87');
INSERT INTO MeioCombate(numMeio, nomeEntidade) VALUES (88, 'Entidade88');
INSERT INTO MeioCombate(numMeio, nomeEntidade) VALUES (89, 'Entidade89');
INSERT INTO MeioCombate(numMeio, nomeEntidade) VALUES (90, 'Entidade90');
INSERT INTO MeioCombate(numMeio, nomeEntidade) VALUES (91, 'Entidade91');
INSERT INTO MeioCombate(numMeio, nomeEntidade) VALUES (92, 'Entidade92');
INSERT INTO MeioCombate(numMeio, nomeEntidade) VALUES (93, 'Entidade93');
INSERT INTO MeioCombate(numMeio, nomeEntidade) VALUES (94, 'Entidade94');
INSERT INTO MeioCombate(numMeio, nomeEntidade) VALUES (95, 'Entidade95');
INSERT INTO MeioCombate(numMeio, nomeEntidade) VALUES (96, 'Entidade96');
INSERT INTO MeioCombate(numMeio, nomeEntidade) VALUES (97, 'Entidade97');
INSERT INTO MeioCombate(numMeio, nomeEntidade) VALUES (98, 'Entidade98');
INSERT INTO MeioCombate(numMeio, nomeEntidade) VALUES (99, 'Entidade99');
INSERT INTO MeioSocorro(numMeio, nomeEntidade) VALUES (100, 'Entidade100');
INSERT INTO MeioSocorro(numMeio, nomeEntidade) VALUES (101, 'Entidade101');
INSERT INTO MeioSocorro(numMeio, nomeEntidade) VALUES (102, 'Entidade102');
INSERT INTO MeioSocorro(numMeio, nomeEntidade) VALUES (103, 'Entidade103');
INSERT INTO MeioSocorro(numMeio, nomeEntidade) VALUES (104, 'Entidade104');
INSERT INTO MeioSocorro(numMeio, nomeEntidade) VALUES (105, 'Entidade105');
INSERT INTO MeioSocorro(numMeio, nomeEntidade) VALUES (106, 'Entidade106');
INSERT INTO MeioSocorro(numMeio, nomeEntidade) VALUES (107, 'Entidade107');
INSERT INTO MeioSocorro(numMeio, nomeEntidade) VALUES (108, 'Entidade108');
INSERT INTO MeioSocorro(numMeio, nomeEntidade) VALUES (109, 'Entidade109');
INSERT INTO MeioSocorro(numMeio, nomeEntidade) VALUES (110, 'Entidade110');
INSERT INTO MeioSocorro(numMeio, nomeEntidade) VALUES (111, 'Entidade111');
INSERT INTO MeioSocorro(numMeio, nomeEntidade) VALUES (112, 'Entidade112');
INSERT INTO MeioSocorro(numMeio, nomeEntidade) VALUES (113, 'Entidade113');
INSERT INTO MeioSocorro(numMeio, nomeEntidade) VALUES (114, 'Entidade114');
INSERT INTO MeioSocorro(numMeio, nomeEntidade) VALUES (115, 'Entidade115');
INSERT INTO MeioSocorro(numMeio, nomeEntidade) VALUES (116, 'Entidade116');
INSERT INTO MeioSocorro(numMeio, nomeEntidade) VALUES (117, 'Entidade117');
INSERT INTO MeioSocorro(numMeio, nomeEntidade) VALUES (118, 'Entidade118');
INSERT INTO MeioSocorro(numMeio, nomeEntidade) VALUES (119, 'Entidade119');
INSERT INTO MeioSocorro(numMeio, nomeEntidade) VALUES (120, 'Entidade120');
INSERT INTO MeioSocorro(numMeio, nomeEntidade) VALUES (121, 'Entidade121');
INSERT INTO MeioSocorro(numMeio, nomeEntidade) VALUES (122, 'Entidade122');
INSERT INTO MeioSocorro(numMeio, nomeEntidade) VALUES (123, 'Entidade123');
INSERT INTO MeioSocorro(numMeio, nomeEntidade) VALUES (124, 'Entidade124');
INSERT INTO MeioSocorro(numMeio, nomeEntidade) VALUES (125, 'Entidade125');
INSERT INTO MeioSocorro(numMeio, nomeEntidade) VALUES (126, 'Entidade126');
INSERT INTO MeioSocorro(numMeio, nomeEntidade) VALUES (127, 'Entidade127');
INSERT INTO MeioSocorro(numMeio, nomeEntidade) VALUES (128, 'Entidade128');
INSERT INTO MeioSocorro(numMeio, nomeEntidade) VALUES (129, 'Entidade129');
INSERT INTO MeioSocorro(numMeio, nomeEntidade) VALUES (130, 'Entidade130');
INSERT INTO MeioSocorro(numMeio, nomeEntidade) VALUES (131, 'Entidade131');
INSERT INTO MeioSocorro(numMeio, nomeEntidade) VALUES (132, 'Entidade132');
INSERT INTO MeioSocorro(numMeio, nomeEntidade) VALUES (133, 'Entidade133');
INSERT INTO MeioSocorro(numMeio, nomeEntidade) VALUES (134, 'Entidade134');
INSERT INTO MeioSocorro(numMeio, nomeEntidade) VALUES (135, 'Entidade135');
INSERT INTO MeioSocorro(numMeio, nomeEntidade) VALUES (136, 'Entidade136');
INSERT INTO MeioSocorro(numMeio, nomeEntidade) VALUES (137, 'Entidade137');
INSERT INTO MeioSocorro(numMeio, nomeEntidade) VALUES (138, 'Entidade138');
INSERT INTO MeioSocorro(numMeio, nomeEntidade) VALUES (139, 'Entidade139');
INSERT INTO MeioSocorro(numMeio, nomeEntidade) VALUES (140, 'Entidade140');
INSERT INTO MeioSocorro(numMeio, nomeEntidade) VALUES (141, 'Entidade141');
INSERT INTO MeioSocorro(numMeio, nomeEntidade) VALUES (142, 'Entidade142');
INSERT INTO MeioSocorro(numMeio, nomeEntidade) VALUES (143, 'Entidade143');
INSERT INTO MeioSocorro(numMeio, nomeEntidade) VALUES (144, 'Entidade144');
INSERT INTO MeioSocorro(numMeio, nomeEntidade) VALUES (145, 'Entidade145');
INSERT INTO MeioSocorro(numMeio, nomeEntidade) VALUES (146, 'Entidade146');
INSERT INTO MeioSocorro(numMeio, nomeEntidade) VALUES (147, 'Entidade147');
INSERT INTO MeioSocorro(numMeio, nomeEntidade) VALUES (148, 'Entidade148');
INSERT INTO MeioSocorro(numMeio, nomeEntidade) VALUES (149, 'Entidade149');
INSERT INTO MeioSocorro(numMeio, nomeEntidade) VALUES (150, 'Entidade150');
INSERT INTO MeioSocorro(numMeio, nomeEntidade) VALUES (151, 'Entidade151');
INSERT INTO MeioSocorro(numMeio, nomeEntidade) VALUES (152, 'Entidade152');
INSERT INTO MeioSocorro(numMeio, nomeEntidade) VALUES (153, 'Entidade153');
INSERT INTO MeioSocorro(numMeio, nomeEntidade) VALUES (154, 'Entidade154');
INSERT INTO MeioSocorro(numMeio, nomeEntidade) VALUES (155, 'Entidade155');
INSERT INTO MeioSocorro(numMeio, nomeEntidade) VALUES (156, 'Entidade156');
INSERT INTO MeioSocorro(numMeio, nomeEntidade) VALUES (157, 'Entidade157');
INSERT INTO MeioSocorro(numMeio, nomeEntidade) VALUES (158, 'Entidade158');
INSERT INTO MeioSocorro(numMeio, nomeEntidade) VALUES (159, 'Entidade159');
INSERT INTO MeioSocorro(numMeio, nomeEntidade) VALUES (160, 'Entidade160');
INSERT INTO MeioSocorro(numMeio, nomeEntidade) VALUES (161, 'Entidade161');
INSERT INTO MeioSocorro(numMeio, nomeEntidade) VALUES (162, 'Entidade162');
INSERT INTO MeioSocorro(numMeio, nomeEntidade) VALUES (163, 'Entidade163');
INSERT INTO MeioSocorro(numMeio, nomeEntidade) VALUES (164, 'Entidade164');
INSERT INTO MeioSocorro(numMeio, nomeEntidade) VALUES (165, 'Entidade165');
INSERT INTO MeioSocorro(numMeio, nomeEntidade) VALUES (166, 'Entidade166');
INSERT INTO MeioSocorro(numMeio, nomeEntidade) VALUES (167, 'Entidade167');
INSERT INTO MeioSocorro(numMeio, nomeEntidade) VALUES (168, 'Entidade168');
INSERT INTO MeioSocorro(numMeio, nomeEntidade) VALUES (169, 'Entidade169');
INSERT INTO MeioSocorro(numMeio, nomeEntidade) VALUES (170, 'Entidade170');
INSERT INTO MeioSocorro(numMeio, nomeEntidade) VALUES (171, 'Entidade171');
INSERT INTO MeioSocorro(numMeio, nomeEntidade) VALUES (172, 'Entidade172');
INSERT INTO MeioSocorro(numMeio, nomeEntidade) VALUES (173, 'Entidade173');
INSERT INTO MeioSocorro(numMeio, nomeEntidade) VALUES (174, 'Entidade174');
INSERT INTO MeioSocorro(numMeio, nomeEntidade) VALUES (175, 'Entidade175');
INSERT INTO MeioSocorro(numMeio, nomeEntidade) VALUES (176, 'Entidade176');
INSERT INTO MeioSocorro(numMeio, nomeEntidade) VALUES (177, 'Entidade177');
INSERT INTO MeioSocorro(numMeio, nomeEntidade) VALUES (178, 'Entidade178');
INSERT INTO MeioSocorro(numMeio, nomeEntidade) VALUES (179, 'Entidade179');
INSERT INTO MeioSocorro(numMeio, nomeEntidade) VALUES (180, 'Entidade180');
INSERT INTO MeioSocorro(numMeio, nomeEntidade) VALUES (181, 'Entidade181');
INSERT INTO MeioSocorro(numMeio, nomeEntidade) VALUES (182, 'Entidade182');
INSERT INTO MeioSocorro(numMeio, nomeEntidade) VALUES (183, 'Entidade183');
INSERT INTO MeioSocorro(numMeio, nomeEntidade) VALUES (184, 'Entidade184');
INSERT INTO MeioSocorro(numMeio, nomeEntidade) VALUES (185, 'Entidade185');
INSERT INTO MeioSocorro(numMeio, nomeEntidade) VALUES (186, 'Entidade186');
INSERT INTO MeioSocorro(numMeio, nomeEntidade) VALUES (187, 'Entidade187');
INSERT INTO MeioSocorro(numMeio, nomeEntidade) VALUES (188, 'Entidade188');
INSERT INTO MeioSocorro(numMeio, nomeEntidade) VALUES (189, 'Entidade189');
INSERT INTO MeioSocorro(numMeio, nomeEntidade) VALUES (190, 'Entidade190');
INSERT INTO MeioSocorro(numMeio, nomeEntidade) VALUES (191, 'Entidade191');
INSERT INTO MeioSocorro(numMeio, nomeEntidade) VALUES (192, 'Entidade192');
INSERT INTO MeioSocorro(numMeio, nomeEntidade) VALUES (193, 'Entidade193');
INSERT INTO MeioSocorro(numMeio, nomeEntidade) VALUES (194, 'Entidade194');
INSERT INTO MeioSocorro(numMeio, nomeEntidade) VALUES (195, 'Entidade195');
INSERT INTO MeioSocorro(numMeio, nomeEntidade) VALUES (196, 'Entidade196');
INSERT INTO MeioSocorro(numMeio, nomeEntidade) VALUES (197, 'Entidade197');
INSERT INTO MeioSocorro(numMeio, nomeEntidade) VALUES (198, 'Entidade198');
INSERT INTO MeioSocorro(numMeio, nomeEntidade) VALUES (199, 'Entidade199');
INSERT INTO MeioSocorro(numMeio, nomeEntidade) VALUES (200, 'Entidade200');
INSERT INTO MeioApoio(numMeio, nomeEntidade) VALUES (201, 'Entidade201');
INSERT INTO MeioApoio(numMeio, nomeEntidade) VALUES (202, 'Entidade202');
INSERT INTO MeioApoio(numMeio, nomeEntidade) VALUES (203, 'Entidade203');
INSERT INTO MeioApoio(numMeio, nomeEntidade) VALUES (204, 'Entidade204');
INSERT INTO MeioApoio(numMeio, nomeEntidade) VALUES (205, 'Entidade205');
INSERT INTO MeioApoio(numMeio, nomeEntidade) VALUES (206, 'Entidade206');
INSERT INTO MeioApoio(numMeio, nomeEntidade) VALUES (207, 'Entidade207');
INSERT INTO MeioApoio(numMeio, nomeEntidade) VALUES (208, 'Entidade208');
INSERT INTO MeioApoio(numMeio, nomeEntidade) VALUES (209, 'Entidade209');
INSERT INTO MeioApoio(numMeio, nomeEntidade) VALUES (210, 'Entidade210');
INSERT INTO MeioApoio(numMeio, nomeEntidade) VALUES (211, 'Entidade211');
INSERT INTO MeioApoio(numMeio, nomeEntidade) VALUES (212, 'Entidade212');
INSERT INTO MeioApoio(numMeio, nomeEntidade) VALUES (213, 'Entidade213');
INSERT INTO MeioApoio(numMeio, nomeEntidade) VALUES (214, 'Entidade214');
INSERT INTO MeioApoio(numMeio, nomeEntidade) VALUES (215, 'Entidade215');
INSERT INTO MeioApoio(numMeio, nomeEntidade) VALUES (216, 'Entidade216');
INSERT INTO MeioApoio(numMeio, nomeEntidade) VALUES (217, 'Entidade217');
INSERT INTO MeioApoio(numMeio, nomeEntidade) VALUES (218, 'Entidade218');
INSERT INTO MeioApoio(numMeio, nomeEntidade) VALUES (219, 'Entidade219');
INSERT INTO MeioApoio(numMeio, nomeEntidade) VALUES (220, 'Entidade220');
INSERT INTO MeioApoio(numMeio, nomeEntidade) VALUES (221, 'Entidade221');
INSERT INTO MeioApoio(numMeio, nomeEntidade) VALUES (222, 'Entidade222');
INSERT INTO MeioApoio(numMeio, nomeEntidade) VALUES (223, 'Entidade223');
INSERT INTO MeioApoio(numMeio, nomeEntidade) VALUES (224, 'Entidade224');
INSERT INTO MeioApoio(numMeio, nomeEntidade) VALUES (225, 'Entidade225');
INSERT INTO MeioApoio(numMeio, nomeEntidade) VALUES (226, 'Entidade226');
INSERT INTO MeioApoio(numMeio, nomeEntidade) VALUES (227, 'Entidade227');
INSERT INTO MeioApoio(numMeio, nomeEntidade) VALUES (228, 'Entidade228');
INSERT INTO MeioApoio(numMeio, nomeEntidade) VALUES (229, 'Entidade229');
INSERT INTO MeioApoio(numMeio, nomeEntidade) VALUES (230, 'Entidade230');
INSERT INTO MeioApoio(numMeio, nomeEntidade) VALUES (231, 'Entidade231');
INSERT INTO MeioApoio(numMeio, nomeEntidade) VALUES (232, 'Entidade232');
INSERT INTO MeioApoio(numMeio, nomeEntidade) VALUES (233, 'Entidade233');
INSERT INTO MeioApoio(numMeio, nomeEntidade) VALUES (234, 'Entidade234');
INSERT INTO MeioApoio(numMeio, nomeEntidade) VALUES (235, 'Entidade235');
INSERT INTO MeioApoio(numMeio, nomeEntidade) VALUES (236, 'Entidade236');
INSERT INTO MeioApoio(numMeio, nomeEntidade) VALUES (237, 'Entidade237');
INSERT INTO MeioApoio(numMeio, nomeEntidade) VALUES (238, 'Entidade238');
INSERT INTO MeioApoio(numMeio, nomeEntidade) VALUES (239, 'Entidade239');
INSERT INTO MeioApoio(numMeio, nomeEntidade) VALUES (240, 'Entidade240');
INSERT INTO MeioApoio(numMeio, nomeEntidade) VALUES (241, 'Entidade241');
INSERT INTO MeioApoio(numMeio, nomeEntidade) VALUES (242, 'Entidade242');
INSERT INTO MeioApoio(numMeio, nomeEntidade) VALUES (243, 'Entidade243');
INSERT INTO MeioApoio(numMeio, nomeEntidade) VALUES (244, 'Entidade244');
INSERT INTO MeioApoio(numMeio, nomeEntidade) VALUES (245, 'Entidade245');
INSERT INTO MeioApoio(numMeio, nomeEntidade) VALUES (246, 'Entidade246');
INSERT INTO MeioApoio(numMeio, nomeEntidade) VALUES (247, 'Entidade247');
INSERT INTO MeioApoio(numMeio, nomeEntidade) VALUES (248, 'Entidade248');
INSERT INTO MeioApoio(numMeio, nomeEntidade) VALUES (249, 'Entidade249');
INSERT INTO MeioApoio(numMeio, nomeEntidade) VALUES (250, 'Entidade250');
INSERT INTO MeioApoio(numMeio, nomeEntidade) VALUES (251, 'Entidade251');
INSERT INTO MeioApoio(numMeio, nomeEntidade) VALUES (252, 'Entidade252');
INSERT INTO MeioApoio(numMeio, nomeEntidade) VALUES (253, 'Entidade253');
INSERT INTO MeioApoio(numMeio, nomeEntidade) VALUES (254, 'Entidade254');
INSERT INTO MeioApoio(numMeio, nomeEntidade) VALUES (255, 'Entidade255');
INSERT INTO MeioApoio(numMeio, nomeEntidade) VALUES (256, 'Entidade256');
INSERT INTO MeioApoio(numMeio, nomeEntidade) VALUES (257, 'Entidade257');
INSERT INTO MeioApoio(numMeio, nomeEntidade) VALUES (258, 'Entidade258');
INSERT INTO MeioApoio(numMeio, nomeEntidade) VALUES (259, 'Entidade259');
INSERT INTO MeioApoio(numMeio, nomeEntidade) VALUES (260, 'Entidade260');
INSERT INTO MeioApoio(numMeio, nomeEntidade) VALUES (261, 'Entidade261');
INSERT INTO MeioApoio(numMeio, nomeEntidade) VALUES (262, 'Entidade262');
INSERT INTO MeioApoio(numMeio, nomeEntidade) VALUES (263, 'Entidade263');
INSERT INTO MeioApoio(numMeio, nomeEntidade) VALUES (264, 'Entidade264');
INSERT INTO MeioApoio(numMeio, nomeEntidade) VALUES (265, 'Entidade265');
INSERT INTO MeioApoio(numMeio, nomeEntidade) VALUES (266, 'Entidade266');
INSERT INTO MeioApoio(numMeio, nomeEntidade) VALUES (267, 'Entidade267');
INSERT INTO MeioApoio(numMeio, nomeEntidade) VALUES (268, 'Entidade268');
INSERT INTO MeioApoio(numMeio, nomeEntidade) VALUES (269, 'Entidade269');
INSERT INTO MeioApoio(numMeio, nomeEntidade) VALUES (270, 'Entidade270');
INSERT INTO MeioApoio(numMeio, nomeEntidade) VALUES (271, 'Entidade271');
INSERT INTO MeioApoio(numMeio, nomeEntidade) VALUES (272, 'Entidade272');
INSERT INTO MeioApoio(numMeio, nomeEntidade) VALUES (273, 'Entidade273');
INSERT INTO MeioApoio(numMeio, nomeEntidade) VALUES (274, 'Entidade274');
INSERT INTO MeioApoio(numMeio, nomeEntidade) VALUES (275, 'Entidade275');
INSERT INTO MeioApoio(numMeio, nomeEntidade) VALUES (276, 'Entidade276');
INSERT INTO MeioApoio(numMeio, nomeEntidade) VALUES (277, 'Entidade277');
INSERT INTO MeioApoio(numMeio, nomeEntidade) VALUES (278, 'Entidade278');
INSERT INTO MeioApoio(numMeio, nomeEntidade) VALUES (279, 'Entidade279');
INSERT INTO MeioApoio(numMeio, nomeEntidade) VALUES (280, 'Entidade280');
INSERT INTO MeioApoio(numMeio, nomeEntidade) VALUES (281, 'Entidade281');
INSERT INTO MeioApoio(numMeio, nomeEntidade) VALUES (282, 'Entidade282');
INSERT INTO MeioApoio(numMeio, nomeEntidade) VALUES (283, 'Entidade283');
INSERT INTO MeioApoio(numMeio, nomeEntidade) VALUES (284, 'Entidade284');
INSERT INTO MeioApoio(numMeio, nomeEntidade) VALUES (285, 'Entidade285');
INSERT INTO MeioApoio(numMeio, nomeEntidade) VALUES (286, 'Entidade286');
INSERT INTO MeioApoio(numMeio, nomeEntidade) VALUES (287, 'Entidade287');
INSERT INTO MeioApoio(numMeio, nomeEntidade) VALUES (288, 'Entidade288');
INSERT INTO MeioApoio(numMeio, nomeEntidade) VALUES (289, 'Entidade289');
INSERT INTO MeioApoio(numMeio, nomeEntidade) VALUES (290, 'Entidade290');
INSERT INTO MeioApoio(numMeio, nomeEntidade) VALUES (291, 'Entidade291');
INSERT INTO MeioApoio(numMeio, nomeEntidade) VALUES (292, 'Entidade292');
INSERT INTO MeioApoio(numMeio, nomeEntidade) VALUES (293, 'Entidade293');
INSERT INTO MeioApoio(numMeio, nomeEntidade) VALUES (294, 'Entidade294');
INSERT INTO MeioApoio(numMeio, nomeEntidade) VALUES (295, 'Entidade295');
INSERT INTO MeioApoio(numMeio, nomeEntidade) VALUES (296, 'Entidade296');
INSERT INTO MeioApoio(numMeio, nomeEntidade) VALUES (297, 'Entidade297');
INSERT INTO MeioApoio(numMeio, nomeEntidade) VALUES (298, 'Entidade298');
INSERT INTO MeioApoio(numMeio, nomeEntidade) VALUES (299, 'Entidade299');
INSERT INTO MeioApoio(numMeio, nomeEntidade) VALUES (300, 'Entidade300');

INSERT INTO Transporta(numMeio, nomeEntidade, numVitimas, numProcessoSocorro) VALUES (100, 'Entidade100', 100, 33);
INSERT INTO Transporta(numMeio, nomeEntidade, numVitimas, numProcessoSocorro) VALUES (101, 'Entidade101', 101, 33);
INSERT INTO Transporta(numMeio, nomeEntidade, numVitimas, numProcessoSocorro) VALUES (102, 'Entidade102', 102, 34);
INSERT INTO Transporta(numMeio, nomeEntidade, numVitimas, numProcessoSocorro) VALUES (103, 'Entidade103', 103, 34);
INSERT INTO Transporta(numMeio, nomeEntidade, numVitimas, numProcessoSocorro) VALUES (104, 'Entidade104', 104, 34);
INSERT INTO Transporta(numMeio, nomeEntidade, numVitimas, numProcessoSocorro) VALUES (105, 'Entidade105', 105, 35);
INSERT INTO Transporta(numMeio, nomeEntidade, numVitimas, numProcessoSocorro) VALUES (106, 'Entidade106', 106, 35);
INSERT INTO Transporta(numMeio, nomeEntidade, numVitimas, numProcessoSocorro) VALUES (107, 'Entidade107', 107, 35);
INSERT INTO Transporta(numMeio, nomeEntidade, numVitimas, numProcessoSocorro) VALUES (108, 'Entidade108', 108, 36);
INSERT INTO Transporta(numMeio, nomeEntidade, numVitimas, numProcessoSocorro) VALUES (109, 'Entidade109', 109, 36);
INSERT INTO Transporta(numMeio, nomeEntidade, numVitimas, numProcessoSocorro) VALUES (110, 'Entidade110', 110, 36);
INSERT INTO Transporta(numMeio, nomeEntidade, numVitimas, numProcessoSocorro) VALUES (111, 'Entidade111', 111, 37);
INSERT INTO Transporta(numMeio, nomeEntidade, numVitimas, numProcessoSocorro) VALUES (112, 'Entidade112', 112, 37);
INSERT INTO Transporta(numMeio, nomeEntidade, numVitimas, numProcessoSocorro) VALUES (113, 'Entidade113', 113, 37);
INSERT INTO Transporta(numMeio, nomeEntidade, numVitimas, numProcessoSocorro) VALUES (114, 'Entidade114', 114, 38);
INSERT INTO Transporta(numMeio, nomeEntidade, numVitimas, numProcessoSocorro) VALUES (115, 'Entidade115', 115, 38);
INSERT INTO Transporta(numMeio, nomeEntidade, numVitimas, numProcessoSocorro) VALUES (116, 'Entidade116', 116, 38);
INSERT INTO Transporta(numMeio, nomeEntidade, numVitimas, numProcessoSocorro) VALUES (117, 'Entidade117', 117, 39);
INSERT INTO Transporta(numMeio, nomeEntidade, numVitimas, numProcessoSocorro) VALUES (118, 'Entidade118', 118, 39);
INSERT INTO Transporta(numMeio, nomeEntidade, numVitimas, numProcessoSocorro) VALUES (119, 'Entidade119', 119, 39);
INSERT INTO Transporta(numMeio, nomeEntidade, numVitimas, numProcessoSocorro) VALUES (120, 'Entidade120', 120, 40);
INSERT INTO Transporta(numMeio, nomeEntidade, numVitimas, numProcessoSocorro) VALUES (121, 'Entidade121', 121, 40);
INSERT INTO Transporta(numMeio, nomeEntidade, numVitimas, numProcessoSocorro) VALUES (122, 'Entidade122', 122, 40);
INSERT INTO Transporta(numMeio, nomeEntidade, numVitimas, numProcessoSocorro) VALUES (123, 'Entidade123', 123, 41);
INSERT INTO Transporta(numMeio, nomeEntidade, numVitimas, numProcessoSocorro) VALUES (124, 'Entidade124', 124, 41);
INSERT INTO Transporta(numMeio, nomeEntidade, numVitimas, numProcessoSocorro) VALUES (125, 'Entidade125', 125, 41);
INSERT INTO Transporta(numMeio, nomeEntidade, numVitimas, numProcessoSocorro) VALUES (126, 'Entidade126', 126, 42);
INSERT INTO Transporta(numMeio, nomeEntidade, numVitimas, numProcessoSocorro) VALUES (127, 'Entidade127', 127, 42);
INSERT INTO Transporta(numMeio, nomeEntidade, numVitimas, numProcessoSocorro) VALUES (128, 'Entidade128', 128, 42);
INSERT INTO Transporta(numMeio, nomeEntidade, numVitimas, numProcessoSocorro) VALUES (129, 'Entidade129', 129, 43);
INSERT INTO Transporta(numMeio, nomeEntidade, numVitimas, numProcessoSocorro) VALUES (130, 'Entidade130', 130, 43);
INSERT INTO Transporta(numMeio, nomeEntidade, numVitimas, numProcessoSocorro) VALUES (131, 'Entidade131', 131, 43);
INSERT INTO Transporta(numMeio, nomeEntidade, numVitimas, numProcessoSocorro) VALUES (132, 'Entidade132', 132, 44);
INSERT INTO Transporta(numMeio, nomeEntidade, numVitimas, numProcessoSocorro) VALUES (133, 'Entidade133', 133, 44);
INSERT INTO Transporta(numMeio, nomeEntidade, numVitimas, numProcessoSocorro) VALUES (134, 'Entidade134', 134, 44);
INSERT INTO Transporta(numMeio, nomeEntidade, numVitimas, numProcessoSocorro) VALUES (135, 'Entidade135', 135, 45);
INSERT INTO Transporta(numMeio, nomeEntidade, numVitimas, numProcessoSocorro) VALUES (136, 'Entidade136', 136, 45);
INSERT INTO Transporta(numMeio, nomeEntidade, numVitimas, numProcessoSocorro) VALUES (137, 'Entidade137', 137, 45);
INSERT INTO Transporta(numMeio, nomeEntidade, numVitimas, numProcessoSocorro) VALUES (138, 'Entidade138', 138, 46);
INSERT INTO Transporta(numMeio, nomeEntidade, numVitimas, numProcessoSocorro) VALUES (139, 'Entidade139', 139, 46);
INSERT INTO Transporta(numMeio, nomeEntidade, numVitimas, numProcessoSocorro) VALUES (140, 'Entidade140', 140, 46);
INSERT INTO Transporta(numMeio, nomeEntidade, numVitimas, numProcessoSocorro) VALUES (141, 'Entidade141', 141, 47);
INSERT INTO Transporta(numMeio, nomeEntidade, numVitimas, numProcessoSocorro) VALUES (142, 'Entidade142', 142, 47);
INSERT INTO Transporta(numMeio, nomeEntidade, numVitimas, numProcessoSocorro) VALUES (143, 'Entidade143', 143, 47);
INSERT INTO Transporta(numMeio, nomeEntidade, numVitimas, numProcessoSocorro) VALUES (144, 'Entidade144', 144, 48);
INSERT INTO Transporta(numMeio, nomeEntidade, numVitimas, numProcessoSocorro) VALUES (145, 'Entidade145', 145, 48);
INSERT INTO Transporta(numMeio, nomeEntidade, numVitimas, numProcessoSocorro) VALUES (146, 'Entidade146', 146, 48);
INSERT INTO Transporta(numMeio, nomeEntidade, numVitimas, numProcessoSocorro) VALUES (147, 'Entidade147', 147, 49);
INSERT INTO Transporta(numMeio, nomeEntidade, numVitimas, numProcessoSocorro) VALUES (148, 'Entidade148', 148, 49);
INSERT INTO Transporta(numMeio, nomeEntidade, numVitimas, numProcessoSocorro) VALUES (149, 'Entidade149', 149, 49);
INSERT INTO Transporta(numMeio, nomeEntidade, numVitimas, numProcessoSocorro) VALUES (150, 'Entidade150', 150, 50);
INSERT INTO Transporta(numMeio, nomeEntidade, numVitimas, numProcessoSocorro) VALUES (151, 'Entidade151', 151, 50);
INSERT INTO Transporta(numMeio, nomeEntidade, numVitimas, numProcessoSocorro) VALUES (152, 'Entidade152', 152, 50);
INSERT INTO Transporta(numMeio, nomeEntidade, numVitimas, numProcessoSocorro) VALUES (153, 'Entidade153', 153, 51);
INSERT INTO Transporta(numMeio, nomeEntidade, numVitimas, numProcessoSocorro) VALUES (154, 'Entidade154', 154, 51);
INSERT INTO Transporta(numMeio, nomeEntidade, numVitimas, numProcessoSocorro) VALUES (155, 'Entidade155', 155, 51);
INSERT INTO Transporta(numMeio, nomeEntidade, numVitimas, numProcessoSocorro) VALUES (156, 'Entidade156', 156, 52);
INSERT INTO Transporta(numMeio, nomeEntidade, numVitimas, numProcessoSocorro) VALUES (157, 'Entidade157', 157, 52);
INSERT INTO Transporta(numMeio, nomeEntidade, numVitimas, numProcessoSocorro) VALUES (158, 'Entidade158', 158, 52);
INSERT INTO Transporta(numMeio, nomeEntidade, numVitimas, numProcessoSocorro) VALUES (159, 'Entidade159', 159, 53);
INSERT INTO Transporta(numMeio, nomeEntidade, numVitimas, numProcessoSocorro) VALUES (160, 'Entidade160', 160, 53);
INSERT INTO Transporta(numMeio, nomeEntidade, numVitimas, numProcessoSocorro) VALUES (161, 'Entidade161', 161, 53);
INSERT INTO Transporta(numMeio, nomeEntidade, numVitimas, numProcessoSocorro) VALUES (162, 'Entidade162', 162, 54);
INSERT INTO Transporta(numMeio, nomeEntidade, numVitimas, numProcessoSocorro) VALUES (163, 'Entidade163', 163, 54);
INSERT INTO Transporta(numMeio, nomeEntidade, numVitimas, numProcessoSocorro) VALUES (164, 'Entidade164', 164, 54);
INSERT INTO Transporta(numMeio, nomeEntidade, numVitimas, numProcessoSocorro) VALUES (165, 'Entidade165', 165, 55);
INSERT INTO Transporta(numMeio, nomeEntidade, numVitimas, numProcessoSocorro) VALUES (166, 'Entidade166', 166, 55);
INSERT INTO Transporta(numMeio, nomeEntidade, numVitimas, numProcessoSocorro) VALUES (167, 'Entidade167', 167, 55);
INSERT INTO Transporta(numMeio, nomeEntidade, numVitimas, numProcessoSocorro) VALUES (168, 'Entidade168', 168, 56);
INSERT INTO Transporta(numMeio, nomeEntidade, numVitimas, numProcessoSocorro) VALUES (169, 'Entidade169', 169, 56);
INSERT INTO Transporta(numMeio, nomeEntidade, numVitimas, numProcessoSocorro) VALUES (170, 'Entidade170', 170, 56);
INSERT INTO Transporta(numMeio, nomeEntidade, numVitimas, numProcessoSocorro) VALUES (171, 'Entidade171', 171, 57);
INSERT INTO Transporta(numMeio, nomeEntidade, numVitimas, numProcessoSocorro) VALUES (172, 'Entidade172', 172, 57);
INSERT INTO Transporta(numMeio, nomeEntidade, numVitimas, numProcessoSocorro) VALUES (173, 'Entidade173', 173, 57);
INSERT INTO Transporta(numMeio, nomeEntidade, numVitimas, numProcessoSocorro) VALUES (174, 'Entidade174', 174, 58);
INSERT INTO Transporta(numMeio, nomeEntidade, numVitimas, numProcessoSocorro) VALUES (175, 'Entidade175', 175, 58);
INSERT INTO Transporta(numMeio, nomeEntidade, numVitimas, numProcessoSocorro) VALUES (176, 'Entidade176', 176, 58);
INSERT INTO Transporta(numMeio, nomeEntidade, numVitimas, numProcessoSocorro) VALUES (177, 'Entidade177', 177, 59);
INSERT INTO Transporta(numMeio, nomeEntidade, numVitimas, numProcessoSocorro) VALUES (178, 'Entidade178', 178, 59);
INSERT INTO Transporta(numMeio, nomeEntidade, numVitimas, numProcessoSocorro) VALUES (179, 'Entidade179', 179, 59);
INSERT INTO Transporta(numMeio, nomeEntidade, numVitimas, numProcessoSocorro) VALUES (180, 'Entidade180', 180, 60);
INSERT INTO Transporta(numMeio, nomeEntidade, numVitimas, numProcessoSocorro) VALUES (181, 'Entidade181', 181, 60);
INSERT INTO Transporta(numMeio, nomeEntidade, numVitimas, numProcessoSocorro) VALUES (182, 'Entidade182', 182, 60);
INSERT INTO Transporta(numMeio, nomeEntidade, numVitimas, numProcessoSocorro) VALUES (183, 'Entidade183', 183, 61);
INSERT INTO Transporta(numMeio, nomeEntidade, numVitimas, numProcessoSocorro) VALUES (184, 'Entidade184', 184, 61);
INSERT INTO Transporta(numMeio, nomeEntidade, numVitimas, numProcessoSocorro) VALUES (185, 'Entidade185', 185, 61);
INSERT INTO Transporta(numMeio, nomeEntidade, numVitimas, numProcessoSocorro) VALUES (186, 'Entidade186', 186, 62);
INSERT INTO Transporta(numMeio, nomeEntidade, numVitimas, numProcessoSocorro) VALUES (187, 'Entidade187', 187, 62);
INSERT INTO Transporta(numMeio, nomeEntidade, numVitimas, numProcessoSocorro) VALUES (188, 'Entidade188', 188, 62);
INSERT INTO Transporta(numMeio, nomeEntidade, numVitimas, numProcessoSocorro) VALUES (189, 'Entidade189', 189, 63);
INSERT INTO Transporta(numMeio, nomeEntidade, numVitimas, numProcessoSocorro) VALUES (190, 'Entidade190', 190, 63);
INSERT INTO Transporta(numMeio, nomeEntidade, numVitimas, numProcessoSocorro) VALUES (191, 'Entidade191', 191, 63);
INSERT INTO Transporta(numMeio, nomeEntidade, numVitimas, numProcessoSocorro) VALUES (192, 'Entidade192', 192, 64);
INSERT INTO Transporta(numMeio, nomeEntidade, numVitimas, numProcessoSocorro) VALUES (193, 'Entidade193', 193, 64);
INSERT INTO Transporta(numMeio, nomeEntidade, numVitimas, numProcessoSocorro) VALUES (194, 'Entidade194', 194, 64);
INSERT INTO Transporta(numMeio, nomeEntidade, numVitimas, numProcessoSocorro) VALUES (195, 'Entidade195', 195, 65);
INSERT INTO Transporta(numMeio, nomeEntidade, numVitimas, numProcessoSocorro) VALUES (196, 'Entidade196', 196, 65);
INSERT INTO Transporta(numMeio, nomeEntidade, numVitimas, numProcessoSocorro) VALUES (197, 'Entidade197', 197, 65);
INSERT INTO Transporta(numMeio, nomeEntidade, numVitimas, numProcessoSocorro) VALUES (198, 'Entidade198', 198, 66);
INSERT INTO Transporta(numMeio, nomeEntidade, numVitimas, numProcessoSocorro) VALUES (199, 'Entidade199', 199, 66);
INSERT INTO Transporta(numMeio, nomeEntidade, numVitimas, numProcessoSocorro) VALUES (200, 'Entidade200', 200, 66);
INSERT INTO Alocado(numMeio, nomeEntidade, numHoras, numProcessoSocorro) VALUES (201, 'Entidade201', 201, 67);
INSERT INTO Alocado(numMeio, nomeEntidade, numHoras, numProcessoSocorro) VALUES (202, 'Entidade202', 202, 67);
INSERT INTO Alocado(numMeio, nomeEntidade, numHoras, numProcessoSocorro) VALUES (203, 'Entidade203', 203, 67);
INSERT INTO Alocado(numMeio, nomeEntidade, numHoras, numProcessoSocorro) VALUES (204, 'Entidade204', 204, 68);
INSERT INTO Alocado(numMeio, nomeEntidade, numHoras, numProcessoSocorro) VALUES (205, 'Entidade205', 205, 68);
INSERT INTO Alocado(numMeio, nomeEntidade, numHoras, numProcessoSocorro) VALUES (206, 'Entidade206', 206, 68);
INSERT INTO Alocado(numMeio, nomeEntidade, numHoras, numProcessoSocorro) VALUES (207, 'Entidade207', 207, 69);
INSERT INTO Alocado(numMeio, nomeEntidade, numHoras, numProcessoSocorro) VALUES (208, 'Entidade208', 208, 69);
INSERT INTO Alocado(numMeio, nomeEntidade, numHoras, numProcessoSocorro) VALUES (209, 'Entidade209', 209, 69);
INSERT INTO Alocado(numMeio, nomeEntidade, numHoras, numProcessoSocorro) VALUES (210, 'Entidade210', 210, 70);
INSERT INTO Alocado(numMeio, nomeEntidade, numHoras, numProcessoSocorro) VALUES (211, 'Entidade211', 211, 70);
INSERT INTO Alocado(numMeio, nomeEntidade, numHoras, numProcessoSocorro) VALUES (212, 'Entidade212', 212, 70);
INSERT INTO Alocado(numMeio, nomeEntidade, numHoras, numProcessoSocorro) VALUES (213, 'Entidade213', 213, 71);
INSERT INTO Alocado(numMeio, nomeEntidade, numHoras, numProcessoSocorro) VALUES (214, 'Entidade214', 214, 71);
INSERT INTO Alocado(numMeio, nomeEntidade, numHoras, numProcessoSocorro) VALUES (215, 'Entidade215', 215, 71);
INSERT INTO Alocado(numMeio, nomeEntidade, numHoras, numProcessoSocorro) VALUES (216, 'Entidade216', 216, 72);
INSERT INTO Alocado(numMeio, nomeEntidade, numHoras, numProcessoSocorro) VALUES (217, 'Entidade217', 217, 72);
INSERT INTO Alocado(numMeio, nomeEntidade, numHoras, numProcessoSocorro) VALUES (218, 'Entidade218', 218, 72);
INSERT INTO Alocado(numMeio, nomeEntidade, numHoras, numProcessoSocorro) VALUES (219, 'Entidade219', 219, 73);
INSERT INTO Alocado(numMeio, nomeEntidade, numHoras, numProcessoSocorro) VALUES (220, 'Entidade220', 220, 73);
INSERT INTO Alocado(numMeio, nomeEntidade, numHoras, numProcessoSocorro) VALUES (221, 'Entidade221', 221, 73);
INSERT INTO Alocado(numMeio, nomeEntidade, numHoras, numProcessoSocorro) VALUES (222, 'Entidade222', 222, 74);
INSERT INTO Alocado(numMeio, nomeEntidade, numHoras, numProcessoSocorro) VALUES (223, 'Entidade223', 223, 74);
INSERT INTO Alocado(numMeio, nomeEntidade, numHoras, numProcessoSocorro) VALUES (224, 'Entidade224', 224, 74);
INSERT INTO Alocado(numMeio, nomeEntidade, numHoras, numProcessoSocorro) VALUES (225, 'Entidade225', 225, 75);
INSERT INTO Alocado(numMeio, nomeEntidade, numHoras, numProcessoSocorro) VALUES (226, 'Entidade226', 226, 75);
INSERT INTO Alocado(numMeio, nomeEntidade, numHoras, numProcessoSocorro) VALUES (227, 'Entidade227', 227, 75);
INSERT INTO Alocado(numMeio, nomeEntidade, numHoras, numProcessoSocorro) VALUES (228, 'Entidade228', 228, 76);
INSERT INTO Alocado(numMeio, nomeEntidade, numHoras, numProcessoSocorro) VALUES (229, 'Entidade229', 229, 76);
INSERT INTO Alocado(numMeio, nomeEntidade, numHoras, numProcessoSocorro) VALUES (230, 'Entidade230', 230, 76);
INSERT INTO Alocado(numMeio, nomeEntidade, numHoras, numProcessoSocorro) VALUES (231, 'Entidade231', 231, 77);
INSERT INTO Alocado(numMeio, nomeEntidade, numHoras, numProcessoSocorro) VALUES (232, 'Entidade232', 232, 77);
INSERT INTO Alocado(numMeio, nomeEntidade, numHoras, numProcessoSocorro) VALUES (233, 'Entidade233', 233, 77);
INSERT INTO Alocado(numMeio, nomeEntidade, numHoras, numProcessoSocorro) VALUES (234, 'Entidade234', 234, 78);
INSERT INTO Alocado(numMeio, nomeEntidade, numHoras, numProcessoSocorro) VALUES (235, 'Entidade235', 235, 78);
INSERT INTO Alocado(numMeio, nomeEntidade, numHoras, numProcessoSocorro) VALUES (236, 'Entidade236', 236, 78);
INSERT INTO Alocado(numMeio, nomeEntidade, numHoras, numProcessoSocorro) VALUES (237, 'Entidade237', 237, 79);
INSERT INTO Alocado(numMeio, nomeEntidade, numHoras, numProcessoSocorro) VALUES (238, 'Entidade238', 238, 79);
INSERT INTO Alocado(numMeio, nomeEntidade, numHoras, numProcessoSocorro) VALUES (239, 'Entidade239', 239, 79);
INSERT INTO Alocado(numMeio, nomeEntidade, numHoras, numProcessoSocorro) VALUES (240, 'Entidade240', 240, 80);
INSERT INTO Alocado(numMeio, nomeEntidade, numHoras, numProcessoSocorro) VALUES (241, 'Entidade241', 241, 80);
INSERT INTO Alocado(numMeio, nomeEntidade, numHoras, numProcessoSocorro) VALUES (242, 'Entidade242', 242, 80);
INSERT INTO Alocado(numMeio, nomeEntidade, numHoras, numProcessoSocorro) VALUES (243, 'Entidade243', 243, 81);
INSERT INTO Alocado(numMeio, nomeEntidade, numHoras, numProcessoSocorro) VALUES (244, 'Entidade244', 244, 81);
INSERT INTO Alocado(numMeio, nomeEntidade, numHoras, numProcessoSocorro) VALUES (245, 'Entidade245', 245, 81);
INSERT INTO Alocado(numMeio, nomeEntidade, numHoras, numProcessoSocorro) VALUES (246, 'Entidade246', 246, 82);
INSERT INTO Alocado(numMeio, nomeEntidade, numHoras, numProcessoSocorro) VALUES (247, 'Entidade247', 247, 82);
INSERT INTO Alocado(numMeio, nomeEntidade, numHoras, numProcessoSocorro) VALUES (248, 'Entidade248', 248, 82);
INSERT INTO Alocado(numMeio, nomeEntidade, numHoras, numProcessoSocorro) VALUES (249, 'Entidade249', 249, 83);
INSERT INTO Alocado(numMeio, nomeEntidade, numHoras, numProcessoSocorro) VALUES (250, 'Entidade250', 250, 83);
INSERT INTO Alocado(numMeio, nomeEntidade, numHoras, numProcessoSocorro) VALUES (251, 'Entidade251', 251, 83);
INSERT INTO Alocado(numMeio, nomeEntidade, numHoras, numProcessoSocorro) VALUES (252, 'Entidade252', 252, 84);
INSERT INTO Alocado(numMeio, nomeEntidade, numHoras, numProcessoSocorro) VALUES (253, 'Entidade253', 253, 84);
INSERT INTO Alocado(numMeio, nomeEntidade, numHoras, numProcessoSocorro) VALUES (254, 'Entidade254', 254, 84);
INSERT INTO Alocado(numMeio, nomeEntidade, numHoras, numProcessoSocorro) VALUES (255, 'Entidade255', 255, 85);
INSERT INTO Alocado(numMeio, nomeEntidade, numHoras, numProcessoSocorro) VALUES (256, 'Entidade256', 256, 85);
INSERT INTO Alocado(numMeio, nomeEntidade, numHoras, numProcessoSocorro) VALUES (257, 'Entidade257', 257, 85);
INSERT INTO Alocado(numMeio, nomeEntidade, numHoras, numProcessoSocorro) VALUES (258, 'Entidade258', 258, 86);
INSERT INTO Alocado(numMeio, nomeEntidade, numHoras, numProcessoSocorro) VALUES (259, 'Entidade259', 259, 86);
INSERT INTO Alocado(numMeio, nomeEntidade, numHoras, numProcessoSocorro) VALUES (260, 'Entidade260', 260, 86);
INSERT INTO Alocado(numMeio, nomeEntidade, numHoras, numProcessoSocorro) VALUES (261, 'Entidade261', 261, 87);
INSERT INTO Alocado(numMeio, nomeEntidade, numHoras, numProcessoSocorro) VALUES (262, 'Entidade262', 262, 87);
INSERT INTO Alocado(numMeio, nomeEntidade, numHoras, numProcessoSocorro) VALUES (263, 'Entidade263', 263, 87);
INSERT INTO Alocado(numMeio, nomeEntidade, numHoras, numProcessoSocorro) VALUES (264, 'Entidade264', 264, 88);
INSERT INTO Alocado(numMeio, nomeEntidade, numHoras, numProcessoSocorro) VALUES (265, 'Entidade265', 265, 88);
INSERT INTO Alocado(numMeio, nomeEntidade, numHoras, numProcessoSocorro) VALUES (266, 'Entidade266', 266, 88);
INSERT INTO Alocado(numMeio, nomeEntidade, numHoras, numProcessoSocorro) VALUES (267, 'Entidade267', 267, 89);
INSERT INTO Alocado(numMeio, nomeEntidade, numHoras, numProcessoSocorro) VALUES (268, 'Entidade268', 268, 89);
INSERT INTO Alocado(numMeio, nomeEntidade, numHoras, numProcessoSocorro) VALUES (269, 'Entidade269', 269, 89);
INSERT INTO Alocado(numMeio, nomeEntidade, numHoras, numProcessoSocorro) VALUES (270, 'Entidade270', 270, 90);
INSERT INTO Alocado(numMeio, nomeEntidade, numHoras, numProcessoSocorro) VALUES (271, 'Entidade271', 271, 90);
INSERT INTO Alocado(numMeio, nomeEntidade, numHoras, numProcessoSocorro) VALUES (272, 'Entidade272', 272, 90);
INSERT INTO Alocado(numMeio, nomeEntidade, numHoras, numProcessoSocorro) VALUES (273, 'Entidade273', 273, 91);
INSERT INTO Alocado(numMeio, nomeEntidade, numHoras, numProcessoSocorro) VALUES (274, 'Entidade274', 274, 91);
INSERT INTO Alocado(numMeio, nomeEntidade, numHoras, numProcessoSocorro) VALUES (275, 'Entidade275', 275, 91);
INSERT INTO Alocado(numMeio, nomeEntidade, numHoras, numProcessoSocorro) VALUES (276, 'Entidade276', 276, 92);
INSERT INTO Alocado(numMeio, nomeEntidade, numHoras, numProcessoSocorro) VALUES (277, 'Entidade277', 277, 92);
INSERT INTO Alocado(numMeio, nomeEntidade, numHoras, numProcessoSocorro) VALUES (278, 'Entidade278', 278, 92);
INSERT INTO Alocado(numMeio, nomeEntidade, numHoras, numProcessoSocorro) VALUES (279, 'Entidade279', 279, 93);
INSERT INTO Alocado(numMeio, nomeEntidade, numHoras, numProcessoSocorro) VALUES (280, 'Entidade280', 280, 93);
INSERT INTO Alocado(numMeio, nomeEntidade, numHoras, numProcessoSocorro) VALUES (281, 'Entidade281', 281, 93);
INSERT INTO Alocado(numMeio, nomeEntidade, numHoras, numProcessoSocorro) VALUES (282, 'Entidade282', 282, 94);
INSERT INTO Alocado(numMeio, nomeEntidade, numHoras, numProcessoSocorro) VALUES (283, 'Entidade283', 283, 94);
INSERT INTO Alocado(numMeio, nomeEntidade, numHoras, numProcessoSocorro) VALUES (284, 'Entidade284', 284, 94);
INSERT INTO Alocado(numMeio, nomeEntidade, numHoras, numProcessoSocorro) VALUES (285, 'Entidade285', 285, 95);
INSERT INTO Alocado(numMeio, nomeEntidade, numHoras, numProcessoSocorro) VALUES (286, 'Entidade286', 286, 95);
INSERT INTO Alocado(numMeio, nomeEntidade, numHoras, numProcessoSocorro) VALUES (287, 'Entidade287', 287, 95);
INSERT INTO Alocado(numMeio, nomeEntidade, numHoras, numProcessoSocorro) VALUES (288, 'Entidade288', 288, 96);
INSERT INTO Alocado(numMeio, nomeEntidade, numHoras, numProcessoSocorro) VALUES (289, 'Entidade289', 289, 96);
INSERT INTO Alocado(numMeio, nomeEntidade, numHoras, numProcessoSocorro) VALUES (290, 'Entidade290', 290, 96);
INSERT INTO Alocado(numMeio, nomeEntidade, numHoras, numProcessoSocorro) VALUES (291, 'Entidade291', 291, 97);
INSERT INTO Alocado(numMeio, nomeEntidade, numHoras, numProcessoSocorro) VALUES (292, 'Entidade292', 292, 97);
INSERT INTO Alocado(numMeio, nomeEntidade, numHoras, numProcessoSocorro) VALUES (293, 'Entidade293', 293, 97);
INSERT INTO Alocado(numMeio, nomeEntidade, numHoras, numProcessoSocorro) VALUES (294, 'Entidade294', 294, 98);
INSERT INTO Alocado(numMeio, nomeEntidade, numHoras, numProcessoSocorro) VALUES (295, 'Entidade295', 295, 98);
INSERT INTO Alocado(numMeio, nomeEntidade, numHoras, numProcessoSocorro) VALUES (296, 'Entidade296', 296, 98);
INSERT INTO Alocado(numMeio, nomeEntidade, numHoras, numProcessoSocorro) VALUES (297, 'Entidade297', 297, 99);
INSERT INTO Alocado(numMeio, nomeEntidade, numHoras, numProcessoSocorro) VALUES (298, 'Entidade298', 298, 99);
INSERT INTO Alocado(numMeio, nomeEntidade, numHoras, numProcessoSocorro) VALUES (299, 'Entidade299', 299, 99);
INSERT INTO Alocado(numMeio, nomeEntidade, numHoras, numProcessoSocorro) VALUES (300, 'Entidade300', 300, 100);

INSERT INTO Solicita(idCoordenador, dataHoraInicioVideo, numCamara, datahoraInicio, datahoraFim) VALUES (1, '2015-03-28 20:20:20', 1, '2015-03-28 20:20:20', '2015-04-28 20:20:20');
INSERT INTO Solicita(idCoordenador, dataHoraInicioVideo, numCamara, datahoraInicio, datahoraFim) VALUES (2, '2015-03-28 20:20:20', 2, '2015-03-28 20:20:20', '2015-04-28 20:20:20');
INSERT INTO Solicita(idCoordenador, dataHoraInicioVideo, numCamara, datahoraInicio, datahoraFim) VALUES (3, '2015-03-28 20:20:20', 3, '2015-03-28 20:20:20', '2015-04-28 20:20:20');
INSERT INTO Solicita(idCoordenador, dataHoraInicioVideo, numCamara, datahoraInicio, datahoraFim) VALUES (4, '2015-03-28 20:20:20', 4, '2015-03-28 20:20:20', '2015-04-28 20:20:20');
INSERT INTO Solicita(idCoordenador, dataHoraInicioVideo, numCamara, datahoraInicio, datahoraFim) VALUES (5, '2015-03-28 20:20:20', 5, '2015-03-28 20:20:20', '2015-04-28 20:20:20');
INSERT INTO Solicita(idCoordenador, dataHoraInicioVideo, numCamara, datahoraInicio, datahoraFim) VALUES (6, '2015-03-28 20:20:20', 6, '2015-03-28 20:20:20', '2015-04-28 20:20:20');
INSERT INTO Solicita(idCoordenador, dataHoraInicioVideo, numCamara, datahoraInicio, datahoraFim) VALUES (7, '2015-03-28 20:20:20', 7, '2015-03-28 20:20:20', '2015-04-28 20:20:20');
INSERT INTO Solicita(idCoordenador, dataHoraInicioVideo, numCamara, datahoraInicio, datahoraFim) VALUES (8, '2015-03-28 20:20:20', 8, '2015-03-28 20:20:20', '2015-04-28 20:20:20');
INSERT INTO Solicita(idCoordenador, dataHoraInicioVideo, numCamara, datahoraInicio, datahoraFim) VALUES (9, '2015-03-28 20:20:20', 9, '2015-03-28 20:20:20', '2015-04-28 20:20:20');
INSERT INTO Solicita(idCoordenador, dataHoraInicioVideo, numCamara, datahoraInicio, datahoraFim) VALUES (10, '2015-03-28 20:20:20', 10, '2015-03-28 20:20:20', '2015-04-28 20:20:20');
INSERT INTO Solicita(idCoordenador, dataHoraInicioVideo, numCamara, datahoraInicio, datahoraFim) VALUES (11, '2015-03-28 20:20:20', 11, '2015-03-28 20:20:20', '2015-04-28 20:20:20');
INSERT INTO Solicita(idCoordenador, dataHoraInicioVideo, numCamara, datahoraInicio, datahoraFim) VALUES (12, '2015-03-28 20:20:20', 12, '2015-03-28 20:20:20', '2015-04-28 20:20:20');
INSERT INTO Solicita(idCoordenador, dataHoraInicioVideo, numCamara, datahoraInicio, datahoraFim) VALUES (13, '2015-03-28 20:20:20', 13, '2015-03-28 20:20:20', '2015-04-28 20:20:20');
INSERT INTO Solicita(idCoordenador, dataHoraInicioVideo, numCamara, datahoraInicio, datahoraFim) VALUES (14, '2015-03-28 20:20:20', 14, '2015-03-28 20:20:20', '2015-04-28 20:20:20');
INSERT INTO Solicita(idCoordenador, dataHoraInicioVideo, numCamara, datahoraInicio, datahoraFim) VALUES (15, '2015-03-28 20:20:20', 15, '2015-03-28 20:20:20', '2015-04-28 20:20:20');
INSERT INTO Solicita(idCoordenador, dataHoraInicioVideo, numCamara, datahoraInicio, datahoraFim) VALUES (16, '2015-03-28 20:20:20', 16, '2015-03-28 20:20:20', '2015-04-28 20:20:20');
INSERT INTO Solicita(idCoordenador, dataHoraInicioVideo, numCamara, datahoraInicio, datahoraFim) VALUES (17, '2015-03-28 20:20:20', 17, '2015-03-28 20:20:20', '2015-04-28 20:20:20');
INSERT INTO Solicita(idCoordenador, dataHoraInicioVideo, numCamara, datahoraInicio, datahoraFim) VALUES (18, '2015-03-28 20:20:20', 18, '2015-03-28 20:20:20', '2015-04-28 20:20:20');
INSERT INTO Solicita(idCoordenador, dataHoraInicioVideo, numCamara, datahoraInicio, datahoraFim) VALUES (19, '2015-03-28 20:20:20', 19, '2015-03-28 20:20:20', '2015-04-28 20:20:20');
INSERT INTO Solicita(idCoordenador, dataHoraInicioVideo, numCamara, datahoraInicio, datahoraFim) VALUES (20, '2015-03-28 20:20:20', 20, '2015-03-28 20:20:20', '2015-04-28 20:20:20');
INSERT INTO Solicita(idCoordenador, dataHoraInicioVideo, numCamara, datahoraInicio, datahoraFim) VALUES (21, '2015-03-28 20:20:20', 21, '2015-03-28 20:20:20', '2015-04-28 20:20:20');
INSERT INTO Solicita(idCoordenador, dataHoraInicioVideo, numCamara, datahoraInicio, datahoraFim) VALUES (22, '2015-03-28 20:20:20', 22, '2015-03-28 20:20:20', '2015-04-28 20:20:20');
INSERT INTO Solicita(idCoordenador, dataHoraInicioVideo, numCamara, datahoraInicio, datahoraFim) VALUES (23, '2015-03-28 20:20:20', 23, '2015-03-28 20:20:20', '2015-04-28 20:20:20');
INSERT INTO Solicita(idCoordenador, dataHoraInicioVideo, numCamara, datahoraInicio, datahoraFim) VALUES (24, '2015-03-28 20:20:20', 24, '2015-03-28 20:20:20', '2015-04-28 20:20:20');
INSERT INTO Solicita(idCoordenador, dataHoraInicioVideo, numCamara, datahoraInicio, datahoraFim) VALUES (25, '2015-03-28 20:20:20', 25, '2015-03-28 20:20:20', '2015-04-28 20:20:20');
INSERT INTO Solicita(idCoordenador, dataHoraInicioVideo, numCamara, datahoraInicio, datahoraFim) VALUES (26, '2015-03-28 20:20:20', 26, '2015-03-28 20:20:20', '2015-04-28 20:20:20');
INSERT INTO Solicita(idCoordenador, dataHoraInicioVideo, numCamara, datahoraInicio, datahoraFim) VALUES (27, '2015-03-28 20:20:20', 27, '2015-03-28 20:20:20', '2015-04-28 20:20:20');
INSERT INTO Solicita(idCoordenador, dataHoraInicioVideo, numCamara, datahoraInicio, datahoraFim) VALUES (28, '2015-03-28 20:20:20', 28, '2015-03-28 20:20:20', '2015-04-28 20:20:20');
INSERT INTO Solicita(idCoordenador, dataHoraInicioVideo, numCamara, datahoraInicio, datahoraFim) VALUES (29, '2015-03-28 20:20:20', 29, '2015-03-28 20:20:20', '2015-04-28 20:20:20');
INSERT INTO Solicita(idCoordenador, dataHoraInicioVideo, numCamara, datahoraInicio, datahoraFim) VALUES (30, '2015-03-28 20:20:20', 30, '2015-03-28 20:20:20', '2015-04-28 20:20:20');
INSERT INTO Solicita(idCoordenador, dataHoraInicioVideo, numCamara, datahoraInicio, datahoraFim) VALUES (31, '2015-03-28 20:20:20', 31, '2015-03-28 20:20:20', '2015-04-28 20:20:20');
INSERT INTO Solicita(idCoordenador, dataHoraInicioVideo, numCamara, datahoraInicio, datahoraFim) VALUES (32, '2015-03-28 20:20:20', 32, '2015-03-28 20:20:20', '2015-04-28 20:20:20');
INSERT INTO Solicita(idCoordenador, dataHoraInicioVideo, numCamara, datahoraInicio, datahoraFim) VALUES (33, '2015-03-28 20:20:20', 33, '2015-03-28 20:20:20', '2015-04-28 20:20:20');
INSERT INTO Solicita(idCoordenador, dataHoraInicioVideo, numCamara, datahoraInicio, datahoraFim) VALUES (34, '2015-03-28 20:20:20', 34, '2015-03-28 20:20:20', '2015-04-28 20:20:20');
INSERT INTO Solicita(idCoordenador, dataHoraInicioVideo, numCamara, datahoraInicio, datahoraFim) VALUES (35, '2015-03-28 20:20:20', 35, '2015-03-28 20:20:20', '2015-04-28 20:20:20');
INSERT INTO Solicita(idCoordenador, dataHoraInicioVideo, numCamara, datahoraInicio, datahoraFim) VALUES (36, '2015-03-28 20:20:20', 36, '2015-03-28 20:20:20', '2015-04-28 20:20:20');
INSERT INTO Solicita(idCoordenador, dataHoraInicioVideo, numCamara, datahoraInicio, datahoraFim) VALUES (37, '2015-03-28 20:20:20', 37, '2015-03-28 20:20:20', '2015-04-28 20:20:20');
INSERT INTO Solicita(idCoordenador, dataHoraInicioVideo, numCamara, datahoraInicio, datahoraFim) VALUES (38, '2015-03-28 20:20:20', 38, '2015-03-28 20:20:20', '2015-04-28 20:20:20');
INSERT INTO Solicita(idCoordenador, dataHoraInicioVideo, numCamara, datahoraInicio, datahoraFim) VALUES (39, '2015-03-28 20:20:20', 39, '2015-03-28 20:20:20', '2015-04-28 20:20:20');
INSERT INTO Solicita(idCoordenador, dataHoraInicioVideo, numCamara, datahoraInicio, datahoraFim) VALUES (40, '2015-03-28 20:20:20', 40, '2015-03-28 20:20:20', '2015-04-28 20:20:20');
INSERT INTO Solicita(idCoordenador, dataHoraInicioVideo, numCamara, datahoraInicio, datahoraFim) VALUES (41, '2015-03-28 20:20:20', 41, '2015-03-28 20:20:20', '2015-04-28 20:20:20');
INSERT INTO Solicita(idCoordenador, dataHoraInicioVideo, numCamara, datahoraInicio, datahoraFim) VALUES (42, '2015-03-28 20:20:20', 42, '2015-03-28 20:20:20', '2015-04-28 20:20:20');
INSERT INTO Solicita(idCoordenador, dataHoraInicioVideo, numCamara, datahoraInicio, datahoraFim) VALUES (43, '2015-03-28 20:20:20', 43, '2015-03-28 20:20:20', '2015-04-28 20:20:20');
INSERT INTO Solicita(idCoordenador, dataHoraInicioVideo, numCamara, datahoraInicio, datahoraFim) VALUES (44, '2015-03-28 20:20:20', 44, '2015-03-28 20:20:20', '2015-04-28 20:20:20');
INSERT INTO Solicita(idCoordenador, dataHoraInicioVideo, numCamara, datahoraInicio, datahoraFim) VALUES (45, '2015-03-28 20:20:20', 45, '2015-03-28 20:20:20', '2015-04-28 20:20:20');
INSERT INTO Solicita(idCoordenador, dataHoraInicioVideo, numCamara, datahoraInicio, datahoraFim) VALUES (46, '2015-03-28 20:20:20', 46, '2015-03-28 20:20:20', '2015-04-28 20:20:20');
INSERT INTO Solicita(idCoordenador, dataHoraInicioVideo, numCamara, datahoraInicio, datahoraFim) VALUES (47, '2015-03-28 20:20:20', 47, '2015-03-28 20:20:20', '2015-04-28 20:20:20');
INSERT INTO Solicita(idCoordenador, dataHoraInicioVideo, numCamara, datahoraInicio, datahoraFim) VALUES (48, '2015-03-28 20:20:20', 48, '2015-03-28 20:20:20', '2015-04-28 20:20:20');
INSERT INTO Solicita(idCoordenador, dataHoraInicioVideo, numCamara, datahoraInicio, datahoraFim) VALUES (49, '2015-03-28 20:20:20', 49, '2015-03-28 20:20:20', '2015-04-28 20:20:20');
INSERT INTO Solicita(idCoordenador, dataHoraInicioVideo, numCamara, datahoraInicio, datahoraFim) VALUES (50, '2015-03-28 20:20:20', 50, '2015-03-28 20:20:20', '2015-04-28 20:20:20');
INSERT INTO Solicita(idCoordenador, dataHoraInicioVideo, numCamara, datahoraInicio, datahoraFim) VALUES (51, '2015-03-28 20:20:20', 51, '2015-03-28 20:20:20', '2015-04-28 20:20:20');
INSERT INTO Solicita(idCoordenador, dataHoraInicioVideo, numCamara, datahoraInicio, datahoraFim) VALUES (52, '2015-03-28 20:20:20', 52, '2015-03-28 20:20:20', '2015-04-28 20:20:20');
INSERT INTO Solicita(idCoordenador, dataHoraInicioVideo, numCamara, datahoraInicio, datahoraFim) VALUES (53, '2015-03-28 20:20:20', 53, '2015-03-28 20:20:20', '2015-04-28 20:20:20');
INSERT INTO Solicita(idCoordenador, dataHoraInicioVideo, numCamara, datahoraInicio, datahoraFim) VALUES (54, '2015-03-28 20:20:20', 54, '2015-03-28 20:20:20', '2015-04-28 20:20:20');
INSERT INTO Solicita(idCoordenador, dataHoraInicioVideo, numCamara, datahoraInicio, datahoraFim) VALUES (55, '2015-03-28 20:20:20', 55, '2015-03-28 20:20:20', '2015-04-28 20:20:20');
INSERT INTO Solicita(idCoordenador, dataHoraInicioVideo, numCamara, datahoraInicio, datahoraFim) VALUES (56, '2015-03-28 20:20:20', 56, '2015-03-28 20:20:20', '2015-04-28 20:20:20');
INSERT INTO Solicita(idCoordenador, dataHoraInicioVideo, numCamara, datahoraInicio, datahoraFim) VALUES (57, '2015-03-28 20:20:20', 57, '2015-03-28 20:20:20', '2015-04-28 20:20:20');
INSERT INTO Solicita(idCoordenador, dataHoraInicioVideo, numCamara, datahoraInicio, datahoraFim) VALUES (58, '2015-03-28 20:20:20', 58, '2015-03-28 20:20:20', '2015-04-28 20:20:20');
INSERT INTO Solicita(idCoordenador, dataHoraInicioVideo, numCamara, datahoraInicio, datahoraFim) VALUES (59, '2015-03-28 20:20:20', 59, '2015-03-28 20:20:20', '2015-04-28 20:20:20');
INSERT INTO Solicita(idCoordenador, dataHoraInicioVideo, numCamara, datahoraInicio, datahoraFim) VALUES (60, '2015-03-28 20:20:20', 60, '2015-03-28 20:20:20', '2015-04-28 20:20:20');
INSERT INTO Solicita(idCoordenador, dataHoraInicioVideo, numCamara, datahoraInicio, datahoraFim) VALUES (61, '2015-03-28 20:20:20', 61, '2015-03-28 20:20:20', '2015-04-28 20:20:20');
INSERT INTO Solicita(idCoordenador, dataHoraInicioVideo, numCamara, datahoraInicio, datahoraFim) VALUES (62, '2015-03-28 20:20:20', 62, '2015-03-28 20:20:20', '2015-04-28 20:20:20');
INSERT INTO Solicita(idCoordenador, dataHoraInicioVideo, numCamara, datahoraInicio, datahoraFim) VALUES (63, '2015-03-28 20:20:20', 63, '2015-03-28 20:20:20', '2015-04-28 20:20:20');
INSERT INTO Solicita(idCoordenador, dataHoraInicioVideo, numCamara, datahoraInicio, datahoraFim) VALUES (64, '2015-03-28 20:20:20', 64, '2015-03-28 20:20:20', '2015-04-28 20:20:20');
INSERT INTO Solicita(idCoordenador, dataHoraInicioVideo, numCamara, datahoraInicio, datahoraFim) VALUES (65, '2015-03-28 20:20:20', 65, '2015-03-28 20:20:20', '2015-04-28 20:20:20');
INSERT INTO Solicita(idCoordenador, dataHoraInicioVideo, numCamara, datahoraInicio, datahoraFim) VALUES (66, '2015-03-28 20:20:20', 66, '2015-03-28 20:20:20', '2015-04-28 20:20:20');
INSERT INTO Solicita(idCoordenador, dataHoraInicioVideo, numCamara, datahoraInicio, datahoraFim) VALUES (67, '2015-03-28 20:20:20', 67, '2015-03-28 20:20:20', '2015-04-28 20:20:20');
INSERT INTO Solicita(idCoordenador, dataHoraInicioVideo, numCamara, datahoraInicio, datahoraFim) VALUES (68, '2015-03-28 20:20:20', 68, '2015-03-28 20:20:20', '2015-04-28 20:20:20');
INSERT INTO Solicita(idCoordenador, dataHoraInicioVideo, numCamara, datahoraInicio, datahoraFim) VALUES (69, '2015-03-28 20:20:20', 69, '2015-03-28 20:20:20', '2015-04-28 20:20:20');
INSERT INTO Solicita(idCoordenador, dataHoraInicioVideo, numCamara, datahoraInicio, datahoraFim) VALUES (70, '2015-03-28 20:20:20', 70, '2015-03-28 20:20:20', '2015-04-28 20:20:20');
INSERT INTO Solicita(idCoordenador, dataHoraInicioVideo, numCamara, datahoraInicio, datahoraFim) VALUES (71, '2015-03-28 20:20:20', 71, '2015-03-28 20:20:20', '2015-04-28 20:20:20');
INSERT INTO Solicita(idCoordenador, dataHoraInicioVideo, numCamara, datahoraInicio, datahoraFim) VALUES (72, '2015-03-28 20:20:20', 72, '2015-03-28 20:20:20', '2015-04-28 20:20:20');
INSERT INTO Solicita(idCoordenador, dataHoraInicioVideo, numCamara, datahoraInicio, datahoraFim) VALUES (73, '2015-03-28 20:20:20', 73, '2015-03-28 20:20:20', '2015-04-28 20:20:20');
INSERT INTO Solicita(idCoordenador, dataHoraInicioVideo, numCamara, datahoraInicio, datahoraFim) VALUES (74, '2015-03-28 20:20:20', 74, '2015-03-28 20:20:20', '2015-04-28 20:20:20');
INSERT INTO Solicita(idCoordenador, dataHoraInicioVideo, numCamara, datahoraInicio, datahoraFim) VALUES (75, '2015-03-28 20:20:20', 75, '2015-03-28 20:20:20', '2015-04-28 20:20:20');
INSERT INTO Solicita(idCoordenador, dataHoraInicioVideo, numCamara, datahoraInicio, datahoraFim) VALUES (76, '2015-03-28 20:20:20', 76, '2015-03-28 20:20:20', '2015-04-28 20:20:20');
INSERT INTO Solicita(idCoordenador, dataHoraInicioVideo, numCamara, datahoraInicio, datahoraFim) VALUES (77, '2015-03-28 20:20:20', 77, '2015-03-28 20:20:20', '2015-04-28 20:20:20');
INSERT INTO Solicita(idCoordenador, dataHoraInicioVideo, numCamara, datahoraInicio, datahoraFim) VALUES (78, '2015-03-28 20:20:20', 78, '2015-03-28 20:20:20', '2015-04-28 20:20:20');
INSERT INTO Solicita(idCoordenador, dataHoraInicioVideo, numCamara, datahoraInicio, datahoraFim) VALUES (79, '2015-03-28 20:20:20', 79, '2015-03-28 20:20:20', '2015-04-28 20:20:20');
INSERT INTO Solicita(idCoordenador, dataHoraInicioVideo, numCamara, datahoraInicio, datahoraFim) VALUES (80, '2015-03-28 20:20:20', 80, '2015-03-28 20:20:20', '2015-04-28 20:20:20');
INSERT INTO Solicita(idCoordenador, dataHoraInicioVideo, numCamara, datahoraInicio, datahoraFim) VALUES (81, '2015-03-28 20:20:20', 81, '2015-03-28 20:20:20', '2015-04-28 20:20:20');
INSERT INTO Solicita(idCoordenador, dataHoraInicioVideo, numCamara, datahoraInicio, datahoraFim) VALUES (82, '2015-03-28 20:20:20', 82, '2015-03-28 20:20:20', '2015-04-28 20:20:20');
INSERT INTO Solicita(idCoordenador, dataHoraInicioVideo, numCamara, datahoraInicio, datahoraFim) VALUES (83, '2015-03-28 20:20:20', 83, '2015-03-28 20:20:20', '2015-04-28 20:20:20');
INSERT INTO Solicita(idCoordenador, dataHoraInicioVideo, numCamara, datahoraInicio, datahoraFim) VALUES (84, '2015-03-28 20:20:20', 84, '2015-03-28 20:20:20', '2015-04-28 20:20:20');
INSERT INTO Solicita(idCoordenador, dataHoraInicioVideo, numCamara, datahoraInicio, datahoraFim) VALUES (85, '2015-03-28 20:20:20', 85, '2015-03-28 20:20:20', '2015-04-28 20:20:20');
INSERT INTO Solicita(idCoordenador, dataHoraInicioVideo, numCamara, datahoraInicio, datahoraFim) VALUES (86, '2015-03-28 20:20:20', 86, '2015-03-28 20:20:20', '2015-04-28 20:20:20');
INSERT INTO Solicita(idCoordenador, dataHoraInicioVideo, numCamara, datahoraInicio, datahoraFim) VALUES (87, '2015-03-28 20:20:20', 87, '2015-03-28 20:20:20', '2015-04-28 20:20:20');
INSERT INTO Solicita(idCoordenador, dataHoraInicioVideo, numCamara, datahoraInicio, datahoraFim) VALUES (88, '2015-03-28 20:20:20', 88, '2015-03-28 20:20:20', '2015-04-28 20:20:20');
INSERT INTO Solicita(idCoordenador, dataHoraInicioVideo, numCamara, datahoraInicio, datahoraFim) VALUES (89, '2015-03-28 20:20:20', 89, '2015-03-28 20:20:20', '2015-04-28 20:20:20');
INSERT INTO Solicita(idCoordenador, dataHoraInicioVideo, numCamara, datahoraInicio, datahoraFim) VALUES (90, '2015-03-28 20:20:20', 90, '2015-03-28 20:20:20', '2015-04-28 20:20:20');
INSERT INTO Solicita(idCoordenador, dataHoraInicioVideo, numCamara, datahoraInicio, datahoraFim) VALUES (91, '2015-03-28 20:20:20', 91, '2015-03-28 20:20:20', '2015-04-28 20:20:20');
INSERT INTO Solicita(idCoordenador, dataHoraInicioVideo, numCamara, datahoraInicio, datahoraFim) VALUES (92, '2015-03-28 20:20:20', 92, '2015-03-28 20:20:20', '2015-04-28 20:20:20');
INSERT INTO Solicita(idCoordenador, dataHoraInicioVideo, numCamara, datahoraInicio, datahoraFim) VALUES (93, '2015-03-28 20:20:20', 93, '2015-03-28 20:20:20', '2015-04-28 20:20:20');
INSERT INTO Solicita(idCoordenador, dataHoraInicioVideo, numCamara, datahoraInicio, datahoraFim) VALUES (94, '2015-03-28 20:20:20', 94, '2015-03-28 20:20:20', '2015-04-28 20:20:20');
INSERT INTO Solicita(idCoordenador, dataHoraInicioVideo, numCamara, datahoraInicio, datahoraFim) VALUES (95, '2015-03-28 20:20:20', 95, '2015-03-28 20:20:20', '2015-04-28 20:20:20');
INSERT INTO Solicita(idCoordenador, dataHoraInicioVideo, numCamara, datahoraInicio, datahoraFim) VALUES (96, '2015-03-28 20:20:20', 96, '2015-03-28 20:20:20', '2015-04-28 20:20:20');
INSERT INTO Solicita(idCoordenador, dataHoraInicioVideo, numCamara, datahoraInicio, datahoraFim) VALUES (97, '2015-03-28 20:20:20', 97, '2015-03-28 20:20:20', '2015-04-28 20:20:20');
INSERT INTO Solicita(idCoordenador, dataHoraInicioVideo, numCamara, datahoraInicio, datahoraFim) VALUES (98, '2015-03-28 20:20:20', 98, '2015-03-28 20:20:20', '2015-04-28 20:20:20');
INSERT INTO Solicita(idCoordenador, dataHoraInicioVideo, numCamara, datahoraInicio, datahoraFim) VALUES (99, '2015-03-28 20:20:20', 99, '2015-03-28 20:20:20', '2015-04-28 20:20:20');
INSERT INTO Solicita(idCoordenador, dataHoraInicioVideo, numCamara, datahoraInicio, datahoraFim) VALUES (100, '2015-03-28 20:20:20', 100, '2015-03-28 20:20:20', '2015-04-28 20:20:20');
INSERT INTO Acciona(numMeio, nomeEntidade, numProcessoSocorro) VALUES (1, 'Entidade1', 2);
INSERT INTO Acciona(numMeio, nomeEntidade, numProcessoSocorro) VALUES (1, 'Entidade1', 3);
INSERT INTO Acciona(numMeio, nomeEntidade, numProcessoSocorro) VALUES (1, 'Entidade1', 4);
INSERT INTO Acciona(numMeio, nomeEntidade, numProcessoSocorro) VALUES (1, 'Entidade1', 5);
INSERT INTO Acciona(numMeio, nomeEntidade, numProcessoSocorro) VALUES (1, 'Entidade1', 6);
INSERT INTO Acciona(numMeio, nomeEntidade, numProcessoSocorro) VALUES (1, 'Entidade1', 7);
INSERT INTO Acciona(numMeio, nomeEntidade, numProcessoSocorro) VALUES (1, 'Entidade1', 8);
INSERT INTO Acciona(numMeio, nomeEntidade, numProcessoSocorro) VALUES (1, 'Entidade1', 9);
INSERT INTO Acciona(numMeio, nomeEntidade, numProcessoSocorro) VALUES (1, 'Entidade1', 10);
INSERT INTO Acciona(numMeio, nomeEntidade, numProcessoSocorro) VALUES (1, 'Entidade1', 11);
INSERT INTO Acciona(numMeio, nomeEntidade, numProcessoSocorro) VALUES (1, 'Entidade1', 12);
INSERT INTO Acciona(numMeio, nomeEntidade, numProcessoSocorro) VALUES (1, 'Entidade1', 13);
INSERT INTO Acciona(numMeio, nomeEntidade, numProcessoSocorro) VALUES (1, 'Entidade1', 14);
INSERT INTO Acciona(numMeio, nomeEntidade, numProcessoSocorro) VALUES (1, 'Entidade1', 15);
INSERT INTO Acciona(numMeio, nomeEntidade, numProcessoSocorro) VALUES (1, 'Entidade1', 16);
INSERT INTO Acciona(numMeio, nomeEntidade, numProcessoSocorro) VALUES (1, 'Entidade1', 17);
INSERT INTO Acciona(numMeio, nomeEntidade, numProcessoSocorro) VALUES (1, 'Entidade1', 18);
INSERT INTO Acciona(numMeio, nomeEntidade, numProcessoSocorro) VALUES (1, 'Entidade1', 19);
INSERT INTO Acciona(numMeio, nomeEntidade, numProcessoSocorro) VALUES (1, 'Entidade1', 20);
INSERT INTO Acciona(numMeio, nomeEntidade, numProcessoSocorro) VALUES (1, 'Entidade1', 21);
INSERT INTO Acciona(numMeio, nomeEntidade, numProcessoSocorro) VALUES (1, 'Entidade1', 22);
INSERT INTO Acciona(numMeio, nomeEntidade, numProcessoSocorro) VALUES (1, 'Entidade1', 23);
INSERT INTO Acciona(numMeio, nomeEntidade, numProcessoSocorro) VALUES (1, 'Entidade1', 24);
INSERT INTO Acciona(numMeio, nomeEntidade, numProcessoSocorro) VALUES (1, 'Entidade1', 25);
INSERT INTO Acciona(numMeio, nomeEntidade, numProcessoSocorro) VALUES (1, 'Entidade1', 26);
INSERT INTO Acciona(numMeio, nomeEntidade, numProcessoSocorro) VALUES (1, 'Entidade1', 27);
INSERT INTO Acciona(numMeio, nomeEntidade, numProcessoSocorro) VALUES (1, 'Entidade1', 28);
INSERT INTO Acciona(numMeio, nomeEntidade, numProcessoSocorro) VALUES (1, 'Entidade1', 29);
INSERT INTO Acciona(numMeio, nomeEntidade, numProcessoSocorro) VALUES (1, 'Entidade1', 30);
INSERT INTO Acciona(numMeio, nomeEntidade, numProcessoSocorro) VALUES (1, 'Entidade1', 31);
INSERT INTO Acciona(numMeio, nomeEntidade, numProcessoSocorro) VALUES (1, 'Entidade1', 32);
INSERT INTO Acciona(numMeio, nomeEntidade, numProcessoSocorro) VALUES (1, 'Entidade1', 33);
INSERT INTO Acciona(numMeio, nomeEntidade, numProcessoSocorro) VALUES (1, 'Entidade1', 34);
INSERT INTO Acciona(numMeio, nomeEntidade, numProcessoSocorro) VALUES (1, 'Entidade1', 35);
INSERT INTO Acciona(numMeio, nomeEntidade, numProcessoSocorro) VALUES (1, 'Entidade1', 36);
INSERT INTO Acciona(numMeio, nomeEntidade, numProcessoSocorro) VALUES (1, 'Entidade1', 37);
INSERT INTO Acciona(numMeio, nomeEntidade, numProcessoSocorro) VALUES (1, 'Entidade1', 38);
INSERT INTO Acciona(numMeio, nomeEntidade, numProcessoSocorro) VALUES (1, 'Entidade1', 39);
INSERT INTO Acciona(numMeio, nomeEntidade, numProcessoSocorro) VALUES (1, 'Entidade1', 40);
INSERT INTO Acciona(numMeio, nomeEntidade, numProcessoSocorro) VALUES (1, 'Entidade1', 41);
INSERT INTO Acciona(numMeio, nomeEntidade, numProcessoSocorro) VALUES (1, 'Entidade1', 42);
INSERT INTO Acciona(numMeio, nomeEntidade, numProcessoSocorro) VALUES (1, 'Entidade1', 43);
INSERT INTO Acciona(numMeio, nomeEntidade, numProcessoSocorro) VALUES (1, 'Entidade1', 44);
INSERT INTO Acciona(numMeio, nomeEntidade, numProcessoSocorro) VALUES (1, 'Entidade1', 45);
INSERT INTO Acciona(numMeio, nomeEntidade, numProcessoSocorro) VALUES (1, 'Entidade1', 46);
INSERT INTO Acciona(numMeio, nomeEntidade, numProcessoSocorro) VALUES (1, 'Entidade1', 47);
INSERT INTO Acciona(numMeio, nomeEntidade, numProcessoSocorro) VALUES (1, 'Entidade1', 48);
INSERT INTO Acciona(numMeio, nomeEntidade, numProcessoSocorro) VALUES (1, 'Entidade1', 49);
INSERT INTO Acciona(numMeio, nomeEntidade, numProcessoSocorro) VALUES (1, 'Entidade1', 50);
INSERT INTO Acciona(numMeio, nomeEntidade, numProcessoSocorro) VALUES (1, 'Entidade1', 51);
INSERT INTO Acciona(numMeio, nomeEntidade, numProcessoSocorro) VALUES (1, 'Entidade1', 52);
INSERT INTO Acciona(numMeio, nomeEntidade, numProcessoSocorro) VALUES (1, 'Entidade1', 53);
INSERT INTO Acciona(numMeio, nomeEntidade, numProcessoSocorro) VALUES (1, 'Entidade1', 54);
INSERT INTO Acciona(numMeio, nomeEntidade, numProcessoSocorro) VALUES (1, 'Entidade1', 55);
INSERT INTO Acciona(numMeio, nomeEntidade, numProcessoSocorro) VALUES (1, 'Entidade1', 56);
INSERT INTO Acciona(numMeio, nomeEntidade, numProcessoSocorro) VALUES (1, 'Entidade1', 57);
INSERT INTO Acciona(numMeio, nomeEntidade, numProcessoSocorro) VALUES (1, 'Entidade1', 58);
INSERT INTO Acciona(numMeio, nomeEntidade, numProcessoSocorro) VALUES (1, 'Entidade1', 59);
INSERT INTO Acciona(numMeio, nomeEntidade, numProcessoSocorro) VALUES (1, 'Entidade1', 60);
INSERT INTO Acciona(numMeio, nomeEntidade, numProcessoSocorro) VALUES (1, 'Entidade1', 61);
INSERT INTO Acciona(numMeio, nomeEntidade, numProcessoSocorro) VALUES (1, 'Entidade1', 62);
INSERT INTO Acciona(numMeio, nomeEntidade, numProcessoSocorro) VALUES (1, 'Entidade1', 63);
INSERT INTO Acciona(numMeio, nomeEntidade, numProcessoSocorro) VALUES (1, 'Entidade1', 64);
INSERT INTO Acciona(numMeio, nomeEntidade, numProcessoSocorro) VALUES (1, 'Entidade1', 65);
INSERT INTO Acciona(numMeio, nomeEntidade, numProcessoSocorro) VALUES (1, 'Entidade1', 66);
INSERT INTO Acciona(numMeio, nomeEntidade, numProcessoSocorro) VALUES (1, 'Entidade1', 67);
INSERT INTO Acciona(numMeio, nomeEntidade, numProcessoSocorro) VALUES (1, 'Entidade1', 68);
INSERT INTO Acciona(numMeio, nomeEntidade, numProcessoSocorro) VALUES (1, 'Entidade1', 69);
INSERT INTO Acciona(numMeio, nomeEntidade, numProcessoSocorro) VALUES (1, 'Entidade1', 70);
INSERT INTO Acciona(numMeio, nomeEntidade, numProcessoSocorro) VALUES (1, 'Entidade1', 71);
INSERT INTO Acciona(numMeio, nomeEntidade, numProcessoSocorro) VALUES (1, 'Entidade1', 72);
INSERT INTO Acciona(numMeio, nomeEntidade, numProcessoSocorro) VALUES (1, 'Entidade1', 73);
INSERT INTO Acciona(numMeio, nomeEntidade, numProcessoSocorro) VALUES (1, 'Entidade1', 74);
INSERT INTO Acciona(numMeio, nomeEntidade, numProcessoSocorro) VALUES (1, 'Entidade1', 75);
INSERT INTO Acciona(numMeio, nomeEntidade, numProcessoSocorro) VALUES (1, 'Entidade1', 76);
INSERT INTO Acciona(numMeio, nomeEntidade, numProcessoSocorro) VALUES (1, 'Entidade1', 77);
INSERT INTO Acciona(numMeio, nomeEntidade, numProcessoSocorro) VALUES (1, 'Entidade1', 78);
INSERT INTO Acciona(numMeio, nomeEntidade, numProcessoSocorro) VALUES (1, 'Entidade1', 79);
INSERT INTO Acciona(numMeio, nomeEntidade, numProcessoSocorro) VALUES (1, 'Entidade1', 80);
INSERT INTO Acciona(numMeio, nomeEntidade, numProcessoSocorro) VALUES (1, 'Entidade1', 81);
INSERT INTO Acciona(numMeio, nomeEntidade, numProcessoSocorro) VALUES (1, 'Entidade1', 82);
INSERT INTO Acciona(numMeio, nomeEntidade, numProcessoSocorro) VALUES (1, 'Entidade1', 83);
INSERT INTO Acciona(numMeio, nomeEntidade, numProcessoSocorro) VALUES (1, 'Entidade1', 84);
INSERT INTO Acciona(numMeio, nomeEntidade, numProcessoSocorro) VALUES (1, 'Entidade1', 85);
INSERT INTO Acciona(numMeio, nomeEntidade, numProcessoSocorro) VALUES (1, 'Entidade1', 86);
INSERT INTO Acciona(numMeio, nomeEntidade, numProcessoSocorro) VALUES (1, 'Entidade1', 87);
INSERT INTO Acciona(numMeio, nomeEntidade, numProcessoSocorro) VALUES (1, 'Entidade1', 88);
INSERT INTO Acciona(numMeio, nomeEntidade, numProcessoSocorro) VALUES (1, 'Entidade1', 89);
INSERT INTO Acciona(numMeio, nomeEntidade, numProcessoSocorro) VALUES (1, 'Entidade1', 90);
INSERT INTO Acciona(numMeio, nomeEntidade, numProcessoSocorro) VALUES (1, 'Entidade1', 91);
INSERT INTO Acciona(numMeio, nomeEntidade, numProcessoSocorro) VALUES (1, 'Entidade1', 92);
INSERT INTO Acciona(numMeio, nomeEntidade, numProcessoSocorro) VALUES (1, 'Entidade1', 93);
INSERT INTO Acciona(numMeio, nomeEntidade, numProcessoSocorro) VALUES (1, 'Entidade1', 94);
INSERT INTO Acciona(numMeio, nomeEntidade, numProcessoSocorro) VALUES (1, 'Entidade1', 95);
INSERT INTO Acciona(numMeio, nomeEntidade, numProcessoSocorro) VALUES (1, 'Entidade1', 96);
INSERT INTO Acciona(numMeio, nomeEntidade, numProcessoSocorro) VALUES (1, 'Entidade1', 97);
INSERT INTO Acciona(numMeio, nomeEntidade, numProcessoSocorro) VALUES (1, 'Entidade1', 98);
INSERT INTO Acciona(numMeio, nomeEntidade, numProcessoSocorro) VALUES (1, 'Entidade1', 99);
INSERT INTO Acciona(numMeio, nomeEntidade, numProcessoSocorro) VALUES (1, 'Entidade1', 100);

--SQL Queries

INSERT INTO Local(moradaLocal) VALUES('Cascais');
INSERT INTO Local(moradaLocal) VALUES('Lisboa');
INSERT INTO Local(moradaLocal) VALUES('Parede');
INSERT INTO Local(moradaLocal) VALUES('Oliveira do Hospital');
INSERT INTO Local(moradaLocal) VALUES('Monchique');

INSERT INTO EventoEmergencia(numTelefone, instanteChamada, nomePessoa, moradaLocal, numProcessoSocorro) VALUES (123123123, '2018-06-30 19:19:19', 'Manuel', 'Cascais', 1);
INSERT INTO EventoEmergencia(numTelefone, instanteChamada, nomePessoa, moradaLocal, numProcessoSocorro) VALUES (123123124, '2018-06-30 19:19:19', 'Peshoa', 'Lisboa', 2);
INSERT INTO EventoEmergencia(numTelefone, instanteChamada, nomePessoa, moradaLocal, numProcessoSocorro) VALUES (123123125, '2017-06-30 19:19:18', 'Miguel', 'Cascais', 1);
INSERT INTO EventoEmergencia(numTelefone, instanteChamada, nomePessoa, moradaLocal, numProcessoSocorro) VALUES (123123127, '2017-06-30 19:19:18', 'Ze', 'Oliveira do Hospital', 1);
INSERT INTO EventoEmergencia(numTelefone, instanteChamada, nomePessoa, moradaLocal, numProcessoSocorro) VALUES (123123129, '2018-06-30 19:19:18', 'Igu', 'Oliveira do Hospital', 1);
INSERT INTO EventoEmergencia(numTelefone, instanteChamada, nomePessoa, moradaLocal, numProcessoSocorro) VALUES (123123157, '2018-06-30 19:19:18', 'KAPPA', 'Oliveira do Hospital', null);

INSERT INTO EntidadeMeio(nomeEntidade) VALUES ('A');
INSERT INTO EntidadeMeio(nomeEntidade) VALUES ('B');
INSERT INTO EntidadeMeio(nomeEntidade) VALUES ('C');

INSERT INTO Meio(numMeio, nomeMeio, nomeEntidade) VALUES (0, 'carro', 'A');
INSERT INTO Meio(numMeio, nomeMeio, nomeEntidade) VALUES (1, 'mota', 'A');
INSERT INTO Meio(numMeio, nomeMeio, nomeEntidade) VALUES (2, 'carro', 'B');
INSERT INTO Meio(numMeio, nomeMeio, nomeEntidade) VALUES (3, 'helicoptero', 'C');

INSERT INTO Acciona(numMeio, nomeEntidade, numProcessoSocorro) VALUES (0, 'A', 1);
INSERT INTO Acciona(numMeio, nomeEntidade, numProcessoSocorro) VALUES (1, 'A', 1);
INSERT INTO Acciona(numMeio, nomeEntidade, numProcessoSocorro) VALUES (2, 'B', 2);
INSERT INTO Acciona(numMeio, nomeEntidade, numProcessoSocorro) VALUES (0, 'A', 2);
INSERT INTO Acciona(numMeio, nomeEntidade, numProcessoSocorro) VALUES (0, 'A', 3);
INSERT INTO Acciona(numMeio, nomeEntidade, numProcessoSocorro) VALUES (3, 'C', 3);
INSERT INTO Acciona(numMeio, nomeEntidade, numProcessoSocorro) VALUES (1, 'A', 3);

INSERT INTO Audita(idCoordenador, numMeio, nomeEntidade, numProcessoSocorro, datahoraInicio, datahoraFim, dataAuditoria, texto) VALUES(1, 2, 'B', 2, '2018-06-30 19:19:18', '2018-06-30 19:19:20', '2019-06-30 19:19:20', 'Txt');

INSERT INTO Video(dataHoraInicio, dataHoraFim, numCamara) VALUES ('2018-8-2 00:00:00', '2018-8-3 00:00:00', 1); 
INSERT INTO Video(dataHoraInicio, dataHoraFim, numCamara) VALUES ('2018-7-2 00:00:00', '2018-8-3 00:00:00', 1); 
INSERT INTO Video(dataHoraInicio, dataHoraFim, numCamara) VALUES ('2018-9-2 00:00:00', '2018-9-3 00:00:00', 1);
INSERT INTO Video(dataHoraInicio, dataHoraFim, numCamara) VALUES ('2018-8-2 00:00:00', '2018-8-3 00:00:00', 2); 
INSERT INTO Video(dataHoraInicio, dataHoraFim, numCamara) VALUES ('2018-8-2 00:00:00', '2018-8-3 00:00:00', 3); 

INSERT INTO SegmentoVideo(numSegmento, duracao, dataHoraInicio, numCamara) VALUES (1, '00:02:00', '2018-8-2 00:00:00', 1);
INSERT INTO SegmentoVideo(numSegmento, duracao, dataHoraInicio, numCamara) VALUES (2, '00:00:59', '2018-8-2 00:00:00', 2);
INSERT INTO SegmentoVideo(numSegmento, duracao, dataHoraInicio, numCamara) VALUES (3, '00:02:00', '2018-8-2 00:00:00', 3);
INSERT INTO SegmentoVideo(numSegmento, duracao, dataHoraInicio, numCamara) VALUES (4, '00:02:00', '2018-8-2 00:00:00', 1);

INSERT INTO Vigia(moradaLocal, numCamara) VALUES ('Monchique', 1);
INSERT INTO Vigia(moradaLocal, numCamara) VALUES ('Monchique', 2);
INSERT INTO Vigia(moradaLocal, numCamara) VALUES ('Parede', 3);

INSERT INTO MeioCombate(numMeio, nomeEntidade) VALUES(0, 'A');
INSERT INTO MeioCombate(numMeio, nomeEntidade) VALUES(2, 'B');

INSERT INTO MeioApoio(numMeio, nomeEntidade) VALUES(0, 'A');

INSERT INTO Alocado(numMeio, nomeEntidade, numHoras, numProcessoSocorro) VALUES(0, 'A', 10, 1);
