INSERT INTO ProcessoSocorro(numProcessoSocorro) VALUES (1);
INSERT INTO ProcessoSocorro(numProcessoSocorro) VALUES (2);
INSERT INTO ProcessoSocorro(numProcessoSocorro) VALUES (3);
INSERT INTO ProcessoSocorro(numProcessoSocorro) VALUES (4);
INSERT INTO ProcessoSocorro(numProcessoSocorro) VALUES (5);
INSERT INTO ProcessoSocorro(numProcessoSocorro) VALUES (6);
INSERT INTO ProcessoSocorro(numProcessoSocorro) VALUES (7);
INSERT INTO ProcessoSocorro(numProcessoSocorro) VALUES (8);
INSERT INTO ProcessoSocorro(numProcessoSocorro) VALUES (9);
INSERT INTO ProcessoSocorro(numProcessoSocorro) VALUES (10);
INSERT INTO ProcessoSocorro(numProcessoSocorro) VALUES (11);
INSERT INTO ProcessoSocorro(numProcessoSocorro) VALUES (12);
INSERT INTO ProcessoSocorro(numProcessoSocorro) VALUES (13);
INSERT INTO ProcessoSocorro(numProcessoSocorro) VALUES (14);
INSERT INTO ProcessoSocorro(numProcessoSocorro) VALUES (15);
INSERT INTO ProcessoSocorro(numProcessoSocorro) VALUES (16);
INSERT INTO ProcessoSocorro(numProcessoSocorro) VALUES (17);
INSERT INTO ProcessoSocorro(numProcessoSocorro) VALUES (18);
INSERT INTO ProcessoSocorro(numProcessoSocorro) VALUES (19);
INSERT INTO ProcessoSocorro(numProcessoSocorro) VALUES (20);
INSERT INTO ProcessoSocorro(numProcessoSocorro) VALUES (21);
INSERT INTO ProcessoSocorro(numProcessoSocorro) VALUES (22);
INSERT INTO ProcessoSocorro(numProcessoSocorro) VALUES (23);
INSERT INTO ProcessoSocorro(numProcessoSocorro) VALUES (24);
INSERT INTO ProcessoSocorro(numProcessoSocorro) VALUES (25);
INSERT INTO ProcessoSocorro(numProcessoSocorro) VALUES (26);
INSERT INTO ProcessoSocorro(numProcessoSocorro) VALUES (27);
INSERT INTO ProcessoSocorro(numProcessoSocorro) VALUES (28);
INSERT INTO ProcessoSocorro(numProcessoSocorro) VALUES (29);
INSERT INTO ProcessoSocorro(numProcessoSocorro) VALUES (30);
INSERT INTO ProcessoSocorro(numProcessoSocorro) VALUES (31);
INSERT INTO ProcessoSocorro(numProcessoSocorro) VALUES (32);
INSERT INTO ProcessoSocorro(numProcessoSocorro) VALUES (33);
INSERT INTO ProcessoSocorro(numProcessoSocorro) VALUES (34);
INSERT INTO ProcessoSocorro(numProcessoSocorro) VALUES (35);
INSERT INTO ProcessoSocorro(numProcessoSocorro) VALUES (36);
INSERT INTO ProcessoSocorro(numProcessoSocorro) VALUES (37);
INSERT INTO ProcessoSocorro(numProcessoSocorro) VALUES (38);
INSERT INTO ProcessoSocorro(numProcessoSocorro) VALUES (39);
INSERT INTO ProcessoSocorro(numProcessoSocorro) VALUES (40);
INSERT INTO ProcessoSocorro(numProcessoSocorro) VALUES (41);
INSERT INTO ProcessoSocorro(numProcessoSocorro) VALUES (42);
INSERT INTO ProcessoSocorro(numProcessoSocorro) VALUES (43);
INSERT INTO ProcessoSocorro(numProcessoSocorro) VALUES (44);
INSERT INTO ProcessoSocorro(numProcessoSocorro) VALUES (45);
INSERT INTO ProcessoSocorro(numProcessoSocorro) VALUES (46);
INSERT INTO ProcessoSocorro(numProcessoSocorro) VALUES (47);
INSERT INTO ProcessoSocorro(numProcessoSocorro) VALUES (48);
INSERT INTO ProcessoSocorro(numProcessoSocorro) VALUES (49);
INSERT INTO ProcessoSocorro(numProcessoSocorro) VALUES (50);
INSERT INTO ProcessoSocorro(numProcessoSocorro) VALUES (51);
INSERT INTO ProcessoSocorro(numProcessoSocorro) VALUES (52);
INSERT INTO ProcessoSocorro(numProcessoSocorro) VALUES (53);
INSERT INTO ProcessoSocorro(numProcessoSocorro) VALUES (54);
INSERT INTO ProcessoSocorro(numProcessoSocorro) VALUES (55);
INSERT INTO ProcessoSocorro(numProcessoSocorro) VALUES (56);
INSERT INTO ProcessoSocorro(numProcessoSocorro) VALUES (57);
INSERT INTO ProcessoSocorro(numProcessoSocorro) VALUES (58);
INSERT INTO ProcessoSocorro(numProcessoSocorro) VALUES (59);
INSERT INTO ProcessoSocorro(numProcessoSocorro) VALUES (60);
INSERT INTO ProcessoSocorro(numProcessoSocorro) VALUES (61);
INSERT INTO ProcessoSocorro(numProcessoSocorro) VALUES (62);
INSERT INTO ProcessoSocorro(numProcessoSocorro) VALUES (63);
INSERT INTO ProcessoSocorro(numProcessoSocorro) VALUES (64);
INSERT INTO ProcessoSocorro(numProcessoSocorro) VALUES (65);
INSERT INTO ProcessoSocorro(numProcessoSocorro) VALUES (66);
INSERT INTO ProcessoSocorro(numProcessoSocorro) VALUES (67);
INSERT INTO ProcessoSocorro(numProcessoSocorro) VALUES (68);
INSERT INTO ProcessoSocorro(numProcessoSocorro) VALUES (69);
INSERT INTO ProcessoSocorro(numProcessoSocorro) VALUES (70);
INSERT INTO ProcessoSocorro(numProcessoSocorro) VALUES (71);
INSERT INTO ProcessoSocorro(numProcessoSocorro) VALUES (72);
INSERT INTO ProcessoSocorro(numProcessoSocorro) VALUES (73);
INSERT INTO ProcessoSocorro(numProcessoSocorro) VALUES (74);
INSERT INTO ProcessoSocorro(numProcessoSocorro) VALUES (75);
INSERT INTO ProcessoSocorro(numProcessoSocorro) VALUES (76);
INSERT INTO ProcessoSocorro(numProcessoSocorro) VALUES (77);
INSERT INTO ProcessoSocorro(numProcessoSocorro) VALUES (78);
INSERT INTO ProcessoSocorro(numProcessoSocorro) VALUES (79);
INSERT INTO ProcessoSocorro(numProcessoSocorro) VALUES (80);
INSERT INTO ProcessoSocorro(numProcessoSocorro) VALUES (81);
INSERT INTO ProcessoSocorro(numProcessoSocorro) VALUES (82);
INSERT INTO ProcessoSocorro(numProcessoSocorro) VALUES (83);
INSERT INTO ProcessoSocorro(numProcessoSocorro) VALUES (84);
INSERT INTO ProcessoSocorro(numProcessoSocorro) VALUES (85);
INSERT INTO ProcessoSocorro(numProcessoSocorro) VALUES (86);
INSERT INTO ProcessoSocorro(numProcessoSocorro) VALUES (87);
INSERT INTO ProcessoSocorro(numProcessoSocorro) VALUES (88);
INSERT INTO ProcessoSocorro(numProcessoSocorro) VALUES (89);
INSERT INTO ProcessoSocorro(numProcessoSocorro) VALUES (90);
INSERT INTO ProcessoSocorro(numProcessoSocorro) VALUES (91);
INSERT INTO ProcessoSocorro(numProcessoSocorro) VALUES (92);
INSERT INTO ProcessoSocorro(numProcessoSocorro) VALUES (93);
INSERT INTO ProcessoSocorro(numProcessoSocorro) VALUES (94);
INSERT INTO ProcessoSocorro(numProcessoSocorro) VALUES (95);
INSERT INTO ProcessoSocorro(numProcessoSocorro) VALUES (96);
INSERT INTO ProcessoSocorro(numProcessoSocorro) VALUES (97);
INSERT INTO ProcessoSocorro(numProcessoSocorro) VALUES (98);
INSERT INTO ProcessoSocorro(numProcessoSocorro) VALUES (99);
INSERT INTO ProcessoSocorro(numProcessoSocorro) VALUES (100);

INSERT INTO Local(moradaLocal) VALUES ('Local1');
INSERT INTO Local(moradaLocal) VALUES ('Local2');
INSERT INTO Local(moradaLocal) VALUES ('Local3');
INSERT INTO Local(moradaLocal) VALUES ('Local4');
INSERT INTO Local(moradaLocal) VALUES ('Local5');
INSERT INTO Local(moradaLocal) VALUES ('Local6');
INSERT INTO Local(moradaLocal) VALUES ('Local7');
INSERT INTO Local(moradaLocal) VALUES ('Local8');
INSERT INTO Local(moradaLocal) VALUES ('Local9');
INSERT INTO Local(moradaLocal) VALUES ('Local10');
INSERT INTO Local(moradaLocal) VALUES ('Local11');
INSERT INTO Local(moradaLocal) VALUES ('Local12');
INSERT INTO Local(moradaLocal) VALUES ('Local13');
INSERT INTO Local(moradaLocal) VALUES ('Local14');
INSERT INTO Local(moradaLocal) VALUES ('Local15');
INSERT INTO Local(moradaLocal) VALUES ('Local16');
INSERT INTO Local(moradaLocal) VALUES ('Local17');
INSERT INTO Local(moradaLocal) VALUES ('Local18');
INSERT INTO Local(moradaLocal) VALUES ('Local19');
INSERT INTO Local(moradaLocal) VALUES ('Local20');
INSERT INTO Local(moradaLocal) VALUES ('Local21');
INSERT INTO Local(moradaLocal) VALUES ('Local22');
INSERT INTO Local(moradaLocal) VALUES ('Local23');
INSERT INTO Local(moradaLocal) VALUES ('Local24');
INSERT INTO Local(moradaLocal) VALUES ('Local25');
INSERT INTO Local(moradaLocal) VALUES ('Local26');
INSERT INTO Local(moradaLocal) VALUES ('Local27');
INSERT INTO Local(moradaLocal) VALUES ('Local28');
INSERT INTO Local(moradaLocal) VALUES ('Local29');
INSERT INTO Local(moradaLocal) VALUES ('Local30');
INSERT INTO Local(moradaLocal) VALUES ('Local31');
INSERT INTO Local(moradaLocal) VALUES ('Local32');
INSERT INTO Local(moradaLocal) VALUES ('Local33');
INSERT INTO Local(moradaLocal) VALUES ('Local34');
INSERT INTO Local(moradaLocal) VALUES ('Local35');
INSERT INTO Local(moradaLocal) VALUES ('Local36');
INSERT INTO Local(moradaLocal) VALUES ('Local37');
INSERT INTO Local(moradaLocal) VALUES ('Local38');
INSERT INTO Local(moradaLocal) VALUES ('Local39');
INSERT INTO Local(moradaLocal) VALUES ('Local40');
INSERT INTO Local(moradaLocal) VALUES ('Local41');
INSERT INTO Local(moradaLocal) VALUES ('Local42');
INSERT INTO Local(moradaLocal) VALUES ('Local43');
INSERT INTO Local(moradaLocal) VALUES ('Local44');
INSERT INTO Local(moradaLocal) VALUES ('Local45');
INSERT INTO Local(moradaLocal) VALUES ('Local46');
INSERT INTO Local(moradaLocal) VALUES ('Local47');
INSERT INTO Local(moradaLocal) VALUES ('Local48');
INSERT INTO Local(moradaLocal) VALUES ('Local49');
INSERT INTO Local(moradaLocal) VALUES ('Local50');
INSERT INTO Local(moradaLocal) VALUES ('Local51');
INSERT INTO Local(moradaLocal) VALUES ('Local52');
INSERT INTO Local(moradaLocal) VALUES ('Local53');
INSERT INTO Local(moradaLocal) VALUES ('Local54');
INSERT INTO Local(moradaLocal) VALUES ('Local55');
INSERT INTO Local(moradaLocal) VALUES ('Local56');
INSERT INTO Local(moradaLocal) VALUES ('Local57');
INSERT INTO Local(moradaLocal) VALUES ('Local58');
INSERT INTO Local(moradaLocal) VALUES ('Local59');
INSERT INTO Local(moradaLocal) VALUES ('Local60');
INSERT INTO Local(moradaLocal) VALUES ('Local61');
INSERT INTO Local(moradaLocal) VALUES ('Local62');
INSERT INTO Local(moradaLocal) VALUES ('Local63');
INSERT INTO Local(moradaLocal) VALUES ('Local64');
INSERT INTO Local(moradaLocal) VALUES ('Local65');
INSERT INTO Local(moradaLocal) VALUES ('Local66');
INSERT INTO Local(moradaLocal) VALUES ('Local67');
INSERT INTO Local(moradaLocal) VALUES ('Local68');
INSERT INTO Local(moradaLocal) VALUES ('Local69');
INSERT INTO Local(moradaLocal) VALUES ('Local70');
INSERT INTO Local(moradaLocal) VALUES ('Local71');
INSERT INTO Local(moradaLocal) VALUES ('Local72');
INSERT INTO Local(moradaLocal) VALUES ('Local73');
INSERT INTO Local(moradaLocal) VALUES ('Local74');
INSERT INTO Local(moradaLocal) VALUES ('Local75');
INSERT INTO Local(moradaLocal) VALUES ('Local76');
INSERT INTO Local(moradaLocal) VALUES ('Local77');
INSERT INTO Local(moradaLocal) VALUES ('Local78');
INSERT INTO Local(moradaLocal) VALUES ('Local79');
INSERT INTO Local(moradaLocal) VALUES ('Local80');
INSERT INTO Local(moradaLocal) VALUES ('Local81');
INSERT INTO Local(moradaLocal) VALUES ('Local82');
INSERT INTO Local(moradaLocal) VALUES ('Local83');
INSERT INTO Local(moradaLocal) VALUES ('Local84');
INSERT INTO Local(moradaLocal) VALUES ('Local85');
INSERT INTO Local(moradaLocal) VALUES ('Local86');
INSERT INTO Local(moradaLocal) VALUES ('Local87');
INSERT INTO Local(moradaLocal) VALUES ('Local88');
INSERT INTO Local(moradaLocal) VALUES ('Local89');
INSERT INTO Local(moradaLocal) VALUES ('Local90');
INSERT INTO Local(moradaLocal) VALUES ('Local91');
INSERT INTO Local(moradaLocal) VALUES ('Local92');
INSERT INTO Local(moradaLocal) VALUES ('Local93');
INSERT INTO Local(moradaLocal) VALUES ('Local94');
INSERT INTO Local(moradaLocal) VALUES ('Local95');
INSERT INTO Local(moradaLocal) VALUES ('Local96');
INSERT INTO Local(moradaLocal) VALUES ('Local97');
INSERT INTO Local(moradaLocal) VALUES ('Local98');
INSERT INTO Local(moradaLocal) VALUES ('Local99');
INSERT INTO Local(moradaLocal) VALUES ('Local100');
INSERT INTO EventoEmergencia(numTelefone, instanteChamada, nomePessoa, moradaLocal, numProcessoSocorro) VALUES (900000001, '2015-03-28 20:20:20', 'Pessoa1', 'Local1', 1);
INSERT INTO EventoEmergencia(numTelefone, instanteChamada, nomePessoa, moradaLocal, numProcessoSocorro) VALUES (900000002, '2015-03-28 20:20:20', 'Pessoa2', 'Local2', 2);
INSERT INTO EventoEmergencia(numTelefone, instanteChamada, nomePessoa, moradaLocal, numProcessoSocorro) VALUES (900000003, '2015-03-28 20:20:20', 'Pessoa3', 'Local3', 3);
INSERT INTO EventoEmergencia(numTelefone, instanteChamada, nomePessoa, moradaLocal, numProcessoSocorro) VALUES (900000004, '2015-03-28 20:20:20', 'Pessoa4', 'Local4', 4);
INSERT INTO EventoEmergencia(numTelefone, instanteChamada, nomePessoa, moradaLocal, numProcessoSocorro) VALUES (900000005, '2015-03-28 20:20:20', 'Pessoa5', 'Local5', 5);
INSERT INTO EventoEmergencia(numTelefone, instanteChamada, nomePessoa, moradaLocal, numProcessoSocorro) VALUES (900000006, '2015-03-28 20:20:20', 'Pessoa6', 'Local6', 6);
INSERT INTO EventoEmergencia(numTelefone, instanteChamada, nomePessoa, moradaLocal, numProcessoSocorro) VALUES (900000007, '2015-03-28 20:20:20', 'Pessoa7', 'Local7', 7);
INSERT INTO EventoEmergencia(numTelefone, instanteChamada, nomePessoa, moradaLocal, numProcessoSocorro) VALUES (900000008, '2015-03-28 20:20:20', 'Pessoa8', 'Local8', 8);
INSERT INTO EventoEmergencia(numTelefone, instanteChamada, nomePessoa, moradaLocal, numProcessoSocorro) VALUES (900000009, '2015-03-28 20:20:20', 'Pessoa9', 'Local9', 9);
INSERT INTO EventoEmergencia(numTelefone, instanteChamada, nomePessoa, moradaLocal, numProcessoSocorro) VALUES (900000010, '2015-03-28 20:20:20', 'Pessoa10', 'Local10', 10);
INSERT INTO EventoEmergencia(numTelefone, instanteChamada, nomePessoa, moradaLocal, numProcessoSocorro) VALUES (900000011, '2015-03-28 20:20:20', 'Pessoa11', 'Local11', 11);
INSERT INTO EventoEmergencia(numTelefone, instanteChamada, nomePessoa, moradaLocal, numProcessoSocorro) VALUES (900000012, '2015-03-28 20:20:20', 'Pessoa12', 'Local12', 12);
INSERT INTO EventoEmergencia(numTelefone, instanteChamada, nomePessoa, moradaLocal, numProcessoSocorro) VALUES (900000013, '2015-03-28 20:20:20', 'Pessoa13', 'Local13', 13);
INSERT INTO EventoEmergencia(numTelefone, instanteChamada, nomePessoa, moradaLocal, numProcessoSocorro) VALUES (900000014, '2015-03-28 20:20:20', 'Pessoa14', 'Local14', 14);
INSERT INTO EventoEmergencia(numTelefone, instanteChamada, nomePessoa, moradaLocal, numProcessoSocorro) VALUES (900000015, '2015-03-28 20:20:20', 'Pessoa15', 'Local15', 15);
INSERT INTO EventoEmergencia(numTelefone, instanteChamada, nomePessoa, moradaLocal, numProcessoSocorro) VALUES (900000016, '2015-03-28 20:20:20', 'Pessoa16', 'Local16', 16);
INSERT INTO EventoEmergencia(numTelefone, instanteChamada, nomePessoa, moradaLocal, numProcessoSocorro) VALUES (900000017, '2015-03-28 20:20:20', 'Pessoa17', 'Local17', 17);
INSERT INTO EventoEmergencia(numTelefone, instanteChamada, nomePessoa, moradaLocal, numProcessoSocorro) VALUES (900000018, '2015-03-28 20:20:20', 'Pessoa18', 'Local18', 18);
INSERT INTO EventoEmergencia(numTelefone, instanteChamada, nomePessoa, moradaLocal, numProcessoSocorro) VALUES (900000019, '2015-03-28 20:20:20', 'Pessoa19', 'Local19', 19);
INSERT INTO EventoEmergencia(numTelefone, instanteChamada, nomePessoa, moradaLocal, numProcessoSocorro) VALUES (900000020, '2015-03-28 20:20:20', 'Pessoa20', 'Local20', 20);
INSERT INTO EventoEmergencia(numTelefone, instanteChamada, nomePessoa, moradaLocal, numProcessoSocorro) VALUES (900000021, '2015-03-28 20:20:20', 'Pessoa21', 'Local21', 21);
INSERT INTO EventoEmergencia(numTelefone, instanteChamada, nomePessoa, moradaLocal, numProcessoSocorro) VALUES (900000022, '2015-03-28 20:20:20', 'Pessoa22', 'Local22', 22);
INSERT INTO EventoEmergencia(numTelefone, instanteChamada, nomePessoa, moradaLocal, numProcessoSocorro) VALUES (900000023, '2015-03-28 20:20:20', 'Pessoa23', 'Local23', 23);
INSERT INTO EventoEmergencia(numTelefone, instanteChamada, nomePessoa, moradaLocal, numProcessoSocorro) VALUES (900000024, '2015-03-28 20:20:20', 'Pessoa24', 'Local24', 24);
INSERT INTO EventoEmergencia(numTelefone, instanteChamada, nomePessoa, moradaLocal, numProcessoSocorro) VALUES (900000025, '2015-03-28 20:20:20', 'Pessoa25', 'Local25', 25);
INSERT INTO EventoEmergencia(numTelefone, instanteChamada, nomePessoa, moradaLocal, numProcessoSocorro) VALUES (900000026, '2015-03-28 20:20:20', 'Pessoa26', 'Local26', 26);
INSERT INTO EventoEmergencia(numTelefone, instanteChamada, nomePessoa, moradaLocal, numProcessoSocorro) VALUES (900000027, '2015-03-28 20:20:20', 'Pessoa27', 'Local27', 27);
INSERT INTO EventoEmergencia(numTelefone, instanteChamada, nomePessoa, moradaLocal, numProcessoSocorro) VALUES (900000028, '2015-03-28 20:20:20', 'Pessoa28', 'Local28', 28);
INSERT INTO EventoEmergencia(numTelefone, instanteChamada, nomePessoa, moradaLocal, numProcessoSocorro) VALUES (900000029, '2015-03-28 20:20:20', 'Pessoa29', 'Local29', 29);
INSERT INTO EventoEmergencia(numTelefone, instanteChamada, nomePessoa, moradaLocal, numProcessoSocorro) VALUES (900000030, '2015-03-28 20:20:20', 'Pessoa30', 'Local30', 30);
INSERT INTO EventoEmergencia(numTelefone, instanteChamada, nomePessoa, moradaLocal, numProcessoSocorro) VALUES (900000031, '2015-03-28 20:20:20', 'Pessoa31', 'Local31', 31);
INSERT INTO EventoEmergencia(numTelefone, instanteChamada, nomePessoa, moradaLocal, numProcessoSocorro) VALUES (900000032, '2015-03-28 20:20:20', 'Pessoa32', 'Local32', 32);
INSERT INTO EventoEmergencia(numTelefone, instanteChamada, nomePessoa, moradaLocal, numProcessoSocorro) VALUES (900000033, '2015-03-28 20:20:20', 'Pessoa33', 'Local33', 33);
INSERT INTO EventoEmergencia(numTelefone, instanteChamada, nomePessoa, moradaLocal, numProcessoSocorro) VALUES (900000034, '2015-03-28 20:20:20', 'Pessoa34', 'Local34', 34);
INSERT INTO EventoEmergencia(numTelefone, instanteChamada, nomePessoa, moradaLocal, numProcessoSocorro) VALUES (900000035, '2015-03-28 20:20:20', 'Pessoa35', 'Local35', 35);
INSERT INTO EventoEmergencia(numTelefone, instanteChamada, nomePessoa, moradaLocal, numProcessoSocorro) VALUES (900000036, '2015-03-28 20:20:20', 'Pessoa36', 'Local36', 36);
INSERT INTO EventoEmergencia(numTelefone, instanteChamada, nomePessoa, moradaLocal, numProcessoSocorro) VALUES (900000037, '2015-03-28 20:20:20', 'Pessoa37', 'Local37', 37);
INSERT INTO EventoEmergencia(numTelefone, instanteChamada, nomePessoa, moradaLocal, numProcessoSocorro) VALUES (900000038, '2015-03-28 20:20:20', 'Pessoa38', 'Local38', 38);
INSERT INTO EventoEmergencia(numTelefone, instanteChamada, nomePessoa, moradaLocal, numProcessoSocorro) VALUES (900000039, '2015-03-28 20:20:20', 'Pessoa39', 'Local39', 39);
INSERT INTO EventoEmergencia(numTelefone, instanteChamada, nomePessoa, moradaLocal, numProcessoSocorro) VALUES (900000040, '2015-03-28 20:20:20', 'Pessoa40', 'Local40', 40);
INSERT INTO EventoEmergencia(numTelefone, instanteChamada, nomePessoa, moradaLocal, numProcessoSocorro) VALUES (900000041, '2015-03-28 20:20:20', 'Pessoa41', 'Local41', 41);
INSERT INTO EventoEmergencia(numTelefone, instanteChamada, nomePessoa, moradaLocal, numProcessoSocorro) VALUES (900000042, '2015-03-28 20:20:20', 'Pessoa42', 'Local42', 42);
INSERT INTO EventoEmergencia(numTelefone, instanteChamada, nomePessoa, moradaLocal, numProcessoSocorro) VALUES (900000043, '2015-03-28 20:20:20', 'Pessoa43', 'Local43', 43);
INSERT INTO EventoEmergencia(numTelefone, instanteChamada, nomePessoa, moradaLocal, numProcessoSocorro) VALUES (900000044, '2015-03-28 20:20:20', 'Pessoa44', 'Local44', 44);
INSERT INTO EventoEmergencia(numTelefone, instanteChamada, nomePessoa, moradaLocal, numProcessoSocorro) VALUES (900000045, '2015-03-28 20:20:20', 'Pessoa45', 'Local45', 45);
INSERT INTO EventoEmergencia(numTelefone, instanteChamada, nomePessoa, moradaLocal, numProcessoSocorro) VALUES (900000046, '2015-03-28 20:20:20', 'Pessoa46', 'Local46', 46);
INSERT INTO EventoEmergencia(numTelefone, instanteChamada, nomePessoa, moradaLocal, numProcessoSocorro) VALUES (900000047, '2015-03-28 20:20:20', 'Pessoa47', 'Local47', 47);
INSERT INTO EventoEmergencia(numTelefone, instanteChamada, nomePessoa, moradaLocal, numProcessoSocorro) VALUES (900000048, '2015-03-28 20:20:20', 'Pessoa48', 'Local48', 48);
INSERT INTO EventoEmergencia(numTelefone, instanteChamada, nomePessoa, moradaLocal, numProcessoSocorro) VALUES (900000049, '2015-03-28 20:20:20', 'Pessoa49', 'Local49', 49);
INSERT INTO EventoEmergencia(numTelefone, instanteChamada, nomePessoa, moradaLocal, numProcessoSocorro) VALUES (900000050, '2015-03-28 20:20:20', 'Pessoa50', 'Local50', 50);
INSERT INTO EventoEmergencia(numTelefone, instanteChamada, nomePessoa, moradaLocal, numProcessoSocorro) VALUES (900000051, '2015-03-28 20:20:20', 'Pessoa51', 'Local51', 51);
INSERT INTO EventoEmergencia(numTelefone, instanteChamada, nomePessoa, moradaLocal, numProcessoSocorro) VALUES (900000052, '2015-03-28 20:20:20', 'Pessoa52', 'Local52', 52);
INSERT INTO EventoEmergencia(numTelefone, instanteChamada, nomePessoa, moradaLocal, numProcessoSocorro) VALUES (900000053, '2015-03-28 20:20:20', 'Pessoa53', 'Local53', 53);
INSERT INTO EventoEmergencia(numTelefone, instanteChamada, nomePessoa, moradaLocal, numProcessoSocorro) VALUES (900000054, '2015-03-28 20:20:20', 'Pessoa54', 'Local54', 54);
INSERT INTO EventoEmergencia(numTelefone, instanteChamada, nomePessoa, moradaLocal, numProcessoSocorro) VALUES (900000055, '2015-03-28 20:20:20', 'Pessoa55', 'Local55', 55);
INSERT INTO EventoEmergencia(numTelefone, instanteChamada, nomePessoa, moradaLocal, numProcessoSocorro) VALUES (900000056, '2015-03-28 20:20:20', 'Pessoa56', 'Local56', 56);
INSERT INTO EventoEmergencia(numTelefone, instanteChamada, nomePessoa, moradaLocal, numProcessoSocorro) VALUES (900000057, '2015-03-28 20:20:20', 'Pessoa57', 'Local57', 57);
INSERT INTO EventoEmergencia(numTelefone, instanteChamada, nomePessoa, moradaLocal, numProcessoSocorro) VALUES (900000058, '2015-03-28 20:20:20', 'Pessoa58', 'Local58', 58);
INSERT INTO EventoEmergencia(numTelefone, instanteChamada, nomePessoa, moradaLocal, numProcessoSocorro) VALUES (900000059, '2015-03-28 20:20:20', 'Pessoa59', 'Local59', 59);
INSERT INTO EventoEmergencia(numTelefone, instanteChamada, nomePessoa, moradaLocal, numProcessoSocorro) VALUES (900000060, '2015-03-28 20:20:20', 'Pessoa60', 'Local60', 60);
INSERT INTO EventoEmergencia(numTelefone, instanteChamada, nomePessoa, moradaLocal, numProcessoSocorro) VALUES (900000061, '2015-03-28 20:20:20', 'Pessoa61', 'Local61', 61);
INSERT INTO EventoEmergencia(numTelefone, instanteChamada, nomePessoa, moradaLocal, numProcessoSocorro) VALUES (900000062, '2015-03-28 20:20:20', 'Pessoa62', 'Local62', 62);
INSERT INTO EventoEmergencia(numTelefone, instanteChamada, nomePessoa, moradaLocal, numProcessoSocorro) VALUES (900000063, '2015-03-28 20:20:20', 'Pessoa63', 'Local63', 63);
INSERT INTO EventoEmergencia(numTelefone, instanteChamada, nomePessoa, moradaLocal, numProcessoSocorro) VALUES (900000064, '2015-03-28 20:20:20', 'Pessoa64', 'Local64', 64);
INSERT INTO EventoEmergencia(numTelefone, instanteChamada, nomePessoa, moradaLocal, numProcessoSocorro) VALUES (900000065, '2015-03-28 20:20:20', 'Pessoa65', 'Local65', 65);
INSERT INTO EventoEmergencia(numTelefone, instanteChamada, nomePessoa, moradaLocal, numProcessoSocorro) VALUES (900000066, '2015-03-28 20:20:20', 'Pessoa66', 'Local66', 66);
INSERT INTO EventoEmergencia(numTelefone, instanteChamada, nomePessoa, moradaLocal, numProcessoSocorro) VALUES (900000067, '2015-03-28 20:20:20', 'Pessoa67', 'Local67', 67);
INSERT INTO EventoEmergencia(numTelefone, instanteChamada, nomePessoa, moradaLocal, numProcessoSocorro) VALUES (900000068, '2015-03-28 20:20:20', 'Pessoa68', 'Local68', 68);
INSERT INTO EventoEmergencia(numTelefone, instanteChamada, nomePessoa, moradaLocal, numProcessoSocorro) VALUES (900000069, '2015-03-28 20:20:20', 'Pessoa69', 'Local69', 69);
INSERT INTO EventoEmergencia(numTelefone, instanteChamada, nomePessoa, moradaLocal, numProcessoSocorro) VALUES (900000070, '2015-03-28 20:20:20', 'Pessoa70', 'Local70', 70);
INSERT INTO EventoEmergencia(numTelefone, instanteChamada, nomePessoa, moradaLocal, numProcessoSocorro) VALUES (900000071, '2015-03-28 20:20:20', 'Pessoa71', 'Local71', 71);
INSERT INTO EventoEmergencia(numTelefone, instanteChamada, nomePessoa, moradaLocal, numProcessoSocorro) VALUES (900000072, '2015-03-28 20:20:20', 'Pessoa72', 'Local72', 72);
INSERT INTO EventoEmergencia(numTelefone, instanteChamada, nomePessoa, moradaLocal, numProcessoSocorro) VALUES (900000073, '2015-03-28 20:20:20', 'Pessoa73', 'Local73', 73);
INSERT INTO EventoEmergencia(numTelefone, instanteChamada, nomePessoa, moradaLocal, numProcessoSocorro) VALUES (900000074, '2015-03-28 20:20:20', 'Pessoa74', 'Local74', 74);
INSERT INTO EventoEmergencia(numTelefone, instanteChamada, nomePessoa, moradaLocal, numProcessoSocorro) VALUES (900000075, '2015-03-28 20:20:20', 'Pessoa75', 'Local75', 75);
INSERT INTO EventoEmergencia(numTelefone, instanteChamada, nomePessoa, moradaLocal, numProcessoSocorro) VALUES (900000076, '2015-03-28 20:20:20', 'Pessoa76', 'Local76', 76);
INSERT INTO EventoEmergencia(numTelefone, instanteChamada, nomePessoa, moradaLocal, numProcessoSocorro) VALUES (900000077, '2015-03-28 20:20:20', 'Pessoa77', 'Local77', 77);
INSERT INTO EventoEmergencia(numTelefone, instanteChamada, nomePessoa, moradaLocal, numProcessoSocorro) VALUES (900000078, '2015-03-28 20:20:20', 'Pessoa78', 'Local78', 78);
INSERT INTO EventoEmergencia(numTelefone, instanteChamada, nomePessoa, moradaLocal, numProcessoSocorro) VALUES (900000079, '2015-03-28 20:20:20', 'Pessoa79', 'Local79', 79);
INSERT INTO EventoEmergencia(numTelefone, instanteChamada, nomePessoa, moradaLocal, numProcessoSocorro) VALUES (900000080, '2015-03-28 20:20:20', 'Pessoa80', 'Local80', 80);
INSERT INTO EventoEmergencia(numTelefone, instanteChamada, nomePessoa, moradaLocal, numProcessoSocorro) VALUES (900000081, '2015-03-28 20:20:20', 'Pessoa81', 'Local81', 81);
INSERT INTO EventoEmergencia(numTelefone, instanteChamada, nomePessoa, moradaLocal, numProcessoSocorro) VALUES (900000082, '2015-03-28 20:20:20', 'Pessoa82', 'Local82', 82);
INSERT INTO EventoEmergencia(numTelefone, instanteChamada, nomePessoa, moradaLocal, numProcessoSocorro) VALUES (900000083, '2015-03-28 20:20:20', 'Pessoa83', 'Local83', 83);
INSERT INTO EventoEmergencia(numTelefone, instanteChamada, nomePessoa, moradaLocal, numProcessoSocorro) VALUES (900000084, '2015-03-28 20:20:20', 'Pessoa84', 'Local84', 84);
INSERT INTO EventoEmergencia(numTelefone, instanteChamada, nomePessoa, moradaLocal, numProcessoSocorro) VALUES (900000085, '2015-03-28 20:20:20', 'Pessoa85', 'Local85', 85);
INSERT INTO EventoEmergencia(numTelefone, instanteChamada, nomePessoa, moradaLocal, numProcessoSocorro) VALUES (900000086, '2015-03-28 20:20:20', 'Pessoa86', 'Local86', 86);
INSERT INTO EventoEmergencia(numTelefone, instanteChamada, nomePessoa, moradaLocal, numProcessoSocorro) VALUES (900000087, '2015-03-28 20:20:20', 'Pessoa87', 'Local87', 87);
INSERT INTO EventoEmergencia(numTelefone, instanteChamada, nomePessoa, moradaLocal, numProcessoSocorro) VALUES (900000088, '2015-03-28 20:20:20', 'Pessoa88', 'Local88', 88);
INSERT INTO EventoEmergencia(numTelefone, instanteChamada, nomePessoa, moradaLocal, numProcessoSocorro) VALUES (900000089, '2015-03-28 20:20:20', 'Pessoa89', 'Local89', 89);
INSERT INTO EventoEmergencia(numTelefone, instanteChamada, nomePessoa, moradaLocal, numProcessoSocorro) VALUES (900000090, '2015-03-28 20:20:20', 'Pessoa90', 'Local90', 90);
INSERT INTO EventoEmergencia(numTelefone, instanteChamada, nomePessoa, moradaLocal, numProcessoSocorro) VALUES (900000091, '2015-03-28 20:20:20', 'Pessoa91', 'Local91', 91);
INSERT INTO EventoEmergencia(numTelefone, instanteChamada, nomePessoa, moradaLocal, numProcessoSocorro) VALUES (900000092, '2015-03-28 20:20:20', 'Pessoa92', 'Local92', 92);
INSERT INTO EventoEmergencia(numTelefone, instanteChamada, nomePessoa, moradaLocal, numProcessoSocorro) VALUES (900000093, '2015-03-28 20:20:20', 'Pessoa93', 'Local93', 93);
INSERT INTO EventoEmergencia(numTelefone, instanteChamada, nomePessoa, moradaLocal, numProcessoSocorro) VALUES (900000094, '2015-03-28 20:20:20', 'Pessoa94', 'Local94', 94);
INSERT INTO EventoEmergencia(numTelefone, instanteChamada, nomePessoa, moradaLocal, numProcessoSocorro) VALUES (900000095, '2015-03-28 20:20:20', 'Pessoa95', 'Local95', 95);
INSERT INTO EventoEmergencia(numTelefone, instanteChamada, nomePessoa, moradaLocal, numProcessoSocorro) VALUES (900000096, '2015-03-28 20:20:20', 'Pessoa96', 'Local96', 96);
INSERT INTO EventoEmergencia(numTelefone, instanteChamada, nomePessoa, moradaLocal, numProcessoSocorro) VALUES (900000097, '2015-03-28 20:20:20', 'Pessoa97', 'Local97', 97);
INSERT INTO EventoEmergencia(numTelefone, instanteChamada, nomePessoa, moradaLocal, numProcessoSocorro) VALUES (900000098, '2015-03-28 20:20:20', 'Pessoa98', 'Local98', 98);
INSERT INTO EventoEmergencia(numTelefone, instanteChamada, nomePessoa, moradaLocal, numProcessoSocorro) VALUES (900000099, '2015-03-28 20:20:20', 'Pessoa99', 'Local99', 99);
INSERT INTO EventoEmergencia(numTelefone, instanteChamada, nomePessoa, moradaLocal, numProcessoSocorro) VALUES (900000100, '2015-03-28 20:20:20', 'Pessoa100', 'Local100', 100);
INSERT INTO EntidadeMeio(nomeEntidade) VALUES ('Entidade1');
INSERT INTO EntidadeMeio(nomeEntidade) VALUES ('Entidade2');
INSERT INTO EntidadeMeio(nomeEntidade) VALUES ('Entidade3');
INSERT INTO EntidadeMeio(nomeEntidade) VALUES ('Entidade4');
INSERT INTO EntidadeMeio(nomeEntidade) VALUES ('Entidade5');
INSERT INTO EntidadeMeio(nomeEntidade) VALUES ('Entidade6');
INSERT INTO EntidadeMeio(nomeEntidade) VALUES ('Entidade7');
INSERT INTO EntidadeMeio(nomeEntidade) VALUES ('Entidade8');
INSERT INTO EntidadeMeio(nomeEntidade) VALUES ('Entidade9');
INSERT INTO EntidadeMeio(nomeEntidade) VALUES ('Entidade10');
INSERT INTO EntidadeMeio(nomeEntidade) VALUES ('Entidade11');
INSERT INTO EntidadeMeio(nomeEntidade) VALUES ('Entidade12');
INSERT INTO EntidadeMeio(nomeEntidade) VALUES ('Entidade13');
INSERT INTO EntidadeMeio(nomeEntidade) VALUES ('Entidade14');
INSERT INTO EntidadeMeio(nomeEntidade) VALUES ('Entidade15');
INSERT INTO EntidadeMeio(nomeEntidade) VALUES ('Entidade16');
INSERT INTO EntidadeMeio(nomeEntidade) VALUES ('Entidade17');
INSERT INTO EntidadeMeio(nomeEntidade) VALUES ('Entidade18');
INSERT INTO EntidadeMeio(nomeEntidade) VALUES ('Entidade19');
INSERT INTO EntidadeMeio(nomeEntidade) VALUES ('Entidade20');
INSERT INTO EntidadeMeio(nomeEntidade) VALUES ('Entidade21');
INSERT INTO EntidadeMeio(nomeEntidade) VALUES ('Entidade22');
INSERT INTO EntidadeMeio(nomeEntidade) VALUES ('Entidade23');
INSERT INTO EntidadeMeio(nomeEntidade) VALUES ('Entidade24');
INSERT INTO EntidadeMeio(nomeEntidade) VALUES ('Entidade25');
INSERT INTO EntidadeMeio(nomeEntidade) VALUES ('Entidade26');
INSERT INTO EntidadeMeio(nomeEntidade) VALUES ('Entidade27');
INSERT INTO EntidadeMeio(nomeEntidade) VALUES ('Entidade28');
INSERT INTO EntidadeMeio(nomeEntidade) VALUES ('Entidade29');
INSERT INTO EntidadeMeio(nomeEntidade) VALUES ('Entidade30');
INSERT INTO EntidadeMeio(nomeEntidade) VALUES ('Entidade31');
INSERT INTO EntidadeMeio(nomeEntidade) VALUES ('Entidade32');
INSERT INTO EntidadeMeio(nomeEntidade) VALUES ('Entidade33');
INSERT INTO EntidadeMeio(nomeEntidade) VALUES ('Entidade34');
INSERT INTO EntidadeMeio(nomeEntidade) VALUES ('Entidade35');
INSERT INTO EntidadeMeio(nomeEntidade) VALUES ('Entidade36');
INSERT INTO EntidadeMeio(nomeEntidade) VALUES ('Entidade37');
INSERT INTO EntidadeMeio(nomeEntidade) VALUES ('Entidade38');
INSERT INTO EntidadeMeio(nomeEntidade) VALUES ('Entidade39');
INSERT INTO EntidadeMeio(nomeEntidade) VALUES ('Entidade40');
INSERT INTO EntidadeMeio(nomeEntidade) VALUES ('Entidade41');
INSERT INTO EntidadeMeio(nomeEntidade) VALUES ('Entidade42');
INSERT INTO EntidadeMeio(nomeEntidade) VALUES ('Entidade43');
INSERT INTO EntidadeMeio(nomeEntidade) VALUES ('Entidade44');
INSERT INTO EntidadeMeio(nomeEntidade) VALUES ('Entidade45');
INSERT INTO EntidadeMeio(nomeEntidade) VALUES ('Entidade46');
INSERT INTO EntidadeMeio(nomeEntidade) VALUES ('Entidade47');
INSERT INTO EntidadeMeio(nomeEntidade) VALUES ('Entidade48');
INSERT INTO EntidadeMeio(nomeEntidade) VALUES ('Entidade49');
INSERT INTO EntidadeMeio(nomeEntidade) VALUES ('Entidade50');
INSERT INTO EntidadeMeio(nomeEntidade) VALUES ('Entidade51');
INSERT INTO EntidadeMeio(nomeEntidade) VALUES ('Entidade52');
INSERT INTO EntidadeMeio(nomeEntidade) VALUES ('Entidade53');
INSERT INTO EntidadeMeio(nomeEntidade) VALUES ('Entidade54');
INSERT INTO EntidadeMeio(nomeEntidade) VALUES ('Entidade55');
INSERT INTO EntidadeMeio(nomeEntidade) VALUES ('Entidade56');
INSERT INTO EntidadeMeio(nomeEntidade) VALUES ('Entidade57');
INSERT INTO EntidadeMeio(nomeEntidade) VALUES ('Entidade58');
INSERT INTO EntidadeMeio(nomeEntidade) VALUES ('Entidade59');
INSERT INTO EntidadeMeio(nomeEntidade) VALUES ('Entidade60');
INSERT INTO EntidadeMeio(nomeEntidade) VALUES ('Entidade61');
INSERT INTO EntidadeMeio(nomeEntidade) VALUES ('Entidade62');
INSERT INTO EntidadeMeio(nomeEntidade) VALUES ('Entidade63');
INSERT INTO EntidadeMeio(nomeEntidade) VALUES ('Entidade64');
INSERT INTO EntidadeMeio(nomeEntidade) VALUES ('Entidade65');
INSERT INTO EntidadeMeio(nomeEntidade) VALUES ('Entidade66');
INSERT INTO EntidadeMeio(nomeEntidade) VALUES ('Entidade67');
INSERT INTO EntidadeMeio(nomeEntidade) VALUES ('Entidade68');
INSERT INTO EntidadeMeio(nomeEntidade) VALUES ('Entidade69');
INSERT INTO EntidadeMeio(nomeEntidade) VALUES ('Entidade70');
INSERT INTO EntidadeMeio(nomeEntidade) VALUES ('Entidade71');
INSERT INTO EntidadeMeio(nomeEntidade) VALUES ('Entidade72');
INSERT INTO EntidadeMeio(nomeEntidade) VALUES ('Entidade73');
INSERT INTO EntidadeMeio(nomeEntidade) VALUES ('Entidade74');
INSERT INTO EntidadeMeio(nomeEntidade) VALUES ('Entidade75');
INSERT INTO EntidadeMeio(nomeEntidade) VALUES ('Entidade76');
INSERT INTO EntidadeMeio(nomeEntidade) VALUES ('Entidade77');
INSERT INTO EntidadeMeio(nomeEntidade) VALUES ('Entidade78');
INSERT INTO EntidadeMeio(nomeEntidade) VALUES ('Entidade79');
INSERT INTO EntidadeMeio(nomeEntidade) VALUES ('Entidade80');
INSERT INTO EntidadeMeio(nomeEntidade) VALUES ('Entidade81');
INSERT INTO EntidadeMeio(nomeEntidade) VALUES ('Entidade82');
INSERT INTO EntidadeMeio(nomeEntidade) VALUES ('Entidade83');
INSERT INTO EntidadeMeio(nomeEntidade) VALUES ('Entidade84');
INSERT INTO EntidadeMeio(nomeEntidade) VALUES ('Entidade85');
INSERT INTO EntidadeMeio(nomeEntidade) VALUES ('Entidade86');
INSERT INTO EntidadeMeio(nomeEntidade) VALUES ('Entidade87');
INSERT INTO EntidadeMeio(nomeEntidade) VALUES ('Entidade88');
INSERT INTO EntidadeMeio(nomeEntidade) VALUES ('Entidade89');
INSERT INTO EntidadeMeio(nomeEntidade) VALUES ('Entidade90');
INSERT INTO EntidadeMeio(nomeEntidade) VALUES ('Entidade91');
INSERT INTO EntidadeMeio(nomeEntidade) VALUES ('Entidade92');
INSERT INTO EntidadeMeio(nomeEntidade) VALUES ('Entidade93');
INSERT INTO EntidadeMeio(nomeEntidade) VALUES ('Entidade94');
INSERT INTO EntidadeMeio(nomeEntidade) VALUES ('Entidade95');
INSERT INTO EntidadeMeio(nomeEntidade) VALUES ('Entidade96');
INSERT INTO EntidadeMeio(nomeEntidade) VALUES ('Entidade97');
INSERT INTO EntidadeMeio(nomeEntidade) VALUES ('Entidade98');
INSERT INTO EntidadeMeio(nomeEntidade) VALUES ('Entidade99');
INSERT INTO EntidadeMeio(nomeEntidade) VALUES ('Entidade100');
INSERT INTO Meio(numMeio, nomeMeio, nomeEntidade) VALUES (1, 'veiculo1', 'Entidade1');
INSERT INTO Meio(numMeio, nomeMeio, nomeEntidade) VALUES (2, 'veiculo2', 'Entidade2');
INSERT INTO Meio(numMeio, nomeMeio, nomeEntidade) VALUES (3, 'veiculo3', 'Entidade3');
INSERT INTO Meio(numMeio, nomeMeio, nomeEntidade) VALUES (4, 'veiculo4', 'Entidade4');
INSERT INTO Meio(numMeio, nomeMeio, nomeEntidade) VALUES (5, 'veiculo5', 'Entidade5');
INSERT INTO Meio(numMeio, nomeMeio, nomeEntidade) VALUES (6, 'veiculo6', 'Entidade6');
INSERT INTO Meio(numMeio, nomeMeio, nomeEntidade) VALUES (7, 'veiculo7', 'Entidade7');
INSERT INTO Meio(numMeio, nomeMeio, nomeEntidade) VALUES (8, 'veiculo8', 'Entidade8');
INSERT INTO Meio(numMeio, nomeMeio, nomeEntidade) VALUES (9, 'veiculo9', 'Entidade9');
INSERT INTO Meio(numMeio, nomeMeio, nomeEntidade) VALUES (10, 'veiculo10', 'Entidade10');
INSERT INTO Meio(numMeio, nomeMeio, nomeEntidade) VALUES (11, 'veiculo11', 'Entidade11');
INSERT INTO Meio(numMeio, nomeMeio, nomeEntidade) VALUES (12, 'veiculo12', 'Entidade12');
INSERT INTO Meio(numMeio, nomeMeio, nomeEntidade) VALUES (13, 'veiculo13', 'Entidade13');
INSERT INTO Meio(numMeio, nomeMeio, nomeEntidade) VALUES (14, 'veiculo14', 'Entidade14');
INSERT INTO Meio(numMeio, nomeMeio, nomeEntidade) VALUES (15, 'veiculo15', 'Entidade15');
INSERT INTO Meio(numMeio, nomeMeio, nomeEntidade) VALUES (16, 'veiculo16', 'Entidade16');
INSERT INTO Meio(numMeio, nomeMeio, nomeEntidade) VALUES (17, 'veiculo17', 'Entidade17');
INSERT INTO Meio(numMeio, nomeMeio, nomeEntidade) VALUES (18, 'veiculo18', 'Entidade18');
INSERT INTO Meio(numMeio, nomeMeio, nomeEntidade) VALUES (19, 'veiculo19', 'Entidade19');
INSERT INTO Meio(numMeio, nomeMeio, nomeEntidade) VALUES (20, 'veiculo20', 'Entidade20');
INSERT INTO Meio(numMeio, nomeMeio, nomeEntidade) VALUES (21, 'veiculo21', 'Entidade21');
INSERT INTO Meio(numMeio, nomeMeio, nomeEntidade) VALUES (22, 'veiculo22', 'Entidade22');
INSERT INTO Meio(numMeio, nomeMeio, nomeEntidade) VALUES (23, 'veiculo23', 'Entidade23');
INSERT INTO Meio(numMeio, nomeMeio, nomeEntidade) VALUES (24, 'veiculo24', 'Entidade24');
INSERT INTO Meio(numMeio, nomeMeio, nomeEntidade) VALUES (25, 'veiculo25', 'Entidade25');
INSERT INTO Meio(numMeio, nomeMeio, nomeEntidade) VALUES (26, 'veiculo26', 'Entidade26');
INSERT INTO Meio(numMeio, nomeMeio, nomeEntidade) VALUES (27, 'veiculo27', 'Entidade27');
INSERT INTO Meio(numMeio, nomeMeio, nomeEntidade) VALUES (28, 'veiculo28', 'Entidade28');
INSERT INTO Meio(numMeio, nomeMeio, nomeEntidade) VALUES (29, 'veiculo29', 'Entidade29');
INSERT INTO Meio(numMeio, nomeMeio, nomeEntidade) VALUES (30, 'veiculo30', 'Entidade30');
INSERT INTO Meio(numMeio, nomeMeio, nomeEntidade) VALUES (31, 'veiculo31', 'Entidade31');
INSERT INTO Meio(numMeio, nomeMeio, nomeEntidade) VALUES (32, 'veiculo32', 'Entidade32');
INSERT INTO Meio(numMeio, nomeMeio, nomeEntidade) VALUES (33, 'veiculo33', 'Entidade33');
INSERT INTO Meio(numMeio, nomeMeio, nomeEntidade) VALUES (34, 'veiculo34', 'Entidade34');
INSERT INTO Meio(numMeio, nomeMeio, nomeEntidade) VALUES (35, 'veiculo35', 'Entidade35');
INSERT INTO Meio(numMeio, nomeMeio, nomeEntidade) VALUES (36, 'veiculo36', 'Entidade36');
INSERT INTO Meio(numMeio, nomeMeio, nomeEntidade) VALUES (37, 'veiculo37', 'Entidade37');
INSERT INTO Meio(numMeio, nomeMeio, nomeEntidade) VALUES (38, 'veiculo38', 'Entidade38');
INSERT INTO Meio(numMeio, nomeMeio, nomeEntidade) VALUES (39, 'veiculo39', 'Entidade39');
INSERT INTO Meio(numMeio, nomeMeio, nomeEntidade) VALUES (40, 'veiculo40', 'Entidade40');
INSERT INTO Meio(numMeio, nomeMeio, nomeEntidade) VALUES (41, 'veiculo41', 'Entidade41');
INSERT INTO Meio(numMeio, nomeMeio, nomeEntidade) VALUES (42, 'veiculo42', 'Entidade42');
INSERT INTO Meio(numMeio, nomeMeio, nomeEntidade) VALUES (43, 'veiculo43', 'Entidade43');
INSERT INTO Meio(numMeio, nomeMeio, nomeEntidade) VALUES (44, 'veiculo44', 'Entidade44');
INSERT INTO Meio(numMeio, nomeMeio, nomeEntidade) VALUES (45, 'veiculo45', 'Entidade45');
INSERT INTO Meio(numMeio, nomeMeio, nomeEntidade) VALUES (46, 'veiculo46', 'Entidade46');
INSERT INTO Meio(numMeio, nomeMeio, nomeEntidade) VALUES (47, 'veiculo47', 'Entidade47');
INSERT INTO Meio(numMeio, nomeMeio, nomeEntidade) VALUES (48, 'veiculo48', 'Entidade48');
INSERT INTO Meio(numMeio, nomeMeio, nomeEntidade) VALUES (49, 'veiculo49', 'Entidade49');
INSERT INTO Meio(numMeio, nomeMeio, nomeEntidade) VALUES (50, 'veiculo50', 'Entidade50');
INSERT INTO Meio(numMeio, nomeMeio, nomeEntidade) VALUES (51, 'veiculo51', 'Entidade51');
INSERT INTO Meio(numMeio, nomeMeio, nomeEntidade) VALUES (52, 'veiculo52', 'Entidade52');
INSERT INTO Meio(numMeio, nomeMeio, nomeEntidade) VALUES (53, 'veiculo53', 'Entidade53');
INSERT INTO Meio(numMeio, nomeMeio, nomeEntidade) VALUES (54, 'veiculo54', 'Entidade54');
INSERT INTO Meio(numMeio, nomeMeio, nomeEntidade) VALUES (55, 'veiculo55', 'Entidade55');
INSERT INTO Meio(numMeio, nomeMeio, nomeEntidade) VALUES (56, 'veiculo56', 'Entidade56');
INSERT INTO Meio(numMeio, nomeMeio, nomeEntidade) VALUES (57, 'veiculo57', 'Entidade57');
INSERT INTO Meio(numMeio, nomeMeio, nomeEntidade) VALUES (58, 'veiculo58', 'Entidade58');
INSERT INTO Meio(numMeio, nomeMeio, nomeEntidade) VALUES (59, 'veiculo59', 'Entidade59');
INSERT INTO Meio(numMeio, nomeMeio, nomeEntidade) VALUES (60, 'veiculo60', 'Entidade60');
INSERT INTO Meio(numMeio, nomeMeio, nomeEntidade) VALUES (61, 'veiculo61', 'Entidade61');
INSERT INTO Meio(numMeio, nomeMeio, nomeEntidade) VALUES (62, 'veiculo62', 'Entidade62');
INSERT INTO Meio(numMeio, nomeMeio, nomeEntidade) VALUES (63, 'veiculo63', 'Entidade63');
INSERT INTO Meio(numMeio, nomeMeio, nomeEntidade) VALUES (64, 'veiculo64', 'Entidade64');
INSERT INTO Meio(numMeio, nomeMeio, nomeEntidade) VALUES (65, 'veiculo65', 'Entidade65');
INSERT INTO Meio(numMeio, nomeMeio, nomeEntidade) VALUES (66, 'veiculo66', 'Entidade66');
INSERT INTO Meio(numMeio, nomeMeio, nomeEntidade) VALUES (67, 'veiculo67', 'Entidade67');
INSERT INTO Meio(numMeio, nomeMeio, nomeEntidade) VALUES (68, 'veiculo68', 'Entidade68');
INSERT INTO Meio(numMeio, nomeMeio, nomeEntidade) VALUES (69, 'veiculo69', 'Entidade69');
INSERT INTO Meio(numMeio, nomeMeio, nomeEntidade) VALUES (70, 'veiculo70', 'Entidade70');
INSERT INTO Meio(numMeio, nomeMeio, nomeEntidade) VALUES (71, 'veiculo71', 'Entidade71');
INSERT INTO Meio(numMeio, nomeMeio, nomeEntidade) VALUES (72, 'veiculo72', 'Entidade72');
INSERT INTO Meio(numMeio, nomeMeio, nomeEntidade) VALUES (73, 'veiculo73', 'Entidade73');
INSERT INTO Meio(numMeio, nomeMeio, nomeEntidade) VALUES (74, 'veiculo74', 'Entidade74');
INSERT INTO Meio(numMeio, nomeMeio, nomeEntidade) VALUES (75, 'veiculo75', 'Entidade75');
INSERT INTO Meio(numMeio, nomeMeio, nomeEntidade) VALUES (76, 'veiculo76', 'Entidade76');
INSERT INTO Meio(numMeio, nomeMeio, nomeEntidade) VALUES (77, 'veiculo77', 'Entidade77');
INSERT INTO Meio(numMeio, nomeMeio, nomeEntidade) VALUES (78, 'veiculo78', 'Entidade78');
INSERT INTO Meio(numMeio, nomeMeio, nomeEntidade) VALUES (79, 'veiculo79', 'Entidade79');
INSERT INTO Meio(numMeio, nomeMeio, nomeEntidade) VALUES (80, 'veiculo80', 'Entidade80');
INSERT INTO Meio(numMeio, nomeMeio, nomeEntidade) VALUES (81, 'veiculo81', 'Entidade81');
INSERT INTO Meio(numMeio, nomeMeio, nomeEntidade) VALUES (82, 'veiculo82', 'Entidade82');
INSERT INTO Meio(numMeio, nomeMeio, nomeEntidade) VALUES (83, 'veiculo83', 'Entidade83');
INSERT INTO Meio(numMeio, nomeMeio, nomeEntidade) VALUES (84, 'veiculo84', 'Entidade84');
INSERT INTO Meio(numMeio, nomeMeio, nomeEntidade) VALUES (85, 'veiculo85', 'Entidade85');
INSERT INTO Meio(numMeio, nomeMeio, nomeEntidade) VALUES (86, 'veiculo86', 'Entidade86');
INSERT INTO Meio(numMeio, nomeMeio, nomeEntidade) VALUES (87, 'veiculo87', 'Entidade87');
INSERT INTO Meio(numMeio, nomeMeio, nomeEntidade) VALUES (88, 'veiculo88', 'Entidade88');
INSERT INTO Meio(numMeio, nomeMeio, nomeEntidade) VALUES (89, 'veiculo89', 'Entidade89');
INSERT INTO Meio(numMeio, nomeMeio, nomeEntidade) VALUES (90, 'veiculo90', 'Entidade90');
INSERT INTO Meio(numMeio, nomeMeio, nomeEntidade) VALUES (91, 'veiculo91', 'Entidade91');
INSERT INTO Meio(numMeio, nomeMeio, nomeEntidade) VALUES (92, 'veiculo92', 'Entidade92');
INSERT INTO Meio(numMeio, nomeMeio, nomeEntidade) VALUES (93, 'veiculo93', 'Entidade93');
INSERT INTO Meio(numMeio, nomeMeio, nomeEntidade) VALUES (94, 'veiculo94', 'Entidade94');
INSERT INTO Meio(numMeio, nomeMeio, nomeEntidade) VALUES (95, 'veiculo95', 'Entidade95');
INSERT INTO Meio(numMeio, nomeMeio, nomeEntidade) VALUES (96, 'veiculo96', 'Entidade96');
INSERT INTO Meio(numMeio, nomeMeio, nomeEntidade) VALUES (97, 'veiculo97', 'Entidade97');
INSERT INTO Meio(numMeio, nomeMeio, nomeEntidade) VALUES (98, 'veiculo98', 'Entidade98');
INSERT INTO Meio(numMeio, nomeMeio, nomeEntidade) VALUES (99, 'veiculo99', 'Entidade99');
INSERT INTO Meio(numMeio, nomeMeio, nomeEntidade) VALUES (100, 'veiculo100', 'Entidade100');
INSERT INTO Acciona(numMeio, nomeEntidade, numProcessoSocorro) VALUES (1, 'Entidade1', 1);
INSERT INTO Acciona(numMeio, nomeEntidade, numProcessoSocorro) VALUES (2, 'Entidade2', 2);
INSERT INTO Acciona(numMeio, nomeEntidade, numProcessoSocorro) VALUES (3, 'Entidade3', 3);
INSERT INTO Acciona(numMeio, nomeEntidade, numProcessoSocorro) VALUES (4, 'Entidade4', 4);
INSERT INTO Acciona(numMeio, nomeEntidade, numProcessoSocorro) VALUES (5, 'Entidade5', 5);
INSERT INTO Acciona(numMeio, nomeEntidade, numProcessoSocorro) VALUES (6, 'Entidade6', 6);
INSERT INTO Acciona(numMeio, nomeEntidade, numProcessoSocorro) VALUES (7, 'Entidade7', 7);
INSERT INTO Acciona(numMeio, nomeEntidade, numProcessoSocorro) VALUES (8, 'Entidade8', 8);
INSERT INTO Acciona(numMeio, nomeEntidade, numProcessoSocorro) VALUES (9, 'Entidade9', 9);
INSERT INTO Acciona(numMeio, nomeEntidade, numProcessoSocorro) VALUES (10, 'Entidade10', 10);
INSERT INTO Acciona(numMeio, nomeEntidade, numProcessoSocorro) VALUES (11, 'Entidade11', 11);
INSERT INTO Acciona(numMeio, nomeEntidade, numProcessoSocorro) VALUES (12, 'Entidade12', 12);
INSERT INTO Acciona(numMeio, nomeEntidade, numProcessoSocorro) VALUES (13, 'Entidade13', 13);
INSERT INTO Acciona(numMeio, nomeEntidade, numProcessoSocorro) VALUES (14, 'Entidade14', 14);
INSERT INTO Acciona(numMeio, nomeEntidade, numProcessoSocorro) VALUES (15, 'Entidade15', 15);
INSERT INTO Acciona(numMeio, nomeEntidade, numProcessoSocorro) VALUES (16, 'Entidade16', 16);
INSERT INTO Acciona(numMeio, nomeEntidade, numProcessoSocorro) VALUES (17, 'Entidade17', 17);
INSERT INTO Acciona(numMeio, nomeEntidade, numProcessoSocorro) VALUES (18, 'Entidade18', 18);
INSERT INTO Acciona(numMeio, nomeEntidade, numProcessoSocorro) VALUES (19, 'Entidade19', 19);
INSERT INTO Acciona(numMeio, nomeEntidade, numProcessoSocorro) VALUES (20, 'Entidade20', 20);
INSERT INTO Acciona(numMeio, nomeEntidade, numProcessoSocorro) VALUES (21, 'Entidade21', 21);
INSERT INTO Acciona(numMeio, nomeEntidade, numProcessoSocorro) VALUES (22, 'Entidade22', 22);
INSERT INTO Acciona(numMeio, nomeEntidade, numProcessoSocorro) VALUES (23, 'Entidade23', 23);
INSERT INTO Acciona(numMeio, nomeEntidade, numProcessoSocorro) VALUES (24, 'Entidade24', 24);
INSERT INTO Acciona(numMeio, nomeEntidade, numProcessoSocorro) VALUES (25, 'Entidade25', 25);
INSERT INTO Acciona(numMeio, nomeEntidade, numProcessoSocorro) VALUES (26, 'Entidade26', 26);
INSERT INTO Acciona(numMeio, nomeEntidade, numProcessoSocorro) VALUES (27, 'Entidade27', 27);
INSERT INTO Acciona(numMeio, nomeEntidade, numProcessoSocorro) VALUES (28, 'Entidade28', 28);
INSERT INTO Acciona(numMeio, nomeEntidade, numProcessoSocorro) VALUES (29, 'Entidade29', 29);
INSERT INTO Acciona(numMeio, nomeEntidade, numProcessoSocorro) VALUES (30, 'Entidade30', 30);
INSERT INTO Acciona(numMeio, nomeEntidade, numProcessoSocorro) VALUES (31, 'Entidade31', 31);
INSERT INTO Acciona(numMeio, nomeEntidade, numProcessoSocorro) VALUES (32, 'Entidade32', 32);
INSERT INTO Acciona(numMeio, nomeEntidade, numProcessoSocorro) VALUES (33, 'Entidade33', 33);
INSERT INTO Acciona(numMeio, nomeEntidade, numProcessoSocorro) VALUES (34, 'Entidade34', 34);
INSERT INTO Acciona(numMeio, nomeEntidade, numProcessoSocorro) VALUES (35, 'Entidade35', 35);
INSERT INTO Acciona(numMeio, nomeEntidade, numProcessoSocorro) VALUES (36, 'Entidade36', 36);
INSERT INTO Acciona(numMeio, nomeEntidade, numProcessoSocorro) VALUES (37, 'Entidade37', 37);
INSERT INTO Acciona(numMeio, nomeEntidade, numProcessoSocorro) VALUES (38, 'Entidade38', 38);
INSERT INTO Acciona(numMeio, nomeEntidade, numProcessoSocorro) VALUES (39, 'Entidade39', 39);
INSERT INTO Acciona(numMeio, nomeEntidade, numProcessoSocorro) VALUES (40, 'Entidade40', 40);
INSERT INTO Acciona(numMeio, nomeEntidade, numProcessoSocorro) VALUES (41, 'Entidade41', 41);
INSERT INTO Acciona(numMeio, nomeEntidade, numProcessoSocorro) VALUES (42, 'Entidade42', 42);
INSERT INTO Acciona(numMeio, nomeEntidade, numProcessoSocorro) VALUES (43, 'Entidade43', 43);
INSERT INTO Acciona(numMeio, nomeEntidade, numProcessoSocorro) VALUES (44, 'Entidade44', 44);
INSERT INTO Acciona(numMeio, nomeEntidade, numProcessoSocorro) VALUES (45, 'Entidade45', 45);
INSERT INTO Acciona(numMeio, nomeEntidade, numProcessoSocorro) VALUES (46, 'Entidade46', 46);
INSERT INTO Acciona(numMeio, nomeEntidade, numProcessoSocorro) VALUES (47, 'Entidade47', 47);
INSERT INTO Acciona(numMeio, nomeEntidade, numProcessoSocorro) VALUES (48, 'Entidade48', 48);
INSERT INTO Acciona(numMeio, nomeEntidade, numProcessoSocorro) VALUES (49, 'Entidade49', 49);
INSERT INTO Acciona(numMeio, nomeEntidade, numProcessoSocorro) VALUES (50, 'Entidade50', 50);
INSERT INTO Acciona(numMeio, nomeEntidade, numProcessoSocorro) VALUES (51, 'Entidade51', 51);
INSERT INTO Acciona(numMeio, nomeEntidade, numProcessoSocorro) VALUES (52, 'Entidade52', 52);
INSERT INTO Acciona(numMeio, nomeEntidade, numProcessoSocorro) VALUES (53, 'Entidade53', 53);
INSERT INTO Acciona(numMeio, nomeEntidade, numProcessoSocorro) VALUES (54, 'Entidade54', 54);
INSERT INTO Acciona(numMeio, nomeEntidade, numProcessoSocorro) VALUES (55, 'Entidade55', 55);
INSERT INTO Acciona(numMeio, nomeEntidade, numProcessoSocorro) VALUES (56, 'Entidade56', 56);
INSERT INTO Acciona(numMeio, nomeEntidade, numProcessoSocorro) VALUES (57, 'Entidade57', 57);
INSERT INTO Acciona(numMeio, nomeEntidade, numProcessoSocorro) VALUES (58, 'Entidade58', 58);
INSERT INTO Acciona(numMeio, nomeEntidade, numProcessoSocorro) VALUES (59, 'Entidade59', 59);
INSERT INTO Acciona(numMeio, nomeEntidade, numProcessoSocorro) VALUES (60, 'Entidade60', 60);
INSERT INTO Acciona(numMeio, nomeEntidade, numProcessoSocorro) VALUES (61, 'Entidade61', 61);
INSERT INTO Acciona(numMeio, nomeEntidade, numProcessoSocorro) VALUES (62, 'Entidade62', 62);
INSERT INTO Acciona(numMeio, nomeEntidade, numProcessoSocorro) VALUES (63, 'Entidade63', 63);
INSERT INTO Acciona(numMeio, nomeEntidade, numProcessoSocorro) VALUES (64, 'Entidade64', 64);
INSERT INTO Acciona(numMeio, nomeEntidade, numProcessoSocorro) VALUES (65, 'Entidade65', 65);
INSERT INTO Acciona(numMeio, nomeEntidade, numProcessoSocorro) VALUES (66, 'Entidade66', 66);
INSERT INTO Acciona(numMeio, nomeEntidade, numProcessoSocorro) VALUES (67, 'Entidade67', 67);
INSERT INTO Acciona(numMeio, nomeEntidade, numProcessoSocorro) VALUES (68, 'Entidade68', 68);
INSERT INTO Acciona(numMeio, nomeEntidade, numProcessoSocorro) VALUES (69, 'Entidade69', 69);
INSERT INTO Acciona(numMeio, nomeEntidade, numProcessoSocorro) VALUES (70, 'Entidade70', 70);
INSERT INTO Acciona(numMeio, nomeEntidade, numProcessoSocorro) VALUES (71, 'Entidade71', 71);
INSERT INTO Acciona(numMeio, nomeEntidade, numProcessoSocorro) VALUES (72, 'Entidade72', 72);
INSERT INTO Acciona(numMeio, nomeEntidade, numProcessoSocorro) VALUES (73, 'Entidade73', 73);
INSERT INTO Acciona(numMeio, nomeEntidade, numProcessoSocorro) VALUES (74, 'Entidade74', 74);
INSERT INTO Acciona(numMeio, nomeEntidade, numProcessoSocorro) VALUES (75, 'Entidade75', 75);
INSERT INTO Acciona(numMeio, nomeEntidade, numProcessoSocorro) VALUES (76, 'Entidade76', 76);
INSERT INTO Acciona(numMeio, nomeEntidade, numProcessoSocorro) VALUES (77, 'Entidade77', 77);
INSERT INTO Acciona(numMeio, nomeEntidade, numProcessoSocorro) VALUES (78, 'Entidade78', 78);
INSERT INTO Acciona(numMeio, nomeEntidade, numProcessoSocorro) VALUES (79, 'Entidade79', 79);
INSERT INTO Acciona(numMeio, nomeEntidade, numProcessoSocorro) VALUES (80, 'Entidade80', 80);
INSERT INTO Acciona(numMeio, nomeEntidade, numProcessoSocorro) VALUES (81, 'Entidade81', 81);
INSERT INTO Acciona(numMeio, nomeEntidade, numProcessoSocorro) VALUES (82, 'Entidade82', 82);
INSERT INTO Acciona(numMeio, nomeEntidade, numProcessoSocorro) VALUES (83, 'Entidade83', 83);
INSERT INTO Acciona(numMeio, nomeEntidade, numProcessoSocorro) VALUES (84, 'Entidade84', 84);
INSERT INTO Acciona(numMeio, nomeEntidade, numProcessoSocorro) VALUES (85, 'Entidade85', 85);
INSERT INTO Acciona(numMeio, nomeEntidade, numProcessoSocorro) VALUES (86, 'Entidade86', 86);
INSERT INTO Acciona(numMeio, nomeEntidade, numProcessoSocorro) VALUES (87, 'Entidade87', 87);
INSERT INTO Acciona(numMeio, nomeEntidade, numProcessoSocorro) VALUES (88, 'Entidade88', 88);
INSERT INTO Acciona(numMeio, nomeEntidade, numProcessoSocorro) VALUES (89, 'Entidade89', 89);
INSERT INTO Acciona(numMeio, nomeEntidade, numProcessoSocorro) VALUES (90, 'Entidade90', 90);
INSERT INTO Acciona(numMeio, nomeEntidade, numProcessoSocorro) VALUES (91, 'Entidade91', 91);
INSERT INTO Acciona(numMeio, nomeEntidade, numProcessoSocorro) VALUES (92, 'Entidade92', 92);
INSERT INTO Acciona(numMeio, nomeEntidade, numProcessoSocorro) VALUES (93, 'Entidade93', 93);
INSERT INTO Acciona(numMeio, nomeEntidade, numProcessoSocorro) VALUES (94, 'Entidade94', 94);
INSERT INTO Acciona(numMeio, nomeEntidade, numProcessoSocorro) VALUES (95, 'Entidade95', 95);
INSERT INTO Acciona(numMeio, nomeEntidade, numProcessoSocorro) VALUES (96, 'Entidade96', 96);
INSERT INTO Acciona(numMeio, nomeEntidade, numProcessoSocorro) VALUES (97, 'Entidade97', 97);
INSERT INTO Acciona(numMeio, nomeEntidade, numProcessoSocorro) VALUES (98, 'Entidade98', 98);
INSERT INTO Acciona(numMeio, nomeEntidade, numProcessoSocorro) VALUES (99, 'Entidade99', 99);
INSERT INTO Acciona(numMeio, nomeEntidade, numProcessoSocorro) VALUES (100, 'Entidade100', 100);
INSERT INTO Coordenador(idCoordenador) VALUES (1);
INSERT INTO Coordenador(idCoordenador) VALUES (2);
INSERT INTO Coordenador(idCoordenador) VALUES (3);
INSERT INTO Coordenador(idCoordenador) VALUES (4);
INSERT INTO Coordenador(idCoordenador) VALUES (5);
INSERT INTO Coordenador(idCoordenador) VALUES (6);
INSERT INTO Coordenador(idCoordenador) VALUES (7);
INSERT INTO Coordenador(idCoordenador) VALUES (8);
INSERT INTO Coordenador(idCoordenador) VALUES (9);
INSERT INTO Coordenador(idCoordenador) VALUES (10);
INSERT INTO Coordenador(idCoordenador) VALUES (11);
INSERT INTO Coordenador(idCoordenador) VALUES (12);
INSERT INTO Coordenador(idCoordenador) VALUES (13);
INSERT INTO Coordenador(idCoordenador) VALUES (14);
INSERT INTO Coordenador(idCoordenador) VALUES (15);
INSERT INTO Coordenador(idCoordenador) VALUES (16);
INSERT INTO Coordenador(idCoordenador) VALUES (17);
INSERT INTO Coordenador(idCoordenador) VALUES (18);
INSERT INTO Coordenador(idCoordenador) VALUES (19);
INSERT INTO Coordenador(idCoordenador) VALUES (20);
INSERT INTO Coordenador(idCoordenador) VALUES (21);
INSERT INTO Coordenador(idCoordenador) VALUES (22);
INSERT INTO Coordenador(idCoordenador) VALUES (23);
INSERT INTO Coordenador(idCoordenador) VALUES (24);
INSERT INTO Coordenador(idCoordenador) VALUES (25);
INSERT INTO Coordenador(idCoordenador) VALUES (26);
INSERT INTO Coordenador(idCoordenador) VALUES (27);
INSERT INTO Coordenador(idCoordenador) VALUES (28);
INSERT INTO Coordenador(idCoordenador) VALUES (29);
INSERT INTO Coordenador(idCoordenador) VALUES (30);
INSERT INTO Coordenador(idCoordenador) VALUES (31);
INSERT INTO Coordenador(idCoordenador) VALUES (32);
INSERT INTO Coordenador(idCoordenador) VALUES (33);
INSERT INTO Coordenador(idCoordenador) VALUES (34);
INSERT INTO Coordenador(idCoordenador) VALUES (35);
INSERT INTO Coordenador(idCoordenador) VALUES (36);
INSERT INTO Coordenador(idCoordenador) VALUES (37);
INSERT INTO Coordenador(idCoordenador) VALUES (38);
INSERT INTO Coordenador(idCoordenador) VALUES (39);
INSERT INTO Coordenador(idCoordenador) VALUES (40);
INSERT INTO Coordenador(idCoordenador) VALUES (41);
INSERT INTO Coordenador(idCoordenador) VALUES (42);
INSERT INTO Coordenador(idCoordenador) VALUES (43);
INSERT INTO Coordenador(idCoordenador) VALUES (44);
INSERT INTO Coordenador(idCoordenador) VALUES (45);
INSERT INTO Coordenador(idCoordenador) VALUES (46);
INSERT INTO Coordenador(idCoordenador) VALUES (47);
INSERT INTO Coordenador(idCoordenador) VALUES (48);
INSERT INTO Coordenador(idCoordenador) VALUES (49);
INSERT INTO Coordenador(idCoordenador) VALUES (50);
INSERT INTO Coordenador(idCoordenador) VALUES (51);
INSERT INTO Coordenador(idCoordenador) VALUES (52);
INSERT INTO Coordenador(idCoordenador) VALUES (53);
INSERT INTO Coordenador(idCoordenador) VALUES (54);
INSERT INTO Coordenador(idCoordenador) VALUES (55);
INSERT INTO Coordenador(idCoordenador) VALUES (56);
INSERT INTO Coordenador(idCoordenador) VALUES (57);
INSERT INTO Coordenador(idCoordenador) VALUES (58);
INSERT INTO Coordenador(idCoordenador) VALUES (59);
INSERT INTO Coordenador(idCoordenador) VALUES (60);
INSERT INTO Coordenador(idCoordenador) VALUES (61);
INSERT INTO Coordenador(idCoordenador) VALUES (62);
INSERT INTO Coordenador(idCoordenador) VALUES (63);
INSERT INTO Coordenador(idCoordenador) VALUES (64);
INSERT INTO Coordenador(idCoordenador) VALUES (65);
INSERT INTO Coordenador(idCoordenador) VALUES (66);
INSERT INTO Coordenador(idCoordenador) VALUES (67);
INSERT INTO Coordenador(idCoordenador) VALUES (68);
INSERT INTO Coordenador(idCoordenador) VALUES (69);
INSERT INTO Coordenador(idCoordenador) VALUES (70);
INSERT INTO Coordenador(idCoordenador) VALUES (71);
INSERT INTO Coordenador(idCoordenador) VALUES (72);
INSERT INTO Coordenador(idCoordenador) VALUES (73);
INSERT INTO Coordenador(idCoordenador) VALUES (74);
INSERT INTO Coordenador(idCoordenador) VALUES (75);
INSERT INTO Coordenador(idCoordenador) VALUES (76);
INSERT INTO Coordenador(idCoordenador) VALUES (77);
INSERT INTO Coordenador(idCoordenador) VALUES (78);
INSERT INTO Coordenador(idCoordenador) VALUES (79);
INSERT INTO Coordenador(idCoordenador) VALUES (80);
INSERT INTO Coordenador(idCoordenador) VALUES (81);
INSERT INTO Coordenador(idCoordenador) VALUES (82);
INSERT INTO Coordenador(idCoordenador) VALUES (83);
INSERT INTO Coordenador(idCoordenador) VALUES (84);
INSERT INTO Coordenador(idCoordenador) VALUES (85);
INSERT INTO Coordenador(idCoordenador) VALUES (86);
INSERT INTO Coordenador(idCoordenador) VALUES (87);
INSERT INTO Coordenador(idCoordenador) VALUES (88);
INSERT INTO Coordenador(idCoordenador) VALUES (89);
INSERT INTO Coordenador(idCoordenador) VALUES (90);
INSERT INTO Coordenador(idCoordenador) VALUES (91);
INSERT INTO Coordenador(idCoordenador) VALUES (92);
INSERT INTO Coordenador(idCoordenador) VALUES (93);
INSERT INTO Coordenador(idCoordenador) VALUES (94);
INSERT INTO Coordenador(idCoordenador) VALUES (95);
INSERT INTO Coordenador(idCoordenador) VALUES (96);
INSERT INTO Coordenador(idCoordenador) VALUES (97);
INSERT INTO Coordenador(idCoordenador) VALUES (98);
INSERT INTO Coordenador(idCoordenador) VALUES (99);
INSERT INTO Coordenador(idCoordenador) VALUES (100);
INSERT INTO Audita(idCoordenador, numMeio, nomeEntidade, numProcessoSocorro, datahoraInicio, datahoraFim, dataAuditoria, texto) VALUES (1, 1, 'Entidade1', 1, '2015-03-28 20:20:20', '2015-04-28 20:20:20', '2019-04-28 20:20:20', 'Correu Tudo bem');
INSERT INTO Audita(idCoordenador, numMeio, nomeEntidade, numProcessoSocorro, datahoraInicio, datahoraFim, dataAuditoria, texto) VALUES (2, 2, 'Entidade2', 2, '2015-03-28 20:20:20', '2015-04-28 20:20:20', '2019-04-28 20:20:20', 'Correu Tudo bem');
INSERT INTO Audita(idCoordenador, numMeio, nomeEntidade, numProcessoSocorro, datahoraInicio, datahoraFim, dataAuditoria, texto) VALUES (3, 3, 'Entidade3', 3, '2015-03-28 20:20:20', '2015-04-28 20:20:20', '2019-04-28 20:20:20', 'Correu Tudo bem');
INSERT INTO Audita(idCoordenador, numMeio, nomeEntidade, numProcessoSocorro, datahoraInicio, datahoraFim, dataAuditoria, texto) VALUES (4, 4, 'Entidade4', 4, '2015-03-28 20:20:20', '2015-04-28 20:20:20', '2019-04-28 20:20:20', 'Correu Tudo bem');
INSERT INTO Audita(idCoordenador, numMeio, nomeEntidade, numProcessoSocorro, datahoraInicio, datahoraFim, dataAuditoria, texto) VALUES (5, 5, 'Entidade5', 5, '2015-03-28 20:20:20', '2015-04-28 20:20:20', '2019-04-28 20:20:20', 'Correu Tudo bem');
INSERT INTO Audita(idCoordenador, numMeio, nomeEntidade, numProcessoSocorro, datahoraInicio, datahoraFim, dataAuditoria, texto) VALUES (6, 6, 'Entidade6', 6, '2015-03-28 20:20:20', '2015-04-28 20:20:20', '2019-04-28 20:20:20', 'Correu Tudo bem');
INSERT INTO Audita(idCoordenador, numMeio, nomeEntidade, numProcessoSocorro, datahoraInicio, datahoraFim, dataAuditoria, texto) VALUES (7, 7, 'Entidade7', 7, '2015-03-28 20:20:20', '2015-04-28 20:20:20', '2019-04-28 20:20:20', 'Correu Tudo bem');
INSERT INTO Audita(idCoordenador, numMeio, nomeEntidade, numProcessoSocorro, datahoraInicio, datahoraFim, dataAuditoria, texto) VALUES (8, 8, 'Entidade8', 8, '2015-03-28 20:20:20', '2015-04-28 20:20:20', '2019-04-28 20:20:20', 'Correu Tudo bem');
INSERT INTO Audita(idCoordenador, numMeio, nomeEntidade, numProcessoSocorro, datahoraInicio, datahoraFim, dataAuditoria, texto) VALUES (9, 9, 'Entidade9', 9, '2015-03-28 20:20:20', '2015-04-28 20:20:20', '2019-04-28 20:20:20', 'Correu Tudo bem');
INSERT INTO Audita(idCoordenador, numMeio, nomeEntidade, numProcessoSocorro, datahoraInicio, datahoraFim, dataAuditoria, texto) VALUES (10, 10, 'Entidade10', 10, '2015-03-28 20:20:20', '2015-04-28 20:20:20', '2019-04-28 20:20:20', 'Correu Tudo bem');
INSERT INTO Audita(idCoordenador, numMeio, nomeEntidade, numProcessoSocorro, datahoraInicio, datahoraFim, dataAuditoria, texto) VALUES (11, 11, 'Entidade11', 11, '2015-03-28 20:20:20', '2015-04-28 20:20:20', '2019-04-28 20:20:20', 'Correu Tudo bem');
INSERT INTO Audita(idCoordenador, numMeio, nomeEntidade, numProcessoSocorro, datahoraInicio, datahoraFim, dataAuditoria, texto) VALUES (12, 12, 'Entidade12', 12, '2015-03-28 20:20:20', '2015-04-28 20:20:20', '2019-04-28 20:20:20', 'Correu Tudo bem');
INSERT INTO Audita(idCoordenador, numMeio, nomeEntidade, numProcessoSocorro, datahoraInicio, datahoraFim, dataAuditoria, texto) VALUES (13, 13, 'Entidade13', 13, '2015-03-28 20:20:20', '2015-04-28 20:20:20', '2019-04-28 20:20:20', 'Correu Tudo bem');
INSERT INTO Audita(idCoordenador, numMeio, nomeEntidade, numProcessoSocorro, datahoraInicio, datahoraFim, dataAuditoria, texto) VALUES (14, 14, 'Entidade14', 14, '2015-03-28 20:20:20', '2015-04-28 20:20:20', '2019-04-28 20:20:20', 'Correu Tudo bem');
INSERT INTO Audita(idCoordenador, numMeio, nomeEntidade, numProcessoSocorro, datahoraInicio, datahoraFim, dataAuditoria, texto) VALUES (15, 15, 'Entidade15', 15, '2015-03-28 20:20:20', '2015-04-28 20:20:20', '2019-04-28 20:20:20', 'Correu Tudo bem');
INSERT INTO Audita(idCoordenador, numMeio, nomeEntidade, numProcessoSocorro, datahoraInicio, datahoraFim, dataAuditoria, texto) VALUES (16, 16, 'Entidade16', 16, '2015-03-28 20:20:20', '2015-04-28 20:20:20', '2019-04-28 20:20:20', 'Correu Tudo bem');
INSERT INTO Audita(idCoordenador, numMeio, nomeEntidade, numProcessoSocorro, datahoraInicio, datahoraFim, dataAuditoria, texto) VALUES (17, 17, 'Entidade17', 17, '2015-03-28 20:20:20', '2015-04-28 20:20:20', '2019-04-28 20:20:20', 'Correu Tudo bem');
INSERT INTO Audita(idCoordenador, numMeio, nomeEntidade, numProcessoSocorro, datahoraInicio, datahoraFim, dataAuditoria, texto) VALUES (18, 18, 'Entidade18', 18, '2015-03-28 20:20:20', '2015-04-28 20:20:20', '2019-04-28 20:20:20', 'Correu Tudo bem');
INSERT INTO Audita(idCoordenador, numMeio, nomeEntidade, numProcessoSocorro, datahoraInicio, datahoraFim, dataAuditoria, texto) VALUES (19, 19, 'Entidade19', 19, '2015-03-28 20:20:20', '2015-04-28 20:20:20', '2019-04-28 20:20:20', 'Correu Tudo bem');
INSERT INTO Audita(idCoordenador, numMeio, nomeEntidade, numProcessoSocorro, datahoraInicio, datahoraFim, dataAuditoria, texto) VALUES (20, 20, 'Entidade20', 20, '2015-03-28 20:20:20', '2015-04-28 20:20:20', '2019-04-28 20:20:20', 'Correu Tudo bem');
INSERT INTO Audita(idCoordenador, numMeio, nomeEntidade, numProcessoSocorro, datahoraInicio, datahoraFim, dataAuditoria, texto) VALUES (21, 21, 'Entidade21', 21, '2015-03-28 20:20:20', '2015-04-28 20:20:20', '2019-04-28 20:20:20', 'Correu Tudo bem');
INSERT INTO Audita(idCoordenador, numMeio, nomeEntidade, numProcessoSocorro, datahoraInicio, datahoraFim, dataAuditoria, texto) VALUES (22, 22, 'Entidade22', 22, '2015-03-28 20:20:20', '2015-04-28 20:20:20', '2019-04-28 20:20:20', 'Correu Tudo bem');
INSERT INTO Audita(idCoordenador, numMeio, nomeEntidade, numProcessoSocorro, datahoraInicio, datahoraFim, dataAuditoria, texto) VALUES (23, 23, 'Entidade23', 23, '2015-03-28 20:20:20', '2015-04-28 20:20:20', '2019-04-28 20:20:20', 'Correu Tudo bem');
INSERT INTO Audita(idCoordenador, numMeio, nomeEntidade, numProcessoSocorro, datahoraInicio, datahoraFim, dataAuditoria, texto) VALUES (24, 24, 'Entidade24', 24, '2015-03-28 20:20:20', '2015-04-28 20:20:20', '2019-04-28 20:20:20', 'Correu Tudo bem');
INSERT INTO Audita(idCoordenador, numMeio, nomeEntidade, numProcessoSocorro, datahoraInicio, datahoraFim, dataAuditoria, texto) VALUES (25, 25, 'Entidade25', 25, '2015-03-28 20:20:20', '2015-04-28 20:20:20', '2019-04-28 20:20:20', 'Correu Tudo bem');
INSERT INTO Audita(idCoordenador, numMeio, nomeEntidade, numProcessoSocorro, datahoraInicio, datahoraFim, dataAuditoria, texto) VALUES (26, 26, 'Entidade26', 26, '2015-03-28 20:20:20', '2015-04-28 20:20:20', '2019-04-28 20:20:20', 'Correu Tudo bem');
INSERT INTO Audita(idCoordenador, numMeio, nomeEntidade, numProcessoSocorro, datahoraInicio, datahoraFim, dataAuditoria, texto) VALUES (27, 27, 'Entidade27', 27, '2015-03-28 20:20:20', '2015-04-28 20:20:20', '2019-04-28 20:20:20', 'Correu Tudo bem');
INSERT INTO Audita(idCoordenador, numMeio, nomeEntidade, numProcessoSocorro, datahoraInicio, datahoraFim, dataAuditoria, texto) VALUES (28, 28, 'Entidade28', 28, '2015-03-28 20:20:20', '2015-04-28 20:20:20', '2019-04-28 20:20:20', 'Correu Tudo bem');
INSERT INTO Audita(idCoordenador, numMeio, nomeEntidade, numProcessoSocorro, datahoraInicio, datahoraFim, dataAuditoria, texto) VALUES (29, 29, 'Entidade29', 29, '2015-03-28 20:20:20', '2015-04-28 20:20:20', '2019-04-28 20:20:20', 'Correu Tudo bem');
INSERT INTO Audita(idCoordenador, numMeio, nomeEntidade, numProcessoSocorro, datahoraInicio, datahoraFim, dataAuditoria, texto) VALUES (30, 30, 'Entidade30', 30, '2015-03-28 20:20:20', '2015-04-28 20:20:20', '2019-04-28 20:20:20', 'Correu Tudo bem');
INSERT INTO Audita(idCoordenador, numMeio, nomeEntidade, numProcessoSocorro, datahoraInicio, datahoraFim, dataAuditoria, texto) VALUES (31, 31, 'Entidade31', 31, '2015-03-28 20:20:20', '2015-04-28 20:20:20', '2019-04-28 20:20:20', 'Correu Tudo bem');
INSERT INTO Audita(idCoordenador, numMeio, nomeEntidade, numProcessoSocorro, datahoraInicio, datahoraFim, dataAuditoria, texto) VALUES (32, 32, 'Entidade32', 32, '2015-03-28 20:20:20', '2015-04-28 20:20:20', '2019-04-28 20:20:20', 'Correu Tudo bem');
INSERT INTO Audita(idCoordenador, numMeio, nomeEntidade, numProcessoSocorro, datahoraInicio, datahoraFim, dataAuditoria, texto) VALUES (33, 33, 'Entidade33', 33, '2015-03-28 20:20:20', '2015-04-28 20:20:20', '2019-04-28 20:20:20', 'Correu Tudo bem');
INSERT INTO Audita(idCoordenador, numMeio, nomeEntidade, numProcessoSocorro, datahoraInicio, datahoraFim, dataAuditoria, texto) VALUES (34, 34, 'Entidade34', 34, '2015-03-28 20:20:20', '2015-04-28 20:20:20', '2019-04-28 20:20:20', 'Correu Tudo bem');
INSERT INTO Audita(idCoordenador, numMeio, nomeEntidade, numProcessoSocorro, datahoraInicio, datahoraFim, dataAuditoria, texto) VALUES (35, 35, 'Entidade35', 35, '2015-03-28 20:20:20', '2015-04-28 20:20:20', '2019-04-28 20:20:20', 'Correu Tudo bem');
INSERT INTO Audita(idCoordenador, numMeio, nomeEntidade, numProcessoSocorro, datahoraInicio, datahoraFim, dataAuditoria, texto) VALUES (36, 36, 'Entidade36', 36, '2015-03-28 20:20:20', '2015-04-28 20:20:20', '2019-04-28 20:20:20', 'Correu Tudo bem');
INSERT INTO Audita(idCoordenador, numMeio, nomeEntidade, numProcessoSocorro, datahoraInicio, datahoraFim, dataAuditoria, texto) VALUES (37, 37, 'Entidade37', 37, '2015-03-28 20:20:20', '2015-04-28 20:20:20', '2019-04-28 20:20:20', 'Correu Tudo bem');
INSERT INTO Audita(idCoordenador, numMeio, nomeEntidade, numProcessoSocorro, datahoraInicio, datahoraFim, dataAuditoria, texto) VALUES (38, 38, 'Entidade38', 38, '2015-03-28 20:20:20', '2015-04-28 20:20:20', '2019-04-28 20:20:20', 'Correu Tudo bem');
INSERT INTO Audita(idCoordenador, numMeio, nomeEntidade, numProcessoSocorro, datahoraInicio, datahoraFim, dataAuditoria, texto) VALUES (39, 39, 'Entidade39', 39, '2015-03-28 20:20:20', '2015-04-28 20:20:20', '2019-04-28 20:20:20', 'Correu Tudo bem');
INSERT INTO Audita(idCoordenador, numMeio, nomeEntidade, numProcessoSocorro, datahoraInicio, datahoraFim, dataAuditoria, texto) VALUES (40, 40, 'Entidade40', 40, '2015-03-28 20:20:20', '2015-04-28 20:20:20', '2019-04-28 20:20:20', 'Correu Tudo bem');
INSERT INTO Audita(idCoordenador, numMeio, nomeEntidade, numProcessoSocorro, datahoraInicio, datahoraFim, dataAuditoria, texto) VALUES (41, 41, 'Entidade41', 41, '2015-03-28 20:20:20', '2015-04-28 20:20:20', '2019-04-28 20:20:20', 'Correu Tudo bem');
INSERT INTO Audita(idCoordenador, numMeio, nomeEntidade, numProcessoSocorro, datahoraInicio, datahoraFim, dataAuditoria, texto) VALUES (42, 42, 'Entidade42', 42, '2015-03-28 20:20:20', '2015-04-28 20:20:20', '2019-04-28 20:20:20', 'Correu Tudo bem');
INSERT INTO Audita(idCoordenador, numMeio, nomeEntidade, numProcessoSocorro, datahoraInicio, datahoraFim, dataAuditoria, texto) VALUES (43, 43, 'Entidade43', 43, '2015-03-28 20:20:20', '2015-04-28 20:20:20', '2019-04-28 20:20:20', 'Correu Tudo bem');
INSERT INTO Audita(idCoordenador, numMeio, nomeEntidade, numProcessoSocorro, datahoraInicio, datahoraFim, dataAuditoria, texto) VALUES (44, 44, 'Entidade44', 44, '2015-03-28 20:20:20', '2015-04-28 20:20:20', '2019-04-28 20:20:20', 'Correu Tudo bem');
INSERT INTO Audita(idCoordenador, numMeio, nomeEntidade, numProcessoSocorro, datahoraInicio, datahoraFim, dataAuditoria, texto) VALUES (45, 45, 'Entidade45', 45, '2015-03-28 20:20:20', '2015-04-28 20:20:20', '2019-04-28 20:20:20', 'Correu Tudo bem');
INSERT INTO Audita(idCoordenador, numMeio, nomeEntidade, numProcessoSocorro, datahoraInicio, datahoraFim, dataAuditoria, texto) VALUES (46, 46, 'Entidade46', 46, '2015-03-28 20:20:20', '2015-04-28 20:20:20', '2019-04-28 20:20:20', 'Correu Tudo bem');
INSERT INTO Audita(idCoordenador, numMeio, nomeEntidade, numProcessoSocorro, datahoraInicio, datahoraFim, dataAuditoria, texto) VALUES (47, 47, 'Entidade47', 47, '2015-03-28 20:20:20', '2015-04-28 20:20:20', '2019-04-28 20:20:20', 'Correu Tudo bem');
INSERT INTO Audita(idCoordenador, numMeio, nomeEntidade, numProcessoSocorro, datahoraInicio, datahoraFim, dataAuditoria, texto) VALUES (48, 48, 'Entidade48', 48, '2015-03-28 20:20:20', '2015-04-28 20:20:20', '2019-04-28 20:20:20', 'Correu Tudo bem');
INSERT INTO Audita(idCoordenador, numMeio, nomeEntidade, numProcessoSocorro, datahoraInicio, datahoraFim, dataAuditoria, texto) VALUES (49, 49, 'Entidade49', 49, '2015-03-28 20:20:20', '2015-04-28 20:20:20', '2019-04-28 20:20:20', 'Correu Tudo bem');
INSERT INTO Audita(idCoordenador, numMeio, nomeEntidade, numProcessoSocorro, datahoraInicio, datahoraFim, dataAuditoria, texto) VALUES (50, 50, 'Entidade50', 50, '2015-03-28 20:20:20', '2015-04-28 20:20:20', '2019-04-28 20:20:20', 'Correu Tudo bem');
INSERT INTO Audita(idCoordenador, numMeio, nomeEntidade, numProcessoSocorro, datahoraInicio, datahoraFim, dataAuditoria, texto) VALUES (51, 51, 'Entidade51', 51, '2015-03-28 20:20:20', '2015-04-28 20:20:20', '2019-04-28 20:20:20', 'Correu Tudo bem');
INSERT INTO Audita(idCoordenador, numMeio, nomeEntidade, numProcessoSocorro, datahoraInicio, datahoraFim, dataAuditoria, texto) VALUES (52, 52, 'Entidade52', 52, '2015-03-28 20:20:20', '2015-04-28 20:20:20', '2019-04-28 20:20:20', 'Correu Tudo bem');
INSERT INTO Audita(idCoordenador, numMeio, nomeEntidade, numProcessoSocorro, datahoraInicio, datahoraFim, dataAuditoria, texto) VALUES (53, 53, 'Entidade53', 53, '2015-03-28 20:20:20', '2015-04-28 20:20:20', '2019-04-28 20:20:20', 'Correu Tudo bem');
INSERT INTO Audita(idCoordenador, numMeio, nomeEntidade, numProcessoSocorro, datahoraInicio, datahoraFim, dataAuditoria, texto) VALUES (54, 54, 'Entidade54', 54, '2015-03-28 20:20:20', '2015-04-28 20:20:20', '2019-04-28 20:20:20', 'Correu Tudo bem');
INSERT INTO Audita(idCoordenador, numMeio, nomeEntidade, numProcessoSocorro, datahoraInicio, datahoraFim, dataAuditoria, texto) VALUES (55, 55, 'Entidade55', 55, '2015-03-28 20:20:20', '2015-04-28 20:20:20', '2019-04-28 20:20:20', 'Correu Tudo bem');
INSERT INTO Audita(idCoordenador, numMeio, nomeEntidade, numProcessoSocorro, datahoraInicio, datahoraFim, dataAuditoria, texto) VALUES (56, 56, 'Entidade56', 56, '2015-03-28 20:20:20', '2015-04-28 20:20:20', '2019-04-28 20:20:20', 'Correu Tudo bem');
INSERT INTO Audita(idCoordenador, numMeio, nomeEntidade, numProcessoSocorro, datahoraInicio, datahoraFim, dataAuditoria, texto) VALUES (57, 57, 'Entidade57', 57, '2015-03-28 20:20:20', '2015-04-28 20:20:20', '2019-04-28 20:20:20', 'Correu Tudo bem');
INSERT INTO Audita(idCoordenador, numMeio, nomeEntidade, numProcessoSocorro, datahoraInicio, datahoraFim, dataAuditoria, texto) VALUES (58, 58, 'Entidade58', 58, '2015-03-28 20:20:20', '2015-04-28 20:20:20', '2019-04-28 20:20:20', 'Correu Tudo bem');
INSERT INTO Audita(idCoordenador, numMeio, nomeEntidade, numProcessoSocorro, datahoraInicio, datahoraFim, dataAuditoria, texto) VALUES (59, 59, 'Entidade59', 59, '2015-03-28 20:20:20', '2015-04-28 20:20:20', '2019-04-28 20:20:20', 'Correu Tudo bem');
INSERT INTO Audita(idCoordenador, numMeio, nomeEntidade, numProcessoSocorro, datahoraInicio, datahoraFim, dataAuditoria, texto) VALUES (60, 60, 'Entidade60', 60, '2015-03-28 20:20:20', '2015-04-28 20:20:20', '2019-04-28 20:20:20', 'Correu Tudo bem');
INSERT INTO Audita(idCoordenador, numMeio, nomeEntidade, numProcessoSocorro, datahoraInicio, datahoraFim, dataAuditoria, texto) VALUES (61, 61, 'Entidade61', 61, '2015-03-28 20:20:20', '2015-04-28 20:20:20', '2019-04-28 20:20:20', 'Correu Tudo bem');
INSERT INTO Audita(idCoordenador, numMeio, nomeEntidade, numProcessoSocorro, datahoraInicio, datahoraFim, dataAuditoria, texto) VALUES (62, 62, 'Entidade62', 62, '2015-03-28 20:20:20', '2015-04-28 20:20:20', '2019-04-28 20:20:20', 'Correu Tudo bem');
INSERT INTO Audita(idCoordenador, numMeio, nomeEntidade, numProcessoSocorro, datahoraInicio, datahoraFim, dataAuditoria, texto) VALUES (63, 63, 'Entidade63', 63, '2015-03-28 20:20:20', '2015-04-28 20:20:20', '2019-04-28 20:20:20', 'Correu Tudo bem');
INSERT INTO Audita(idCoordenador, numMeio, nomeEntidade, numProcessoSocorro, datahoraInicio, datahoraFim, dataAuditoria, texto) VALUES (64, 64, 'Entidade64', 64, '2015-03-28 20:20:20', '2015-04-28 20:20:20', '2019-04-28 20:20:20', 'Correu Tudo bem');
INSERT INTO Audita(idCoordenador, numMeio, nomeEntidade, numProcessoSocorro, datahoraInicio, datahoraFim, dataAuditoria, texto) VALUES (65, 65, 'Entidade65', 65, '2015-03-28 20:20:20', '2015-04-28 20:20:20', '2019-04-28 20:20:20', 'Correu Tudo bem');
INSERT INTO Audita(idCoordenador, numMeio, nomeEntidade, numProcessoSocorro, datahoraInicio, datahoraFim, dataAuditoria, texto) VALUES (66, 66, 'Entidade66', 66, '2015-03-28 20:20:20', '2015-04-28 20:20:20', '2019-04-28 20:20:20', 'Correu Tudo bem');
INSERT INTO Audita(idCoordenador, numMeio, nomeEntidade, numProcessoSocorro, datahoraInicio, datahoraFim, dataAuditoria, texto) VALUES (67, 67, 'Entidade67', 67, '2015-03-28 20:20:20', '2015-04-28 20:20:20', '2019-04-28 20:20:20', 'Correu Tudo bem');
INSERT INTO Audita(idCoordenador, numMeio, nomeEntidade, numProcessoSocorro, datahoraInicio, datahoraFim, dataAuditoria, texto) VALUES (68, 68, 'Entidade68', 68, '2015-03-28 20:20:20', '2015-04-28 20:20:20', '2019-04-28 20:20:20', 'Correu Tudo bem');
INSERT INTO Audita(idCoordenador, numMeio, nomeEntidade, numProcessoSocorro, datahoraInicio, datahoraFim, dataAuditoria, texto) VALUES (69, 69, 'Entidade69', 69, '2015-03-28 20:20:20', '2015-04-28 20:20:20', '2019-04-28 20:20:20', 'Correu Tudo bem');
INSERT INTO Audita(idCoordenador, numMeio, nomeEntidade, numProcessoSocorro, datahoraInicio, datahoraFim, dataAuditoria, texto) VALUES (70, 70, 'Entidade70', 70, '2015-03-28 20:20:20', '2015-04-28 20:20:20', '2019-04-28 20:20:20', 'Correu Tudo bem');
INSERT INTO Audita(idCoordenador, numMeio, nomeEntidade, numProcessoSocorro, datahoraInicio, datahoraFim, dataAuditoria, texto) VALUES (71, 71, 'Entidade71', 71, '2015-03-28 20:20:20', '2015-04-28 20:20:20', '2019-04-28 20:20:20', 'Correu Tudo bem');
INSERT INTO Audita(idCoordenador, numMeio, nomeEntidade, numProcessoSocorro, datahoraInicio, datahoraFim, dataAuditoria, texto) VALUES (72, 72, 'Entidade72', 72, '2015-03-28 20:20:20', '2015-04-28 20:20:20', '2019-04-28 20:20:20', 'Correu Tudo bem');
INSERT INTO Audita(idCoordenador, numMeio, nomeEntidade, numProcessoSocorro, datahoraInicio, datahoraFim, dataAuditoria, texto) VALUES (73, 73, 'Entidade73', 73, '2015-03-28 20:20:20', '2015-04-28 20:20:20', '2019-04-28 20:20:20', 'Correu Tudo bem');
INSERT INTO Audita(idCoordenador, numMeio, nomeEntidade, numProcessoSocorro, datahoraInicio, datahoraFim, dataAuditoria, texto) VALUES (74, 74, 'Entidade74', 74, '2015-03-28 20:20:20', '2015-04-28 20:20:20', '2019-04-28 20:20:20', 'Correu Tudo bem');
INSERT INTO Audita(idCoordenador, numMeio, nomeEntidade, numProcessoSocorro, datahoraInicio, datahoraFim, dataAuditoria, texto) VALUES (75, 75, 'Entidade75', 75, '2015-03-28 20:20:20', '2015-04-28 20:20:20', '2019-04-28 20:20:20', 'Correu Tudo bem');
INSERT INTO Audita(idCoordenador, numMeio, nomeEntidade, numProcessoSocorro, datahoraInicio, datahoraFim, dataAuditoria, texto) VALUES (76, 76, 'Entidade76', 76, '2015-03-28 20:20:20', '2015-04-28 20:20:20', '2019-04-28 20:20:20', 'Correu Tudo bem');
INSERT INTO Audita(idCoordenador, numMeio, nomeEntidade, numProcessoSocorro, datahoraInicio, datahoraFim, dataAuditoria, texto) VALUES (77, 77, 'Entidade77', 77, '2015-03-28 20:20:20', '2015-04-28 20:20:20', '2019-04-28 20:20:20', 'Correu Tudo bem');
INSERT INTO Audita(idCoordenador, numMeio, nomeEntidade, numProcessoSocorro, datahoraInicio, datahoraFim, dataAuditoria, texto) VALUES (78, 78, 'Entidade78', 78, '2015-03-28 20:20:20', '2015-04-28 20:20:20', '2019-04-28 20:20:20', 'Correu Tudo bem');
INSERT INTO Audita(idCoordenador, numMeio, nomeEntidade, numProcessoSocorro, datahoraInicio, datahoraFim, dataAuditoria, texto) VALUES (79, 79, 'Entidade79', 79, '2015-03-28 20:20:20', '2015-04-28 20:20:20', '2019-04-28 20:20:20', 'Correu Tudo bem');
INSERT INTO Audita(idCoordenador, numMeio, nomeEntidade, numProcessoSocorro, datahoraInicio, datahoraFim, dataAuditoria, texto) VALUES (80, 80, 'Entidade80', 80, '2015-03-28 20:20:20', '2015-04-28 20:20:20', '2019-04-28 20:20:20', 'Correu Tudo bem');
INSERT INTO Audita(idCoordenador, numMeio, nomeEntidade, numProcessoSocorro, datahoraInicio, datahoraFim, dataAuditoria, texto) VALUES (81, 81, 'Entidade81', 81, '2015-03-28 20:20:20', '2015-04-28 20:20:20', '2019-04-28 20:20:20', 'Correu Tudo bem');
INSERT INTO Audita(idCoordenador, numMeio, nomeEntidade, numProcessoSocorro, datahoraInicio, datahoraFim, dataAuditoria, texto) VALUES (82, 82, 'Entidade82', 82, '2015-03-28 20:20:20', '2015-04-28 20:20:20', '2019-04-28 20:20:20', 'Correu Tudo bem');
INSERT INTO Audita(idCoordenador, numMeio, nomeEntidade, numProcessoSocorro, datahoraInicio, datahoraFim, dataAuditoria, texto) VALUES (83, 83, 'Entidade83', 83, '2015-03-28 20:20:20', '2015-04-28 20:20:20', '2019-04-28 20:20:20', 'Correu Tudo bem');
INSERT INTO Audita(idCoordenador, numMeio, nomeEntidade, numProcessoSocorro, datahoraInicio, datahoraFim, dataAuditoria, texto) VALUES (84, 84, 'Entidade84', 84, '2015-03-28 20:20:20', '2015-04-28 20:20:20', '2019-04-28 20:20:20', 'Correu Tudo bem');
INSERT INTO Audita(idCoordenador, numMeio, nomeEntidade, numProcessoSocorro, datahoraInicio, datahoraFim, dataAuditoria, texto) VALUES (85, 85, 'Entidade85', 85, '2015-03-28 20:20:20', '2015-04-28 20:20:20', '2019-04-28 20:20:20', 'Correu Tudo bem');
INSERT INTO Audita(idCoordenador, numMeio, nomeEntidade, numProcessoSocorro, datahoraInicio, datahoraFim, dataAuditoria, texto) VALUES (86, 86, 'Entidade86', 86, '2015-03-28 20:20:20', '2015-04-28 20:20:20', '2019-04-28 20:20:20', 'Correu Tudo bem');
INSERT INTO Audita(idCoordenador, numMeio, nomeEntidade, numProcessoSocorro, datahoraInicio, datahoraFim, dataAuditoria, texto) VALUES (87, 87, 'Entidade87', 87, '2015-03-28 20:20:20', '2015-04-28 20:20:20', '2019-04-28 20:20:20', 'Correu Tudo bem');
INSERT INTO Audita(idCoordenador, numMeio, nomeEntidade, numProcessoSocorro, datahoraInicio, datahoraFim, dataAuditoria, texto) VALUES (88, 88, 'Entidade88', 88, '2015-03-28 20:20:20', '2015-04-28 20:20:20', '2019-04-28 20:20:20', 'Correu Tudo bem');
INSERT INTO Audita(idCoordenador, numMeio, nomeEntidade, numProcessoSocorro, datahoraInicio, datahoraFim, dataAuditoria, texto) VALUES (89, 89, 'Entidade89', 89, '2015-03-28 20:20:20', '2015-04-28 20:20:20', '2019-04-28 20:20:20', 'Correu Tudo bem');
INSERT INTO Audita(idCoordenador, numMeio, nomeEntidade, numProcessoSocorro, datahoraInicio, datahoraFim, dataAuditoria, texto) VALUES (90, 90, 'Entidade90', 90, '2015-03-28 20:20:20', '2015-04-28 20:20:20', '2019-04-28 20:20:20', 'Correu Tudo bem');
INSERT INTO Audita(idCoordenador, numMeio, nomeEntidade, numProcessoSocorro, datahoraInicio, datahoraFim, dataAuditoria, texto) VALUES (91, 91, 'Entidade91', 91, '2015-03-28 20:20:20', '2015-04-28 20:20:20', '2019-04-28 20:20:20', 'Correu Tudo bem');
INSERT INTO Audita(idCoordenador, numMeio, nomeEntidade, numProcessoSocorro, datahoraInicio, datahoraFim, dataAuditoria, texto) VALUES (92, 92, 'Entidade92', 92, '2015-03-28 20:20:20', '2015-04-28 20:20:20', '2019-04-28 20:20:20', 'Correu Tudo bem');
INSERT INTO Audita(idCoordenador, numMeio, nomeEntidade, numProcessoSocorro, datahoraInicio, datahoraFim, dataAuditoria, texto) VALUES (93, 93, 'Entidade93', 93, '2015-03-28 20:20:20', '2015-04-28 20:20:20', '2019-04-28 20:20:20', 'Correu Tudo bem');
INSERT INTO Audita(idCoordenador, numMeio, nomeEntidade, numProcessoSocorro, datahoraInicio, datahoraFim, dataAuditoria, texto) VALUES (94, 94, 'Entidade94', 94, '2015-03-28 20:20:20', '2015-04-28 20:20:20', '2019-04-28 20:20:20', 'Correu Tudo bem');
INSERT INTO Audita(idCoordenador, numMeio, nomeEntidade, numProcessoSocorro, datahoraInicio, datahoraFim, dataAuditoria, texto) VALUES (95, 95, 'Entidade95', 95, '2015-03-28 20:20:20', '2015-04-28 20:20:20', '2019-04-28 20:20:20', 'Correu Tudo bem');
INSERT INTO Audita(idCoordenador, numMeio, nomeEntidade, numProcessoSocorro, datahoraInicio, datahoraFim, dataAuditoria, texto) VALUES (96, 96, 'Entidade96', 96, '2015-03-28 20:20:20', '2015-04-28 20:20:20', '2019-04-28 20:20:20', 'Correu Tudo bem');
INSERT INTO Audita(idCoordenador, numMeio, nomeEntidade, numProcessoSocorro, datahoraInicio, datahoraFim, dataAuditoria, texto) VALUES (97, 97, 'Entidade97', 97, '2015-03-28 20:20:20', '2015-04-28 20:20:20', '2019-04-28 20:20:20', 'Correu Tudo bem');
INSERT INTO Audita(idCoordenador, numMeio, nomeEntidade, numProcessoSocorro, datahoraInicio, datahoraFim, dataAuditoria, texto) VALUES (98, 98, 'Entidade98', 98, '2015-03-28 20:20:20', '2015-04-28 20:20:20', '2019-04-28 20:20:20', 'Correu Tudo bem');
INSERT INTO Audita(idCoordenador, numMeio, nomeEntidade, numProcessoSocorro, datahoraInicio, datahoraFim, dataAuditoria, texto) VALUES (99, 99, 'Entidade99', 99, '2015-03-28 20:20:20', '2015-04-28 20:20:20', '2019-04-28 20:20:20', 'Correu Tudo bem');
INSERT INTO Audita(idCoordenador, numMeio, nomeEntidade, numProcessoSocorro, datahoraInicio, datahoraFim, dataAuditoria, texto) VALUES (100, 100, 'Entidade100', 100, '2015-03-28 20:20:20', '2015-04-28 20:20:20', '2019-04-28 20:20:20', 'Correu Tudo bem');
INSERT INTO Camara(numCamara) VALUES (1);
INSERT INTO Camara(numCamara) VALUES (2);
INSERT INTO Camara(numCamara) VALUES (3);
INSERT INTO Camara(numCamara) VALUES (4);
INSERT INTO Camara(numCamara) VALUES (5);
INSERT INTO Camara(numCamara) VALUES (6);
INSERT INTO Camara(numCamara) VALUES (7);
INSERT INTO Camara(numCamara) VALUES (8);
INSERT INTO Camara(numCamara) VALUES (9);
INSERT INTO Camara(numCamara) VALUES (10);
INSERT INTO Camara(numCamara) VALUES (11);
INSERT INTO Camara(numCamara) VALUES (12);
INSERT INTO Camara(numCamara) VALUES (13);
INSERT INTO Camara(numCamara) VALUES (14);
INSERT INTO Camara(numCamara) VALUES (15);
INSERT INTO Camara(numCamara) VALUES (16);
INSERT INTO Camara(numCamara) VALUES (17);
INSERT INTO Camara(numCamara) VALUES (18);
INSERT INTO Camara(numCamara) VALUES (19);
INSERT INTO Camara(numCamara) VALUES (20);
INSERT INTO Camara(numCamara) VALUES (21);
INSERT INTO Camara(numCamara) VALUES (22);
INSERT INTO Camara(numCamara) VALUES (23);
INSERT INTO Camara(numCamara) VALUES (24);
INSERT INTO Camara(numCamara) VALUES (25);
INSERT INTO Camara(numCamara) VALUES (26);
INSERT INTO Camara(numCamara) VALUES (27);
INSERT INTO Camara(numCamara) VALUES (28);
INSERT INTO Camara(numCamara) VALUES (29);
INSERT INTO Camara(numCamara) VALUES (30);
INSERT INTO Camara(numCamara) VALUES (31);
INSERT INTO Camara(numCamara) VALUES (32);
INSERT INTO Camara(numCamara) VALUES (33);
INSERT INTO Camara(numCamara) VALUES (34);
INSERT INTO Camara(numCamara) VALUES (35);
INSERT INTO Camara(numCamara) VALUES (36);
INSERT INTO Camara(numCamara) VALUES (37);
INSERT INTO Camara(numCamara) VALUES (38);
INSERT INTO Camara(numCamara) VALUES (39);
INSERT INTO Camara(numCamara) VALUES (40);
INSERT INTO Camara(numCamara) VALUES (41);
INSERT INTO Camara(numCamara) VALUES (42);
INSERT INTO Camara(numCamara) VALUES (43);
INSERT INTO Camara(numCamara) VALUES (44);
INSERT INTO Camara(numCamara) VALUES (45);
INSERT INTO Camara(numCamara) VALUES (46);
INSERT INTO Camara(numCamara) VALUES (47);
INSERT INTO Camara(numCamara) VALUES (48);
INSERT INTO Camara(numCamara) VALUES (49);
INSERT INTO Camara(numCamara) VALUES (50);
INSERT INTO Camara(numCamara) VALUES (51);
INSERT INTO Camara(numCamara) VALUES (52);
INSERT INTO Camara(numCamara) VALUES (53);
INSERT INTO Camara(numCamara) VALUES (54);
INSERT INTO Camara(numCamara) VALUES (55);
INSERT INTO Camara(numCamara) VALUES (56);
INSERT INTO Camara(numCamara) VALUES (57);
INSERT INTO Camara(numCamara) VALUES (58);
INSERT INTO Camara(numCamara) VALUES (59);
INSERT INTO Camara(numCamara) VALUES (60);
INSERT INTO Camara(numCamara) VALUES (61);
INSERT INTO Camara(numCamara) VALUES (62);
INSERT INTO Camara(numCamara) VALUES (63);
INSERT INTO Camara(numCamara) VALUES (64);
INSERT INTO Camara(numCamara) VALUES (65);
INSERT INTO Camara(numCamara) VALUES (66);
INSERT INTO Camara(numCamara) VALUES (67);
INSERT INTO Camara(numCamara) VALUES (68);
INSERT INTO Camara(numCamara) VALUES (69);
INSERT INTO Camara(numCamara) VALUES (70);
INSERT INTO Camara(numCamara) VALUES (71);
INSERT INTO Camara(numCamara) VALUES (72);
INSERT INTO Camara(numCamara) VALUES (73);
INSERT INTO Camara(numCamara) VALUES (74);
INSERT INTO Camara(numCamara) VALUES (75);
INSERT INTO Camara(numCamara) VALUES (76);
INSERT INTO Camara(numCamara) VALUES (77);
INSERT INTO Camara(numCamara) VALUES (78);
INSERT INTO Camara(numCamara) VALUES (79);
INSERT INTO Camara(numCamara) VALUES (80);
INSERT INTO Camara(numCamara) VALUES (81);
INSERT INTO Camara(numCamara) VALUES (82);
INSERT INTO Camara(numCamara) VALUES (83);
INSERT INTO Camara(numCamara) VALUES (84);
INSERT INTO Camara(numCamara) VALUES (85);
INSERT INTO Camara(numCamara) VALUES (86);
INSERT INTO Camara(numCamara) VALUES (87);
INSERT INTO Camara(numCamara) VALUES (88);
INSERT INTO Camara(numCamara) VALUES (89);
INSERT INTO Camara(numCamara) VALUES (90);
INSERT INTO Camara(numCamara) VALUES (91);
INSERT INTO Camara(numCamara) VALUES (92);
INSERT INTO Camara(numCamara) VALUES (93);
INSERT INTO Camara(numCamara) VALUES (94);
INSERT INTO Camara(numCamara) VALUES (95);
INSERT INTO Camara(numCamara) VALUES (96);
INSERT INTO Camara(numCamara) VALUES (97);
INSERT INTO Camara(numCamara) VALUES (98);
INSERT INTO Camara(numCamara) VALUES (99);
INSERT INTO Camara(numCamara) VALUES (100);
INSERT INTO Video(dataHoraInicio, dataHoraFim, numCamara) VALUES ('2015-03-28 20:20:20', '2015-04-28 20:20:20', 1);
INSERT INTO Video(dataHoraInicio, dataHoraFim, numCamara) VALUES ('2015-03-28 20:20:20', '2015-04-28 20:20:20', 2);
INSERT INTO Video(dataHoraInicio, dataHoraFim, numCamara) VALUES ('2015-03-28 20:20:20', '2015-04-28 20:20:20', 3);
INSERT INTO Video(dataHoraInicio, dataHoraFim, numCamara) VALUES ('2015-03-28 20:20:20', '2015-04-28 20:20:20', 4);
INSERT INTO Video(dataHoraInicio, dataHoraFim, numCamara) VALUES ('2015-03-28 20:20:20', '2015-04-28 20:20:20', 5);
INSERT INTO Video(dataHoraInicio, dataHoraFim, numCamara) VALUES ('2015-03-28 20:20:20', '2015-04-28 20:20:20', 6);
INSERT INTO Video(dataHoraInicio, dataHoraFim, numCamara) VALUES ('2015-03-28 20:20:20', '2015-04-28 20:20:20', 7);
INSERT INTO Video(dataHoraInicio, dataHoraFim, numCamara) VALUES ('2015-03-28 20:20:20', '2015-04-28 20:20:20', 8);
INSERT INTO Video(dataHoraInicio, dataHoraFim, numCamara) VALUES ('2015-03-28 20:20:20', '2015-04-28 20:20:20', 9);
INSERT INTO Video(dataHoraInicio, dataHoraFim, numCamara) VALUES ('2015-03-28 20:20:20', '2015-04-28 20:20:20', 10);
INSERT INTO Video(dataHoraInicio, dataHoraFim, numCamara) VALUES ('2015-03-28 20:20:20', '2015-04-28 20:20:20', 11);
INSERT INTO Video(dataHoraInicio, dataHoraFim, numCamara) VALUES ('2015-03-28 20:20:20', '2015-04-28 20:20:20', 12);
INSERT INTO Video(dataHoraInicio, dataHoraFim, numCamara) VALUES ('2015-03-28 20:20:20', '2015-04-28 20:20:20', 13);
INSERT INTO Video(dataHoraInicio, dataHoraFim, numCamara) VALUES ('2015-03-28 20:20:20', '2015-04-28 20:20:20', 14);
INSERT INTO Video(dataHoraInicio, dataHoraFim, numCamara) VALUES ('2015-03-28 20:20:20', '2015-04-28 20:20:20', 15);
INSERT INTO Video(dataHoraInicio, dataHoraFim, numCamara) VALUES ('2015-03-28 20:20:20', '2015-04-28 20:20:20', 16);
INSERT INTO Video(dataHoraInicio, dataHoraFim, numCamara) VALUES ('2015-03-28 20:20:20', '2015-04-28 20:20:20', 17);
INSERT INTO Video(dataHoraInicio, dataHoraFim, numCamara) VALUES ('2015-03-28 20:20:20', '2015-04-28 20:20:20', 18);
INSERT INTO Video(dataHoraInicio, dataHoraFim, numCamara) VALUES ('2015-03-28 20:20:20', '2015-04-28 20:20:20', 19);
INSERT INTO Video(dataHoraInicio, dataHoraFim, numCamara) VALUES ('2015-03-28 20:20:20', '2015-04-28 20:20:20', 20);
INSERT INTO Video(dataHoraInicio, dataHoraFim, numCamara) VALUES ('2015-03-28 20:20:20', '2015-04-28 20:20:20', 21);
INSERT INTO Video(dataHoraInicio, dataHoraFim, numCamara) VALUES ('2015-03-28 20:20:20', '2015-04-28 20:20:20', 22);
INSERT INTO Video(dataHoraInicio, dataHoraFim, numCamara) VALUES ('2015-03-28 20:20:20', '2015-04-28 20:20:20', 23);
INSERT INTO Video(dataHoraInicio, dataHoraFim, numCamara) VALUES ('2015-03-28 20:20:20', '2015-04-28 20:20:20', 24);
INSERT INTO Video(dataHoraInicio, dataHoraFim, numCamara) VALUES ('2015-03-28 20:20:20', '2015-04-28 20:20:20', 25);
INSERT INTO Video(dataHoraInicio, dataHoraFim, numCamara) VALUES ('2015-03-28 20:20:20', '2015-04-28 20:20:20', 26);
INSERT INTO Video(dataHoraInicio, dataHoraFim, numCamara) VALUES ('2015-03-28 20:20:20', '2015-04-28 20:20:20', 27);
INSERT INTO Video(dataHoraInicio, dataHoraFim, numCamara) VALUES ('2015-03-28 20:20:20', '2015-04-28 20:20:20', 28);
INSERT INTO Video(dataHoraInicio, dataHoraFim, numCamara) VALUES ('2015-03-28 20:20:20', '2015-04-28 20:20:20', 29);
INSERT INTO Video(dataHoraInicio, dataHoraFim, numCamara) VALUES ('2015-03-28 20:20:20', '2015-04-28 20:20:20', 30);
INSERT INTO Video(dataHoraInicio, dataHoraFim, numCamara) VALUES ('2015-03-28 20:20:20', '2015-04-28 20:20:20', 31);
INSERT INTO Video(dataHoraInicio, dataHoraFim, numCamara) VALUES ('2015-03-28 20:20:20', '2015-04-28 20:20:20', 32);
INSERT INTO Video(dataHoraInicio, dataHoraFim, numCamara) VALUES ('2015-03-28 20:20:20', '2015-04-28 20:20:20', 33);
INSERT INTO Video(dataHoraInicio, dataHoraFim, numCamara) VALUES ('2015-03-28 20:20:20', '2015-04-28 20:20:20', 34);
INSERT INTO Video(dataHoraInicio, dataHoraFim, numCamara) VALUES ('2015-03-28 20:20:20', '2015-04-28 20:20:20', 35);
INSERT INTO Video(dataHoraInicio, dataHoraFim, numCamara) VALUES ('2015-03-28 20:20:20', '2015-04-28 20:20:20', 36);
INSERT INTO Video(dataHoraInicio, dataHoraFim, numCamara) VALUES ('2015-03-28 20:20:20', '2015-04-28 20:20:20', 37);
INSERT INTO Video(dataHoraInicio, dataHoraFim, numCamara) VALUES ('2015-03-28 20:20:20', '2015-04-28 20:20:20', 38);
INSERT INTO Video(dataHoraInicio, dataHoraFim, numCamara) VALUES ('2015-03-28 20:20:20', '2015-04-28 20:20:20', 39);
INSERT INTO Video(dataHoraInicio, dataHoraFim, numCamara) VALUES ('2015-03-28 20:20:20', '2015-04-28 20:20:20', 40);
INSERT INTO Video(dataHoraInicio, dataHoraFim, numCamara) VALUES ('2015-03-28 20:20:20', '2015-04-28 20:20:20', 41);
INSERT INTO Video(dataHoraInicio, dataHoraFim, numCamara) VALUES ('2015-03-28 20:20:20', '2015-04-28 20:20:20', 42);
INSERT INTO Video(dataHoraInicio, dataHoraFim, numCamara) VALUES ('2015-03-28 20:20:20', '2015-04-28 20:20:20', 43);
INSERT INTO Video(dataHoraInicio, dataHoraFim, numCamara) VALUES ('2015-03-28 20:20:20', '2015-04-28 20:20:20', 44);
INSERT INTO Video(dataHoraInicio, dataHoraFim, numCamara) VALUES ('2015-03-28 20:20:20', '2015-04-28 20:20:20', 45);
INSERT INTO Video(dataHoraInicio, dataHoraFim, numCamara) VALUES ('2015-03-28 20:20:20', '2015-04-28 20:20:20', 46);
INSERT INTO Video(dataHoraInicio, dataHoraFim, numCamara) VALUES ('2015-03-28 20:20:20', '2015-04-28 20:20:20', 47);
INSERT INTO Video(dataHoraInicio, dataHoraFim, numCamara) VALUES ('2015-03-28 20:20:20', '2015-04-28 20:20:20', 48);
INSERT INTO Video(dataHoraInicio, dataHoraFim, numCamara) VALUES ('2015-03-28 20:20:20', '2015-04-28 20:20:20', 49);
INSERT INTO Video(dataHoraInicio, dataHoraFim, numCamara) VALUES ('2015-03-28 20:20:20', '2015-04-28 20:20:20', 50);
INSERT INTO Video(dataHoraInicio, dataHoraFim, numCamara) VALUES ('2015-03-28 20:20:20', '2015-04-28 20:20:20', 51);
INSERT INTO Video(dataHoraInicio, dataHoraFim, numCamara) VALUES ('2015-03-28 20:20:20', '2015-04-28 20:20:20', 52);
INSERT INTO Video(dataHoraInicio, dataHoraFim, numCamara) VALUES ('2015-03-28 20:20:20', '2015-04-28 20:20:20', 53);
INSERT INTO Video(dataHoraInicio, dataHoraFim, numCamara) VALUES ('2015-03-28 20:20:20', '2015-04-28 20:20:20', 54);
INSERT INTO Video(dataHoraInicio, dataHoraFim, numCamara) VALUES ('2015-03-28 20:20:20', '2015-04-28 20:20:20', 55);
INSERT INTO Video(dataHoraInicio, dataHoraFim, numCamara) VALUES ('2015-03-28 20:20:20', '2015-04-28 20:20:20', 56);
INSERT INTO Video(dataHoraInicio, dataHoraFim, numCamara) VALUES ('2015-03-28 20:20:20', '2015-04-28 20:20:20', 57);
INSERT INTO Video(dataHoraInicio, dataHoraFim, numCamara) VALUES ('2015-03-28 20:20:20', '2015-04-28 20:20:20', 58);
INSERT INTO Video(dataHoraInicio, dataHoraFim, numCamara) VALUES ('2015-03-28 20:20:20', '2015-04-28 20:20:20', 59);
INSERT INTO Video(dataHoraInicio, dataHoraFim, numCamara) VALUES ('2015-03-28 20:20:20', '2015-04-28 20:20:20', 60);
INSERT INTO Video(dataHoraInicio, dataHoraFim, numCamara) VALUES ('2015-03-28 20:20:20', '2015-04-28 20:20:20', 61);
INSERT INTO Video(dataHoraInicio, dataHoraFim, numCamara) VALUES ('2015-03-28 20:20:20', '2015-04-28 20:20:20', 62);
INSERT INTO Video(dataHoraInicio, dataHoraFim, numCamara) VALUES ('2015-03-28 20:20:20', '2015-04-28 20:20:20', 63);
INSERT INTO Video(dataHoraInicio, dataHoraFim, numCamara) VALUES ('2015-03-28 20:20:20', '2015-04-28 20:20:20', 64);
INSERT INTO Video(dataHoraInicio, dataHoraFim, numCamara) VALUES ('2015-03-28 20:20:20', '2015-04-28 20:20:20', 65);
INSERT INTO Video(dataHoraInicio, dataHoraFim, numCamara) VALUES ('2015-03-28 20:20:20', '2015-04-28 20:20:20', 66);
INSERT INTO Video(dataHoraInicio, dataHoraFim, numCamara) VALUES ('2015-03-28 20:20:20', '2015-04-28 20:20:20', 67);
INSERT INTO Video(dataHoraInicio, dataHoraFim, numCamara) VALUES ('2015-03-28 20:20:20', '2015-04-28 20:20:20', 68);
INSERT INTO Video(dataHoraInicio, dataHoraFim, numCamara) VALUES ('2015-03-28 20:20:20', '2015-04-28 20:20:20', 69);
INSERT INTO Video(dataHoraInicio, dataHoraFim, numCamara) VALUES ('2015-03-28 20:20:20', '2015-04-28 20:20:20', 70);
INSERT INTO Video(dataHoraInicio, dataHoraFim, numCamara) VALUES ('2015-03-28 20:20:20', '2015-04-28 20:20:20', 71);
INSERT INTO Video(dataHoraInicio, dataHoraFim, numCamara) VALUES ('2015-03-28 20:20:20', '2015-04-28 20:20:20', 72);
INSERT INTO Video(dataHoraInicio, dataHoraFim, numCamara) VALUES ('2015-03-28 20:20:20', '2015-04-28 20:20:20', 73);
INSERT INTO Video(dataHoraInicio, dataHoraFim, numCamara) VALUES ('2015-03-28 20:20:20', '2015-04-28 20:20:20', 74);
INSERT INTO Video(dataHoraInicio, dataHoraFim, numCamara) VALUES ('2015-03-28 20:20:20', '2015-04-28 20:20:20', 75);
INSERT INTO Video(dataHoraInicio, dataHoraFim, numCamara) VALUES ('2015-03-28 20:20:20', '2015-04-28 20:20:20', 76);
INSERT INTO Video(dataHoraInicio, dataHoraFim, numCamara) VALUES ('2015-03-28 20:20:20', '2015-04-28 20:20:20', 77);
INSERT INTO Video(dataHoraInicio, dataHoraFim, numCamara) VALUES ('2015-03-28 20:20:20', '2015-04-28 20:20:20', 78);
INSERT INTO Video(dataHoraInicio, dataHoraFim, numCamara) VALUES ('2015-03-28 20:20:20', '2015-04-28 20:20:20', 79);
INSERT INTO Video(dataHoraInicio, dataHoraFim, numCamara) VALUES ('2015-03-28 20:20:20', '2015-04-28 20:20:20', 80);
INSERT INTO Video(dataHoraInicio, dataHoraFim, numCamara) VALUES ('2015-03-28 20:20:20', '2015-04-28 20:20:20', 81);
INSERT INTO Video(dataHoraInicio, dataHoraFim, numCamara) VALUES ('2015-03-28 20:20:20', '2015-04-28 20:20:20', 82);
INSERT INTO Video(dataHoraInicio, dataHoraFim, numCamara) VALUES ('2015-03-28 20:20:20', '2015-04-28 20:20:20', 83);
INSERT INTO Video(dataHoraInicio, dataHoraFim, numCamara) VALUES ('2015-03-28 20:20:20', '2015-04-28 20:20:20', 84);
INSERT INTO Video(dataHoraInicio, dataHoraFim, numCamara) VALUES ('2015-03-28 20:20:20', '2015-04-28 20:20:20', 85);
INSERT INTO Video(dataHoraInicio, dataHoraFim, numCamara) VALUES ('2015-03-28 20:20:20', '2015-04-28 20:20:20', 86);
INSERT INTO Video(dataHoraInicio, dataHoraFim, numCamara) VALUES ('2015-03-28 20:20:20', '2015-04-28 20:20:20', 87);
INSERT INTO Video(dataHoraInicio, dataHoraFim, numCamara) VALUES ('2015-03-28 20:20:20', '2015-04-28 20:20:20', 88);
INSERT INTO Video(dataHoraInicio, dataHoraFim, numCamara) VALUES ('2015-03-28 20:20:20', '2015-04-28 20:20:20', 89);
INSERT INTO Video(dataHoraInicio, dataHoraFim, numCamara) VALUES ('2015-03-28 20:20:20', '2015-04-28 20:20:20', 90);
INSERT INTO Video(dataHoraInicio, dataHoraFim, numCamara) VALUES ('2015-03-28 20:20:20', '2015-04-28 20:20:20', 91);
INSERT INTO Video(dataHoraInicio, dataHoraFim, numCamara) VALUES ('2015-03-28 20:20:20', '2015-04-28 20:20:20', 92);
INSERT INTO Video(dataHoraInicio, dataHoraFim, numCamara) VALUES ('2015-03-28 20:20:20', '2015-04-28 20:20:20', 93);
INSERT INTO Video(dataHoraInicio, dataHoraFim, numCamara) VALUES ('2015-03-28 20:20:20', '2015-04-28 20:20:20', 94);
INSERT INTO Video(dataHoraInicio, dataHoraFim, numCamara) VALUES ('2015-03-28 20:20:20', '2015-04-28 20:20:20', 95);
INSERT INTO Video(dataHoraInicio, dataHoraFim, numCamara) VALUES ('2015-03-28 20:20:20', '2015-04-28 20:20:20', 96);
INSERT INTO Video(dataHoraInicio, dataHoraFim, numCamara) VALUES ('2015-03-28 20:20:20', '2015-04-28 20:20:20', 97);
INSERT INTO Video(dataHoraInicio, dataHoraFim, numCamara) VALUES ('2015-03-28 20:20:20', '2015-04-28 20:20:20', 98);
INSERT INTO Video(dataHoraInicio, dataHoraFim, numCamara) VALUES ('2015-03-28 20:20:20', '2015-04-28 20:20:20', 99);
INSERT INTO Video(dataHoraInicio, dataHoraFim, numCamara) VALUES ('2015-03-28 20:20:20', '2015-04-28 20:20:20', 100);
INSERT INTO SegmentoVideo(numSegmento, duracao, dataHoraInicio, numCamara) VALUES (1, '00:00:59', '2015-03-28 20:20:20', 1);
INSERT INTO SegmentoVideo(numSegmento, duracao, dataHoraInicio, numCamara) VALUES (2, '00:00:59', '2015-03-28 20:20:20', 2);
INSERT INTO SegmentoVideo(numSegmento, duracao, dataHoraInicio, numCamara) VALUES (3, '00:00:59', '2015-03-28 20:20:20', 3);
INSERT INTO SegmentoVideo(numSegmento, duracao, dataHoraInicio, numCamara) VALUES (4, '00:00:59', '2015-03-28 20:20:20', 4);
INSERT INTO SegmentoVideo(numSegmento, duracao, dataHoraInicio, numCamara) VALUES (5, '00:00:59', '2015-03-28 20:20:20', 5);
INSERT INTO SegmentoVideo(numSegmento, duracao, dataHoraInicio, numCamara) VALUES (6, '00:00:59', '2015-03-28 20:20:20', 6);
INSERT INTO SegmentoVideo(numSegmento, duracao, dataHoraInicio, numCamara) VALUES (7, '00:00:59', '2015-03-28 20:20:20', 7);
INSERT INTO SegmentoVideo(numSegmento, duracao, dataHoraInicio, numCamara) VALUES (8, '00:00:59', '2015-03-28 20:20:20', 8);
INSERT INTO SegmentoVideo(numSegmento, duracao, dataHoraInicio, numCamara) VALUES (9, '00:00:59', '2015-03-28 20:20:20', 9);
INSERT INTO SegmentoVideo(numSegmento, duracao, dataHoraInicio, numCamara) VALUES (10, '00:00:59', '2015-03-28 20:20:20', 10);
INSERT INTO SegmentoVideo(numSegmento, duracao, dataHoraInicio, numCamara) VALUES (11, '00:00:59', '2015-03-28 20:20:20', 11);
INSERT INTO SegmentoVideo(numSegmento, duracao, dataHoraInicio, numCamara) VALUES (12, '00:00:59', '2015-03-28 20:20:20', 12);
INSERT INTO SegmentoVideo(numSegmento, duracao, dataHoraInicio, numCamara) VALUES (13, '00:00:59', '2015-03-28 20:20:20', 13);
INSERT INTO SegmentoVideo(numSegmento, duracao, dataHoraInicio, numCamara) VALUES (14, '00:00:59', '2015-03-28 20:20:20', 14);
INSERT INTO SegmentoVideo(numSegmento, duracao, dataHoraInicio, numCamara) VALUES (15, '00:00:59', '2015-03-28 20:20:20', 15);
INSERT INTO SegmentoVideo(numSegmento, duracao, dataHoraInicio, numCamara) VALUES (16, '00:00:59', '2015-03-28 20:20:20', 16);
INSERT INTO SegmentoVideo(numSegmento, duracao, dataHoraInicio, numCamara) VALUES (17, '00:00:59', '2015-03-28 20:20:20', 17);
INSERT INTO SegmentoVideo(numSegmento, duracao, dataHoraInicio, numCamara) VALUES (18, '00:00:59', '2015-03-28 20:20:20', 18);
INSERT INTO SegmentoVideo(numSegmento, duracao, dataHoraInicio, numCamara) VALUES (19, '00:00:59', '2015-03-28 20:20:20', 19);
INSERT INTO SegmentoVideo(numSegmento, duracao, dataHoraInicio, numCamara) VALUES (20, '00:00:59', '2015-03-28 20:20:20', 20);
INSERT INTO SegmentoVideo(numSegmento, duracao, dataHoraInicio, numCamara) VALUES (21, '00:00:59', '2015-03-28 20:20:20', 21);
INSERT INTO SegmentoVideo(numSegmento, duracao, dataHoraInicio, numCamara) VALUES (22, '00:00:59', '2015-03-28 20:20:20', 22);
INSERT INTO SegmentoVideo(numSegmento, duracao, dataHoraInicio, numCamara) VALUES (23, '00:00:59', '2015-03-28 20:20:20', 23);
INSERT INTO SegmentoVideo(numSegmento, duracao, dataHoraInicio, numCamara) VALUES (24, '00:00:59', '2015-03-28 20:20:20', 24);
INSERT INTO SegmentoVideo(numSegmento, duracao, dataHoraInicio, numCamara) VALUES (25, '00:00:59', '2015-03-28 20:20:20', 25);
INSERT INTO SegmentoVideo(numSegmento, duracao, dataHoraInicio, numCamara) VALUES (26, '00:00:59', '2015-03-28 20:20:20', 26);
INSERT INTO SegmentoVideo(numSegmento, duracao, dataHoraInicio, numCamara) VALUES (27, '00:00:59', '2015-03-28 20:20:20', 27);
INSERT INTO SegmentoVideo(numSegmento, duracao, dataHoraInicio, numCamara) VALUES (28, '00:00:59', '2015-03-28 20:20:20', 28);
INSERT INTO SegmentoVideo(numSegmento, duracao, dataHoraInicio, numCamara) VALUES (29, '00:00:59', '2015-03-28 20:20:20', 29);
INSERT INTO SegmentoVideo(numSegmento, duracao, dataHoraInicio, numCamara) VALUES (30, '00:00:59', '2015-03-28 20:20:20', 30);
INSERT INTO SegmentoVideo(numSegmento, duracao, dataHoraInicio, numCamara) VALUES (31, '00:00:59', '2015-03-28 20:20:20', 31);
INSERT INTO SegmentoVideo(numSegmento, duracao, dataHoraInicio, numCamara) VALUES (32, '00:00:59', '2015-03-28 20:20:20', 32);
INSERT INTO SegmentoVideo(numSegmento, duracao, dataHoraInicio, numCamara) VALUES (33, '00:00:59', '2015-03-28 20:20:20', 33);
INSERT INTO SegmentoVideo(numSegmento, duracao, dataHoraInicio, numCamara) VALUES (34, '00:00:59', '2015-03-28 20:20:20', 34);
INSERT INTO SegmentoVideo(numSegmento, duracao, dataHoraInicio, numCamara) VALUES (35, '00:00:59', '2015-03-28 20:20:20', 35);
INSERT INTO SegmentoVideo(numSegmento, duracao, dataHoraInicio, numCamara) VALUES (36, '00:00:59', '2015-03-28 20:20:20', 36);
INSERT INTO SegmentoVideo(numSegmento, duracao, dataHoraInicio, numCamara) VALUES (37, '00:00:59', '2015-03-28 20:20:20', 37);
INSERT INTO SegmentoVideo(numSegmento, duracao, dataHoraInicio, numCamara) VALUES (38, '00:00:59', '2015-03-28 20:20:20', 38);
INSERT INTO SegmentoVideo(numSegmento, duracao, dataHoraInicio, numCamara) VALUES (39, '00:00:59', '2015-03-28 20:20:20', 39);
INSERT INTO SegmentoVideo(numSegmento, duracao, dataHoraInicio, numCamara) VALUES (40, '00:00:59', '2015-03-28 20:20:20', 40);
INSERT INTO SegmentoVideo(numSegmento, duracao, dataHoraInicio, numCamara) VALUES (41, '00:00:59', '2015-03-28 20:20:20', 41);
INSERT INTO SegmentoVideo(numSegmento, duracao, dataHoraInicio, numCamara) VALUES (42, '00:00:59', '2015-03-28 20:20:20', 42);
INSERT INTO SegmentoVideo(numSegmento, duracao, dataHoraInicio, numCamara) VALUES (43, '00:00:59', '2015-03-28 20:20:20', 43);
INSERT INTO SegmentoVideo(numSegmento, duracao, dataHoraInicio, numCamara) VALUES (44, '00:00:59', '2015-03-28 20:20:20', 44);
INSERT INTO SegmentoVideo(numSegmento, duracao, dataHoraInicio, numCamara) VALUES (45, '00:00:59', '2015-03-28 20:20:20', 45);
INSERT INTO SegmentoVideo(numSegmento, duracao, dataHoraInicio, numCamara) VALUES (46, '00:00:59', '2015-03-28 20:20:20', 46);
INSERT INTO SegmentoVideo(numSegmento, duracao, dataHoraInicio, numCamara) VALUES (47, '00:00:59', '2015-03-28 20:20:20', 47);
INSERT INTO SegmentoVideo(numSegmento, duracao, dataHoraInicio, numCamara) VALUES (48, '00:00:59', '2015-03-28 20:20:20', 48);
INSERT INTO SegmentoVideo(numSegmento, duracao, dataHoraInicio, numCamara) VALUES (49, '00:00:59', '2015-03-28 20:20:20', 49);
INSERT INTO SegmentoVideo(numSegmento, duracao, dataHoraInicio, numCamara) VALUES (50, '00:00:59', '2015-03-28 20:20:20', 50);
INSERT INTO SegmentoVideo(numSegmento, duracao, dataHoraInicio, numCamara) VALUES (51, '00:00:59', '2015-03-28 20:20:20', 51);
INSERT INTO SegmentoVideo(numSegmento, duracao, dataHoraInicio, numCamara) VALUES (52, '00:00:59', '2015-03-28 20:20:20', 52);
INSERT INTO SegmentoVideo(numSegmento, duracao, dataHoraInicio, numCamara) VALUES (53, '00:00:59', '2015-03-28 20:20:20', 53);
INSERT INTO SegmentoVideo(numSegmento, duracao, dataHoraInicio, numCamara) VALUES (54, '00:00:59', '2015-03-28 20:20:20', 54);
INSERT INTO SegmentoVideo(numSegmento, duracao, dataHoraInicio, numCamara) VALUES (55, '00:00:59', '2015-03-28 20:20:20', 55);
INSERT INTO SegmentoVideo(numSegmento, duracao, dataHoraInicio, numCamara) VALUES (56, '00:00:59', '2015-03-28 20:20:20', 56);
INSERT INTO SegmentoVideo(numSegmento, duracao, dataHoraInicio, numCamara) VALUES (57, '00:00:59', '2015-03-28 20:20:20', 57);
INSERT INTO SegmentoVideo(numSegmento, duracao, dataHoraInicio, numCamara) VALUES (58, '00:00:59', '2015-03-28 20:20:20', 58);
INSERT INTO SegmentoVideo(numSegmento, duracao, dataHoraInicio, numCamara) VALUES (59, '00:00:59', '2015-03-28 20:20:20', 59);
INSERT INTO SegmentoVideo(numSegmento, duracao, dataHoraInicio, numCamara) VALUES (60, '00:00:59', '2015-03-28 20:20:20', 60);
INSERT INTO SegmentoVideo(numSegmento, duracao, dataHoraInicio, numCamara) VALUES (61, '00:00:59', '2015-03-28 20:20:20', 61);
INSERT INTO SegmentoVideo(numSegmento, duracao, dataHoraInicio, numCamara) VALUES (62, '00:00:59', '2015-03-28 20:20:20', 62);
INSERT INTO SegmentoVideo(numSegmento, duracao, dataHoraInicio, numCamara) VALUES (63, '00:00:59', '2015-03-28 20:20:20', 63);
INSERT INTO SegmentoVideo(numSegmento, duracao, dataHoraInicio, numCamara) VALUES (64, '00:00:59', '2015-03-28 20:20:20', 64);
INSERT INTO SegmentoVideo(numSegmento, duracao, dataHoraInicio, numCamara) VALUES (65, '00:00:59', '2015-03-28 20:20:20', 65);
INSERT INTO SegmentoVideo(numSegmento, duracao, dataHoraInicio, numCamara) VALUES (66, '00:00:59', '2015-03-28 20:20:20', 66);
INSERT INTO SegmentoVideo(numSegmento, duracao, dataHoraInicio, numCamara) VALUES (67, '00:00:59', '2015-03-28 20:20:20', 67);
INSERT INTO SegmentoVideo(numSegmento, duracao, dataHoraInicio, numCamara) VALUES (68, '00:00:59', '2015-03-28 20:20:20', 68);
INSERT INTO SegmentoVideo(numSegmento, duracao, dataHoraInicio, numCamara) VALUES (69, '00:00:59', '2015-03-28 20:20:20', 69);
INSERT INTO SegmentoVideo(numSegmento, duracao, dataHoraInicio, numCamara) VALUES (70, '00:00:59', '2015-03-28 20:20:20', 70);
INSERT INTO SegmentoVideo(numSegmento, duracao, dataHoraInicio, numCamara) VALUES (71, '00:00:59', '2015-03-28 20:20:20', 71);
INSERT INTO SegmentoVideo(numSegmento, duracao, dataHoraInicio, numCamara) VALUES (72, '00:00:59', '2015-03-28 20:20:20', 72);
INSERT INTO SegmentoVideo(numSegmento, duracao, dataHoraInicio, numCamara) VALUES (73, '00:00:59', '2015-03-28 20:20:20', 73);
INSERT INTO SegmentoVideo(numSegmento, duracao, dataHoraInicio, numCamara) VALUES (74, '00:00:59', '2015-03-28 20:20:20', 74);
INSERT INTO SegmentoVideo(numSegmento, duracao, dataHoraInicio, numCamara) VALUES (75, '00:00:59', '2015-03-28 20:20:20', 75);
INSERT INTO SegmentoVideo(numSegmento, duracao, dataHoraInicio, numCamara) VALUES (76, '00:00:59', '2015-03-28 20:20:20', 76);
INSERT INTO SegmentoVideo(numSegmento, duracao, dataHoraInicio, numCamara) VALUES (77, '00:00:59', '2015-03-28 20:20:20', 77);
INSERT INTO SegmentoVideo(numSegmento, duracao, dataHoraInicio, numCamara) VALUES (78, '00:00:59', '2015-03-28 20:20:20', 78);
INSERT INTO SegmentoVideo(numSegmento, duracao, dataHoraInicio, numCamara) VALUES (79, '00:00:59', '2015-03-28 20:20:20', 79);
INSERT INTO SegmentoVideo(numSegmento, duracao, dataHoraInicio, numCamara) VALUES (80, '00:00:59', '2015-03-28 20:20:20', 80);
INSERT INTO SegmentoVideo(numSegmento, duracao, dataHoraInicio, numCamara) VALUES (81, '00:00:59', '2015-03-28 20:20:20', 81);
INSERT INTO SegmentoVideo(numSegmento, duracao, dataHoraInicio, numCamara) VALUES (82, '00:00:59', '2015-03-28 20:20:20', 82);
INSERT INTO SegmentoVideo(numSegmento, duracao, dataHoraInicio, numCamara) VALUES (83, '00:00:59', '2015-03-28 20:20:20', 83);
INSERT INTO SegmentoVideo(numSegmento, duracao, dataHoraInicio, numCamara) VALUES (84, '00:00:59', '2015-03-28 20:20:20', 84);
INSERT INTO SegmentoVideo(numSegmento, duracao, dataHoraInicio, numCamara) VALUES (85, '00:00:59', '2015-03-28 20:20:20', 85);
INSERT INTO SegmentoVideo(numSegmento, duracao, dataHoraInicio, numCamara) VALUES (86, '00:00:59', '2015-03-28 20:20:20', 86);
INSERT INTO SegmentoVideo(numSegmento, duracao, dataHoraInicio, numCamara) VALUES (87, '00:00:59', '2015-03-28 20:20:20', 87);
INSERT INTO SegmentoVideo(numSegmento, duracao, dataHoraInicio, numCamara) VALUES (88, '00:00:59', '2015-03-28 20:20:20', 88);
INSERT INTO SegmentoVideo(numSegmento, duracao, dataHoraInicio, numCamara) VALUES (89, '00:00:59', '2015-03-28 20:20:20', 89);
INSERT INTO SegmentoVideo(numSegmento, duracao, dataHoraInicio, numCamara) VALUES (90, '00:00:59', '2015-03-28 20:20:20', 90);
INSERT INTO SegmentoVideo(numSegmento, duracao, dataHoraInicio, numCamara) VALUES (91, '00:00:59', '2015-03-28 20:20:20', 91);
INSERT INTO SegmentoVideo(numSegmento, duracao, dataHoraInicio, numCamara) VALUES (92, '00:00:59', '2015-03-28 20:20:20', 92);
INSERT INTO SegmentoVideo(numSegmento, duracao, dataHoraInicio, numCamara) VALUES (93, '00:00:59', '2015-03-28 20:20:20', 93);
INSERT INTO SegmentoVideo(numSegmento, duracao, dataHoraInicio, numCamara) VALUES (94, '00:00:59', '2015-03-28 20:20:20', 94);
INSERT INTO SegmentoVideo(numSegmento, duracao, dataHoraInicio, numCamara) VALUES (95, '00:00:59', '2015-03-28 20:20:20', 95);
INSERT INTO SegmentoVideo(numSegmento, duracao, dataHoraInicio, numCamara) VALUES (96, '00:00:59', '2015-03-28 20:20:20', 96);
INSERT INTO SegmentoVideo(numSegmento, duracao, dataHoraInicio, numCamara) VALUES (97, '00:00:59', '2015-03-28 20:20:20', 97);
INSERT INTO SegmentoVideo(numSegmento, duracao, dataHoraInicio, numCamara) VALUES (98, '00:00:59', '2015-03-28 20:20:20', 98);
INSERT INTO SegmentoVideo(numSegmento, duracao, dataHoraInicio, numCamara) VALUES (99, '00:00:59', '2015-03-28 20:20:20', 99);
INSERT INTO SegmentoVideo(numSegmento, duracao, dataHoraInicio, numCamara) VALUES (100, '00:00:59', '2015-03-28 20:20:20', 100);
INSERT INTO Vigia(moradaLocal, numCamara) VALUES ('Local1', 1);
INSERT INTO Vigia(moradaLocal, numCamara) VALUES ('Local2', 2);
INSERT INTO Vigia(moradaLocal, numCamara) VALUES ('Local3', 3);
INSERT INTO Vigia(moradaLocal, numCamara) VALUES ('Local4', 4);
INSERT INTO Vigia(moradaLocal, numCamara) VALUES ('Local5', 5);
INSERT INTO Vigia(moradaLocal, numCamara) VALUES ('Local6', 6);
INSERT INTO Vigia(moradaLocal, numCamara) VALUES ('Local7', 7);
INSERT INTO Vigia(moradaLocal, numCamara) VALUES ('Local8', 8);
INSERT INTO Vigia(moradaLocal, numCamara) VALUES ('Local9', 9);
INSERT INTO Vigia(moradaLocal, numCamara) VALUES ('Local10', 10);
INSERT INTO Vigia(moradaLocal, numCamara) VALUES ('Local11', 11);
INSERT INTO Vigia(moradaLocal, numCamara) VALUES ('Local12', 12);
INSERT INTO Vigia(moradaLocal, numCamara) VALUES ('Local13', 13);
INSERT INTO Vigia(moradaLocal, numCamara) VALUES ('Local14', 14);
INSERT INTO Vigia(moradaLocal, numCamara) VALUES ('Local15', 15);
INSERT INTO Vigia(moradaLocal, numCamara) VALUES ('Local16', 16);
INSERT INTO Vigia(moradaLocal, numCamara) VALUES ('Local17', 17);
INSERT INTO Vigia(moradaLocal, numCamara) VALUES ('Local18', 18);
INSERT INTO Vigia(moradaLocal, numCamara) VALUES ('Local19', 19);
INSERT INTO Vigia(moradaLocal, numCamara) VALUES ('Local20', 20);
INSERT INTO Vigia(moradaLocal, numCamara) VALUES ('Local21', 21);
INSERT INTO Vigia(moradaLocal, numCamara) VALUES ('Local22', 22);
INSERT INTO Vigia(moradaLocal, numCamara) VALUES ('Local23', 23);
INSERT INTO Vigia(moradaLocal, numCamara) VALUES ('Local24', 24);
INSERT INTO Vigia(moradaLocal, numCamara) VALUES ('Local25', 25);
INSERT INTO Vigia(moradaLocal, numCamara) VALUES ('Local26', 26);
INSERT INTO Vigia(moradaLocal, numCamara) VALUES ('Local27', 27);
INSERT INTO Vigia(moradaLocal, numCamara) VALUES ('Local28', 28);
INSERT INTO Vigia(moradaLocal, numCamara) VALUES ('Local29', 29);
INSERT INTO Vigia(moradaLocal, numCamara) VALUES ('Local30', 30);
INSERT INTO Vigia(moradaLocal, numCamara) VALUES ('Local31', 31);
INSERT INTO Vigia(moradaLocal, numCamara) VALUES ('Local32', 32);
INSERT INTO Vigia(moradaLocal, numCamara) VALUES ('Local33', 33);
INSERT INTO Vigia(moradaLocal, numCamara) VALUES ('Local34', 34);
INSERT INTO Vigia(moradaLocal, numCamara) VALUES ('Local35', 35);
INSERT INTO Vigia(moradaLocal, numCamara) VALUES ('Local36', 36);
INSERT INTO Vigia(moradaLocal, numCamara) VALUES ('Local37', 37);
INSERT INTO Vigia(moradaLocal, numCamara) VALUES ('Local38', 38);
INSERT INTO Vigia(moradaLocal, numCamara) VALUES ('Local39', 39);
INSERT INTO Vigia(moradaLocal, numCamara) VALUES ('Local40', 40);
INSERT INTO Vigia(moradaLocal, numCamara) VALUES ('Local41', 41);
INSERT INTO Vigia(moradaLocal, numCamara) VALUES ('Local42', 42);
INSERT INTO Vigia(moradaLocal, numCamara) VALUES ('Local43', 43);
INSERT INTO Vigia(moradaLocal, numCamara) VALUES ('Local44', 44);
INSERT INTO Vigia(moradaLocal, numCamara) VALUES ('Local45', 45);
INSERT INTO Vigia(moradaLocal, numCamara) VALUES ('Local46', 46);
INSERT INTO Vigia(moradaLocal, numCamara) VALUES ('Local47', 47);
INSERT INTO Vigia(moradaLocal, numCamara) VALUES ('Local48', 48);
INSERT INTO Vigia(moradaLocal, numCamara) VALUES ('Local49', 49);
INSERT INTO Vigia(moradaLocal, numCamara) VALUES ('Local50', 50);
INSERT INTO Vigia(moradaLocal, numCamara) VALUES ('Local51', 51);
INSERT INTO Vigia(moradaLocal, numCamara) VALUES ('Local52', 52);
INSERT INTO Vigia(moradaLocal, numCamara) VALUES ('Local53', 53);
INSERT INTO Vigia(moradaLocal, numCamara) VALUES ('Local54', 54);
INSERT INTO Vigia(moradaLocal, numCamara) VALUES ('Local55', 55);
INSERT INTO Vigia(moradaLocal, numCamara) VALUES ('Local56', 56);
INSERT INTO Vigia(moradaLocal, numCamara) VALUES ('Local57', 57);
INSERT INTO Vigia(moradaLocal, numCamara) VALUES ('Local58', 58);
INSERT INTO Vigia(moradaLocal, numCamara) VALUES ('Local59', 59);
INSERT INTO Vigia(moradaLocal, numCamara) VALUES ('Local60', 60);
INSERT INTO Vigia(moradaLocal, numCamara) VALUES ('Local61', 61);
INSERT INTO Vigia(moradaLocal, numCamara) VALUES ('Local62', 62);
INSERT INTO Vigia(moradaLocal, numCamara) VALUES ('Local63', 63);
INSERT INTO Vigia(moradaLocal, numCamara) VALUES ('Local64', 64);
INSERT INTO Vigia(moradaLocal, numCamara) VALUES ('Local65', 65);
INSERT INTO Vigia(moradaLocal, numCamara) VALUES ('Local66', 66);
INSERT INTO Vigia(moradaLocal, numCamara) VALUES ('Local67', 67);
INSERT INTO Vigia(moradaLocal, numCamara) VALUES ('Local68', 68);
INSERT INTO Vigia(moradaLocal, numCamara) VALUES ('Local69', 69);
INSERT INTO Vigia(moradaLocal, numCamara) VALUES ('Local70', 70);
INSERT INTO Vigia(moradaLocal, numCamara) VALUES ('Local71', 71);
INSERT INTO Vigia(moradaLocal, numCamara) VALUES ('Local72', 72);
INSERT INTO Vigia(moradaLocal, numCamara) VALUES ('Local73', 73);
INSERT INTO Vigia(moradaLocal, numCamara) VALUES ('Local74', 74);
INSERT INTO Vigia(moradaLocal, numCamara) VALUES ('Local75', 75);
INSERT INTO Vigia(moradaLocal, numCamara) VALUES ('Local76', 76);
INSERT INTO Vigia(moradaLocal, numCamara) VALUES ('Local77', 77);
INSERT INTO Vigia(moradaLocal, numCamara) VALUES ('Local78', 78);
INSERT INTO Vigia(moradaLocal, numCamara) VALUES ('Local79', 79);
INSERT INTO Vigia(moradaLocal, numCamara) VALUES ('Local80', 80);
INSERT INTO Vigia(moradaLocal, numCamara) VALUES ('Local81', 81);
INSERT INTO Vigia(moradaLocal, numCamara) VALUES ('Local82', 82);
INSERT INTO Vigia(moradaLocal, numCamara) VALUES ('Local83', 83);
INSERT INTO Vigia(moradaLocal, numCamara) VALUES ('Local84', 84);
INSERT INTO Vigia(moradaLocal, numCamara) VALUES ('Local85', 85);
INSERT INTO Vigia(moradaLocal, numCamara) VALUES ('Local86', 86);
INSERT INTO Vigia(moradaLocal, numCamara) VALUES ('Local87', 87);
INSERT INTO Vigia(moradaLocal, numCamara) VALUES ('Local88', 88);
INSERT INTO Vigia(moradaLocal, numCamara) VALUES ('Local89', 89);
INSERT INTO Vigia(moradaLocal, numCamara) VALUES ('Local90', 90);
INSERT INTO Vigia(moradaLocal, numCamara) VALUES ('Local91', 91);
INSERT INTO Vigia(moradaLocal, numCamara) VALUES ('Local92', 92);
INSERT INTO Vigia(moradaLocal, numCamara) VALUES ('Local93', 93);
INSERT INTO Vigia(moradaLocal, numCamara) VALUES ('Local94', 94);
INSERT INTO Vigia(moradaLocal, numCamara) VALUES ('Local95', 95);
INSERT INTO Vigia(moradaLocal, numCamara) VALUES ('Local96', 96);
INSERT INTO Vigia(moradaLocal, numCamara) VALUES ('Local97', 97);
INSERT INTO Vigia(moradaLocal, numCamara) VALUES ('Local98', 98);
INSERT INTO Vigia(moradaLocal, numCamara) VALUES ('Local99', 99);
INSERT INTO Vigia(moradaLocal, numCamara) VALUES ('Local100', 100);
INSERT INTO MeioCombate(numMeio, nomeEntidade) VALUES (1, 'Entidade1');
INSERT INTO MeioCombate(numMeio, nomeEntidade) VALUES (2, 'Entidade2');
INSERT INTO MeioCombate(numMeio, nomeEntidade) VALUES (3, 'Entidade3');
INSERT INTO MeioCombate(numMeio, nomeEntidade) VALUES (4, 'Entidade4');
INSERT INTO MeioCombate(numMeio, nomeEntidade) VALUES (5, 'Entidade5');
INSERT INTO MeioCombate(numMeio, nomeEntidade) VALUES (6, 'Entidade6');
INSERT INTO MeioCombate(numMeio, nomeEntidade) VALUES (7, 'Entidade7');
INSERT INTO MeioCombate(numMeio, nomeEntidade) VALUES (8, 'Entidade8');
INSERT INTO MeioCombate(numMeio, nomeEntidade) VALUES (9, 'Entidade9');
INSERT INTO MeioCombate(numMeio, nomeEntidade) VALUES (10, 'Entidade10');
INSERT INTO MeioCombate(numMeio, nomeEntidade) VALUES (11, 'Entidade11');
INSERT INTO MeioCombate(numMeio, nomeEntidade) VALUES (12, 'Entidade12');
INSERT INTO MeioCombate(numMeio, nomeEntidade) VALUES (13, 'Entidade13');
INSERT INTO MeioCombate(numMeio, nomeEntidade) VALUES (14, 'Entidade14');
INSERT INTO MeioCombate(numMeio, nomeEntidade) VALUES (15, 'Entidade15');
INSERT INTO MeioCombate(numMeio, nomeEntidade) VALUES (16, 'Entidade16');
INSERT INTO MeioCombate(numMeio, nomeEntidade) VALUES (17, 'Entidade17');
INSERT INTO MeioCombate(numMeio, nomeEntidade) VALUES (18, 'Entidade18');
INSERT INTO MeioCombate(numMeio, nomeEntidade) VALUES (19, 'Entidade19');
INSERT INTO MeioCombate(numMeio, nomeEntidade) VALUES (20, 'Entidade20');
INSERT INTO MeioCombate(numMeio, nomeEntidade) VALUES (21, 'Entidade21');
INSERT INTO MeioCombate(numMeio, nomeEntidade) VALUES (22, 'Entidade22');
INSERT INTO MeioCombate(numMeio, nomeEntidade) VALUES (23, 'Entidade23');
INSERT INTO MeioCombate(numMeio, nomeEntidade) VALUES (24, 'Entidade24');
INSERT INTO MeioCombate(numMeio, nomeEntidade) VALUES (25, 'Entidade25');
INSERT INTO MeioCombate(numMeio, nomeEntidade) VALUES (26, 'Entidade26');
INSERT INTO MeioCombate(numMeio, nomeEntidade) VALUES (27, 'Entidade27');
INSERT INTO MeioCombate(numMeio, nomeEntidade) VALUES (28, 'Entidade28');
INSERT INTO MeioCombate(numMeio, nomeEntidade) VALUES (29, 'Entidade29');
INSERT INTO MeioCombate(numMeio, nomeEntidade) VALUES (30, 'Entidade30');
INSERT INTO MeioCombate(numMeio, nomeEntidade) VALUES (31, 'Entidade31');
INSERT INTO MeioCombate(numMeio, nomeEntidade) VALUES (32, 'Entidade32');
INSERT INTO MeioSocorro(numMeio, nomeEntidade) VALUES (33, 'Entidade33');
INSERT INTO MeioSocorro(numMeio, nomeEntidade) VALUES (34, 'Entidade34');
INSERT INTO MeioSocorro(numMeio, nomeEntidade) VALUES (35, 'Entidade35');
INSERT INTO MeioSocorro(numMeio, nomeEntidade) VALUES (36, 'Entidade36');
INSERT INTO MeioSocorro(numMeio, nomeEntidade) VALUES (37, 'Entidade37');
INSERT INTO MeioSocorro(numMeio, nomeEntidade) VALUES (38, 'Entidade38');
INSERT INTO MeioSocorro(numMeio, nomeEntidade) VALUES (39, 'Entidade39');
INSERT INTO MeioSocorro(numMeio, nomeEntidade) VALUES (40, 'Entidade40');
INSERT INTO MeioSocorro(numMeio, nomeEntidade) VALUES (41, 'Entidade41');
INSERT INTO MeioSocorro(numMeio, nomeEntidade) VALUES (42, 'Entidade42');
INSERT INTO MeioSocorro(numMeio, nomeEntidade) VALUES (43, 'Entidade43');
INSERT INTO MeioSocorro(numMeio, nomeEntidade) VALUES (44, 'Entidade44');
INSERT INTO MeioSocorro(numMeio, nomeEntidade) VALUES (45, 'Entidade45');
INSERT INTO MeioSocorro(numMeio, nomeEntidade) VALUES (46, 'Entidade46');
INSERT INTO MeioSocorro(numMeio, nomeEntidade) VALUES (47, 'Entidade47');
INSERT INTO MeioSocorro(numMeio, nomeEntidade) VALUES (48, 'Entidade48');
INSERT INTO MeioSocorro(numMeio, nomeEntidade) VALUES (49, 'Entidade49');
INSERT INTO MeioSocorro(numMeio, nomeEntidade) VALUES (50, 'Entidade50');
INSERT INTO MeioSocorro(numMeio, nomeEntidade) VALUES (51, 'Entidade51');
INSERT INTO MeioSocorro(numMeio, nomeEntidade) VALUES (52, 'Entidade52');
INSERT INTO MeioSocorro(numMeio, nomeEntidade) VALUES (53, 'Entidade53');
INSERT INTO MeioSocorro(numMeio, nomeEntidade) VALUES (54, 'Entidade54');
INSERT INTO MeioSocorro(numMeio, nomeEntidade) VALUES (55, 'Entidade55');
INSERT INTO MeioSocorro(numMeio, nomeEntidade) VALUES (56, 'Entidade56');
INSERT INTO MeioSocorro(numMeio, nomeEntidade) VALUES (57, 'Entidade57');
INSERT INTO MeioSocorro(numMeio, nomeEntidade) VALUES (58, 'Entidade58');
INSERT INTO MeioSocorro(numMeio, nomeEntidade) VALUES (59, 'Entidade59');
INSERT INTO MeioSocorro(numMeio, nomeEntidade) VALUES (60, 'Entidade60');
INSERT INTO MeioSocorro(numMeio, nomeEntidade) VALUES (61, 'Entidade61');
INSERT INTO MeioSocorro(numMeio, nomeEntidade) VALUES (62, 'Entidade62');
INSERT INTO MeioSocorro(numMeio, nomeEntidade) VALUES (63, 'Entidade63');
INSERT INTO MeioSocorro(numMeio, nomeEntidade) VALUES (64, 'Entidade64');
INSERT INTO MeioSocorro(numMeio, nomeEntidade) VALUES (65, 'Entidade65');
INSERT INTO MeioSocorro(numMeio, nomeEntidade) VALUES (66, 'Entidade66');
INSERT INTO MeioApoio(numMeio, nomeEntidade) VALUES (67, 'Entidade67');
INSERT INTO MeioApoio(numMeio, nomeEntidade) VALUES (68, 'Entidade68');
INSERT INTO MeioApoio(numMeio, nomeEntidade) VALUES (69, 'Entidade69');
INSERT INTO MeioApoio(numMeio, nomeEntidade) VALUES (70, 'Entidade70');
INSERT INTO MeioApoio(numMeio, nomeEntidade) VALUES (71, 'Entidade71');
INSERT INTO MeioApoio(numMeio, nomeEntidade) VALUES (72, 'Entidade72');
INSERT INTO MeioApoio(numMeio, nomeEntidade) VALUES (73, 'Entidade73');
INSERT INTO MeioApoio(numMeio, nomeEntidade) VALUES (74, 'Entidade74');
INSERT INTO MeioApoio(numMeio, nomeEntidade) VALUES (75, 'Entidade75');
INSERT INTO MeioApoio(numMeio, nomeEntidade) VALUES (76, 'Entidade76');
INSERT INTO MeioApoio(numMeio, nomeEntidade) VALUES (77, 'Entidade77');
INSERT INTO MeioApoio(numMeio, nomeEntidade) VALUES (78, 'Entidade78');
INSERT INTO MeioApoio(numMeio, nomeEntidade) VALUES (79, 'Entidade79');
INSERT INTO MeioApoio(numMeio, nomeEntidade) VALUES (80, 'Entidade80');
INSERT INTO MeioApoio(numMeio, nomeEntidade) VALUES (81, 'Entidade81');
INSERT INTO MeioApoio(numMeio, nomeEntidade) VALUES (82, 'Entidade82');
INSERT INTO MeioApoio(numMeio, nomeEntidade) VALUES (83, 'Entidade83');
INSERT INTO MeioApoio(numMeio, nomeEntidade) VALUES (84, 'Entidade84');
INSERT INTO MeioApoio(numMeio, nomeEntidade) VALUES (85, 'Entidade85');
INSERT INTO MeioApoio(numMeio, nomeEntidade) VALUES (86, 'Entidade86');
INSERT INTO MeioApoio(numMeio, nomeEntidade) VALUES (87, 'Entidade87');
INSERT INTO MeioApoio(numMeio, nomeEntidade) VALUES (88, 'Entidade88');
INSERT INTO MeioApoio(numMeio, nomeEntidade) VALUES (89, 'Entidade89');
INSERT INTO MeioApoio(numMeio, nomeEntidade) VALUES (90, 'Entidade90');
INSERT INTO MeioApoio(numMeio, nomeEntidade) VALUES (91, 'Entidade91');
INSERT INTO MeioApoio(numMeio, nomeEntidade) VALUES (92, 'Entidade92');
INSERT INTO MeioApoio(numMeio, nomeEntidade) VALUES (93, 'Entidade93');
INSERT INTO MeioApoio(numMeio, nomeEntidade) VALUES (94, 'Entidade94');
INSERT INTO MeioApoio(numMeio, nomeEntidade) VALUES (95, 'Entidade95');
INSERT INTO MeioApoio(numMeio, nomeEntidade) VALUES (96, 'Entidade96');
INSERT INTO MeioApoio(numMeio, nomeEntidade) VALUES (97, 'Entidade97');
INSERT INTO MeioApoio(numMeio, nomeEntidade) VALUES (98, 'Entidade98');
INSERT INTO MeioApoio(numMeio, nomeEntidade) VALUES (99, 'Entidade99');
INSERT INTO MeioApoio(numMeio, nomeEntidade) VALUES (100, 'Entidade100');
